[{"config_id":1,"rank_min":1,"rank_max":1,"reward_id":10007,"title":"ランキング入賞","mail_word":"おめでとうございます、ランキング%d位に入賞しました。あなたのレストランが世界で一番人気のあるレストランです！"},{"config_id":2,"rank_min":2,"rank_max":3,"reward_id":10008,"title":"ランキング入賞","mail_word":"おめでとうございます、ランキング%d位に入賞しました。あなたのレストランは世界でも指折りのレストランです。最上位まで後一息!"},{"config_id":3,"rank_min":4,"rank_max":10,"reward_id":10009,"title":"ランキング入賞","mail_word":"おめでとうございます、ランキング%d位に入賞しました。あなたのレストランは世界中から客が来るレストランです。最上位まで後一息!"},{"config_id":4,"rank_min":11,"rank_max":50,"reward_id":10010,"title":"ランキング入賞","mail_word":"おめでとうございます、ランキング%d位に入賞しました。あなたのレストランは町でも評判なレストランですが、世界にはまだまだ上がいます。"},{"config_id":5,"rank_min":51,"rank_max":200,"reward_id":10011,"title":"ランキング入賞","mail_word":"おめでとうございます、ランキング%d位に入賞しました。あなたのレストランは人気がありますが、もっと上を目指せるポテンシャルがあります。"},{"config_id":6,"rank_min":201,"rank_max":1000,"reward_id":10012,"title":"ランキング入賞","mail_word":"おめでとうございます、ランキング%d位に入賞しました。"},{"config_id":7,"rank_min":1001,"rank_max":999999,"reward_id":10013,"title":"ランキング入賞","mail_word":"おめでとうございます、ランキング%d位に入賞しました。"}]