[{"config_id":1,"ad_type":1,"ad_name":"口コミ","ad_icon":1,"ad_desc":"客評価1UP(2時間)","ad_time":7200,"ad_effect":13,"ad_value":100,"rank_value1":0,"rank_value2":0,"rank_value3":0,"rank_value4":0,"rank_value5":0,"rank_value6":0,"rank_value7":0,"prop_id":9,"porp_num":60},{"config_id":2,"ad_type":1,"ad_name":"チラシ","ad_icon":2,"ad_desc":"客回転率20%UP(2時間)","ad_time":7200,"ad_effect":19,"ad_value":20,"rank_value1":0,"rank_value2":0,"rank_value3":0,"rank_value4":0,"rank_value5":0,"rank_value6":0,"rank_value7":0,"prop_id":9,"porp_num":75},{"config_id":4,"ad_type":2,"ad_name":"コンペ広告","ad_icon":3,"ad_desc":"売上20%+順位加算(1時間)","ad_time":3600,"ad_effect":15,"ad_value":20,"rank_value1":100,"rank_value2":80,"rank_value3":60,"rank_value4":40,"rank_value5":20,"rank_value6":10,"rank_value7":0,"prop_id":9,"porp_num":200}]