[{"customer_type_id":1,"environment_require":20,"environment_require_float":4,"comfort_require":34,"comfort_require_float":7,"wait_require":12,"wait_require_float":2,"color_require":60,"color_require_float":12,"smell_require":60,"smell_require_float":12,"taste_require":60,"taste_require_float":12,"quantity_require":60,"quantity_require_float":12,"shape_require":60,"shape_require_float":12},{"customer_type_id":2,"environment_require":22,"environment_require_float":5,"comfort_require":37,"comfort_require_float":8,"wait_require":13,"wait_require_float":2,"color_require":65,"color_require_float":13,"smell_require":65,"smell_require_float":13,"taste_require":65,"taste_require_float":13,"quantity_require":65,"quantity_require_float":13,"shape_require":65,"shape_require_float":13},{"customer_type_id":3,"environment_require":24,"environment_require_float":5,"comfort_require":40,"comfort_require_float":8,"wait_require":14,"wait_require_float":2,"color_require":70,"color_require_float":14,"smell_require":70,"smell_require_float":14,"taste_require":70,"taste_require_float":14,"quantity_require":70,"quantity_require_float":14,"shape_require":70,"shape_require_float":14},{"customer_type_id":4,"environment_require":26,"environment_require_float":6,"comfort_require":44,"comfort_require_float":9,"wait_require":15,"wait_require_float":3,"color_require":75,"color_require_float":15,"smell_require":75,"smell_require_float":15,"taste_require":75,"taste_require_float":15,"quantity_require":75,"quantity_require_float":15,"shape_require":75,"shape_require_float":15},{"customer_type_id":5,"environment_require":28,"environment_require_float":6,"comfort_require":47,"comfort_require_float":10,"wait_require":16,"wait_require_float":3,"color_require":80,"color_require_float":16,"smell_require":80,"smell_require_float":16,"taste_require":80,"taste_require_float":16,"quantity_require":80,"quantity_require_float":16,"shape_require":80,"shape_require_float":16},{"customer_type_id":6,"environment_require":28,"environment_require_float":6,"comfort_require":47,"comfort_require_float":10,"wait_require":13,"wait_require_float":2,"color_require":70,"color_require_float":14,"smell_require":70,"smell_require_float":14,"taste_require":70,"taste_require_float":14,"quantity_require":70,"quantity_require_float":14,"shape_require":70,"shape_require_float":14},{"customer_type_id":7,"environment_require":30,"environment_require_float":6,"comfort_require":50,"comfort_require_float":10,"wait_require":14,"wait_require_float":2,"color_require":75,"color_require_float":15,"smell_require":75,"smell_require_float":15,"taste_require":75,"taste_require_float":15,"quantity_require":75,"quantity_require_float":15,"shape_require":75,"shape_require_float":15},{"customer_type_id":8,"environment_require":32,"environment_require_float":7,"comfort_require":54,"comfort_require_float":11,"wait_require":15,"wait_require_float":3,"color_require":75,"color_require_float":15,"smell_require":75,"smell_require_float":15,"taste_require":75,"taste_require_float":15,"quantity_require":75,"quantity_require_float":15,"shape_require":75,"shape_require_float":15},{"customer_type_id":9,"environment_require":34,"environment_require_float":7,"comfort_require":57,"comfort_require_float":12,"wait_require":16,"wait_require_float":3,"color_require":80,"color_require_float":16,"smell_require":80,"smell_require_float":16,"taste_require":80,"taste_require_float":16,"quantity_require":80,"quantity_require_float":16,"shape_require":80,"shape_require_float":16},{"customer_type_id":10,"environment_require":36,"environment_require_float":8,"comfort_require":60,"comfort_require_float":12,"wait_require":17,"wait_require_float":3,"color_require":85,"color_require_float":17,"smell_require":85,"smell_require_float":17,"taste_require":85,"taste_require_float":17,"quantity_require":85,"quantity_require_float":17,"shape_require":85,"shape_require_float":17},{"customer_type_id":11,"environment_require":36,"environment_require_float":8,"comfort_require":60,"comfort_require_float":12,"wait_require":14,"wait_require_float":2,"color_require":75,"color_require_float":15,"smell_require":75,"smell_require_float":15,"taste_require":75,"taste_require_float":15,"quantity_require":75,"quantity_require_float":15,"shape_require":75,"shape_require_float":15},{"customer_type_id":12,"environment_require":38,"environment_require_float":8,"comfort_require":64,"comfort_require_float":13,"wait_require":15,"wait_require_float":3,"color_require":80,"color_require_float":16,"smell_require":80,"smell_require_float":16,"taste_require":80,"taste_require_float":16,"quantity_require":80,"quantity_require_float":16,"shape_require":80,"shape_require_float":16},{"customer_type_id":13,"environment_require":40,"environment_require_float":8,"comfort_require":67,"comfort_require_float":14,"wait_require":16,"wait_require_float":3,"color_require":80,"color_require_float":16,"smell_require":80,"smell_require_float":16,"taste_require":80,"taste_require_float":16,"quantity_require":80,"quantity_require_float":16,"shape_require":80,"shape_require_float":16},{"customer_type_id":14,"environment_require":42,"environment_require_float":9,"comfort_require":70,"comfort_require_float":14,"wait_require":17,"wait_require_float":3,"color_require":85,"color_require_float":17,"smell_require":85,"smell_require_float":17,"taste_require":85,"taste_require_float":17,"quantity_require":85,"quantity_require_float":17,"shape_require":85,"shape_require_float":17},{"customer_type_id":15,"environment_require":44,"environment_require_float":9,"comfort_require":74,"comfort_require_float":15,"wait_require":18,"wait_require_float":3,"color_require":90,"color_require_float":18,"smell_require":90,"smell_require_float":18,"taste_require":90,"taste_require_float":18,"quantity_require":90,"quantity_require_float":18,"shape_require":90,"shape_require_float":18},{"customer_type_id":16,"environment_require":44,"environment_require_float":9,"comfort_require":74,"comfort_require_float":15,"wait_require":15,"wait_require_float":3,"color_require":80,"color_require_float":16,"smell_require":80,"smell_require_float":16,"taste_require":80,"taste_require_float":16,"quantity_require":80,"quantity_require_float":16,"shape_require":80,"shape_require_float":16},{"customer_type_id":17,"environment_require":46,"environment_require_float":10,"comfort_require":77,"comfort_require_float":16,"wait_require":16,"wait_require_float":3,"color_require":85,"color_require_float":17,"smell_require":85,"smell_require_float":17,"taste_require":85,"taste_require_float":17,"quantity_require":85,"quantity_require_float":17,"shape_require":85,"shape_require_float":17},{"customer_type_id":18,"environment_require":48,"environment_require_float":10,"comfort_require":80,"comfort_require_float":16,"wait_require":17,"wait_require_float":3,"color_require":90,"color_require_float":18,"smell_require":90,"smell_require_float":18,"taste_require":90,"taste_require_float":18,"quantity_require":90,"quantity_require_float":18,"shape_require":90,"shape_require_float":18},{"customer_type_id":19,"environment_require":50,"environment_require_float":10,"comfort_require":84,"comfort_require_float":17,"wait_require":18,"wait_require_float":3,"color_require":95,"color_require_float":19,"smell_require":95,"smell_require_float":19,"taste_require":95,"taste_require_float":19,"quantity_require":95,"quantity_require_float":19,"shape_require":95,"shape_require_float":19},{"customer_type_id":20,"environment_require":52,"environment_require_float":11,"comfort_require":87,"comfort_require_float":18,"wait_require":19,"wait_require_float":3,"color_require":100,"color_require_float":20,"smell_require":100,"smell_require_float":20,"taste_require":100,"taste_require_float":20,"quantity_require":100,"quantity_require_float":20,"shape_require":100,"shape_require_float":20},{"customer_type_id":21,"environment_require":52,"environment_require_float":11,"comfort_require":87,"comfort_require_float":18,"wait_require":16,"wait_require_float":3,"color_require":85,"color_require_float":17,"smell_require":85,"smell_require_float":17,"taste_require":85,"taste_require_float":17,"quantity_require":85,"quantity_require_float":17,"shape_require":85,"shape_require_float":17},{"customer_type_id":22,"environment_require":54,"environment_require_float":11,"comfort_require":90,"comfort_require_float":18,"wait_require":17,"wait_require_float":3,"color_require":90,"color_require_float":18,"smell_require":90,"smell_require_float":18,"taste_require":90,"taste_require_float":18,"quantity_require":90,"quantity_require_float":18,"shape_require":90,"shape_require_float":18},{"customer_type_id":23,"environment_require":56,"environment_require_float":12,"comfort_require":94,"comfort_require_float":19,"wait_require":18,"wait_require_float":3,"color_require":95,"color_require_float":19,"smell_require":95,"smell_require_float":19,"taste_require":95,"taste_require_float":19,"quantity_require":95,"quantity_require_float":19,"shape_require":95,"shape_require_float":19},{"customer_type_id":24,"environment_require":58,"environment_require_float":12,"comfort_require":97,"comfort_require_float":20,"wait_require":19,"wait_require_float":3,"color_require":100,"color_require_float":20,"smell_require":100,"smell_require_float":20,"taste_require":100,"taste_require_float":20,"quantity_require":100,"quantity_require_float":20,"shape_require":100,"shape_require_float":20},{"customer_type_id":25,"environment_require":60,"environment_require_float":12,"comfort_require":100,"comfort_require_float":20,"wait_require":20,"wait_require_float":4,"color_require":105,"color_require_float":21,"smell_require":105,"smell_require_float":21,"taste_require":105,"taste_require_float":21,"quantity_require":105,"quantity_require_float":21,"shape_require":105,"shape_require_float":21},{"customer_type_id":26,"environment_require":70,"environment_require_float":14,"comfort_require":117,"comfort_require_float":24,"wait_require":17,"wait_require_float":3,"color_require":90,"color_require_float":18,"smell_require":90,"smell_require_float":18,"taste_require":90,"taste_require_float":18,"quantity_require":90,"quantity_require_float":18,"shape_require":90,"shape_require_float":18},{"customer_type_id":27,"environment_require":72,"environment_require_float":15,"comfort_require":120,"comfort_require_float":24,"wait_require":18,"wait_require_float":3,"color_require":95,"color_require_float":19,"smell_require":95,"smell_require_float":19,"taste_require":95,"taste_require_float":19,"quantity_require":95,"quantity_require_float":19,"shape_require":95,"shape_require_float":19},{"customer_type_id":28,"environment_require":74,"environment_require_float":15,"comfort_require":124,"comfort_require_float":25,"wait_require":19,"wait_require_float":3,"color_require":100,"color_require_float":20,"smell_require":100,"smell_require_float":20,"taste_require":100,"taste_require_float":20,"quantity_require":100,"quantity_require_float":20,"shape_require":100,"shape_require_float":20},{"customer_type_id":29,"environment_require":76,"environment_require_float":16,"comfort_require":127,"comfort_require_float":26,"wait_require":20,"wait_require_float":4,"color_require":105,"color_require_float":21,"smell_require":105,"smell_require_float":21,"taste_require":105,"taste_require_float":21,"quantity_require":105,"quantity_require_float":21,"shape_require":105,"shape_require_float":21},{"customer_type_id":30,"environment_require":78,"environment_require_float":16,"comfort_require":130,"comfort_require_float":26,"wait_require":21,"wait_require_float":4,"color_require":110,"color_require_float":22,"smell_require":110,"smell_require_float":22,"taste_require":110,"taste_require_float":22,"quantity_require":110,"quantity_require_float":22,"shape_require":110,"shape_require_float":22},{"customer_type_id":31,"environment_require":85,"environment_require_float":17,"comfort_require":142,"comfort_require_float":29,"wait_require":18,"wait_require_float":3,"color_require":100,"color_require_float":20,"smell_require":100,"smell_require_float":20,"taste_require":100,"taste_require_float":20,"quantity_require":100,"quantity_require_float":20,"shape_require":100,"shape_require_float":20},{"customer_type_id":32,"environment_require":87,"environment_require_float":18,"comfort_require":145,"comfort_require_float":29,"wait_require":19,"wait_require_float":3,"color_require":105,"color_require_float":21,"smell_require":105,"smell_require_float":21,"taste_require":105,"taste_require_float":21,"quantity_require":105,"quantity_require_float":21,"shape_require":105,"shape_require_float":21},{"customer_type_id":33,"environment_require":89,"environment_require_float":18,"comfort_require":149,"comfort_require_float":30,"wait_require":20,"wait_require_float":4,"color_require":110,"color_require_float":22,"smell_require":110,"smell_require_float":22,"taste_require":110,"taste_require_float":22,"quantity_require":110,"quantity_require_float":22,"shape_require":110,"shape_require_float":22},{"customer_type_id":34,"environment_require":91,"environment_require_float":19,"comfort_require":152,"comfort_require_float":31,"wait_require":21,"wait_require_float":4,"color_require":115,"color_require_float":23,"smell_require":115,"smell_require_float":23,"taste_require":115,"taste_require_float":23,"quantity_require":115,"quantity_require_float":23,"shape_require":115,"shape_require_float":23},{"customer_type_id":35,"environment_require":93,"environment_require_float":19,"comfort_require":155,"comfort_require_float":31,"wait_require":22,"wait_require_float":4,"color_require":120,"color_require_float":24,"smell_require":120,"smell_require_float":24,"taste_require":120,"taste_require_float":24,"quantity_require":120,"quantity_require_float":24,"shape_require":120,"shape_require_float":24},{"customer_type_id":36,"environment_require":100,"environment_require_float":20,"comfort_require":167,"comfort_require_float":34,"wait_require":20,"wait_require_float":4,"color_require":110,"color_require_float":22,"smell_require":110,"smell_require_float":22,"taste_require":110,"taste_require_float":22,"quantity_require":110,"quantity_require_float":22,"shape_require":110,"shape_require_float":22},{"customer_type_id":37,"environment_require":102,"environment_require_float":21,"comfort_require":170,"comfort_require_float":34,"wait_require":21,"wait_require_float":4,"color_require":115,"color_require_float":23,"smell_require":115,"smell_require_float":23,"taste_require":115,"taste_require_float":23,"quantity_require":115,"quantity_require_float":23,"shape_require":115,"shape_require_float":23},{"customer_type_id":38,"environment_require":104,"environment_require_float":21,"comfort_require":174,"comfort_require_float":35,"wait_require":22,"wait_require_float":4,"color_require":120,"color_require_float":24,"smell_require":120,"smell_require_float":24,"taste_require":120,"taste_require_float":24,"quantity_require":120,"quantity_require_float":24,"shape_require":120,"shape_require_float":24},{"customer_type_id":39,"environment_require":106,"environment_require_float":22,"comfort_require":177,"comfort_require_float":36,"wait_require":23,"wait_require_float":4,"color_require":125,"color_require_float":25,"smell_require":125,"smell_require_float":25,"taste_require":125,"taste_require_float":25,"quantity_require":125,"quantity_require_float":25,"shape_require":125,"shape_require_float":25},{"customer_type_id":40,"environment_require":108,"environment_require_float":22,"comfort_require":180,"comfort_require_float":36,"wait_require":24,"wait_require_float":4,"color_require":130,"color_require_float":26,"smell_require":130,"smell_require_float":26,"taste_require":130,"taste_require_float":26,"quantity_require":130,"quantity_require_float":26,"shape_require":130,"shape_require_float":26},{"customer_type_id":41,"environment_require":120,"environment_require_float":24,"comfort_require":200,"comfort_require_float":40,"wait_require":22,"wait_require_float":4,"color_require":120,"color_require_float":24,"smell_require":120,"smell_require_float":24,"taste_require":120,"taste_require_float":24,"quantity_require":120,"quantity_require_float":24,"shape_require":120,"shape_require_float":24},{"customer_type_id":42,"environment_require":125,"environment_require_float":25,"comfort_require":209,"comfort_require_float":42,"wait_require":23,"wait_require_float":4,"color_require":125,"color_require_float":25,"smell_require":125,"smell_require_float":25,"taste_require":125,"taste_require_float":25,"quantity_require":125,"quantity_require_float":25,"shape_require":125,"shape_require_float":25},{"customer_type_id":43,"environment_require":130,"environment_require_float":26,"comfort_require":217,"comfort_require_float":44,"wait_require":24,"wait_require_float":4,"color_require":130,"color_require_float":26,"smell_require":130,"smell_require_float":26,"taste_require":130,"taste_require_float":26,"quantity_require":130,"quantity_require_float":26,"shape_require":130,"shape_require_float":26},{"customer_type_id":44,"environment_require":135,"environment_require_float":27,"comfort_require":225,"comfort_require_float":45,"wait_require":25,"wait_require_float":5,"color_require":135,"color_require_float":27,"smell_require":135,"smell_require_float":27,"taste_require":135,"taste_require_float":27,"quantity_require":135,"quantity_require_float":27,"shape_require":135,"shape_require_float":27},{"customer_type_id":45,"environment_require":140,"environment_require_float":28,"comfort_require":234,"comfort_require_float":47,"wait_require":26,"wait_require_float":5,"color_require":140,"color_require_float":28,"smell_require":140,"smell_require_float":28,"taste_require":140,"taste_require_float":28,"quantity_require":140,"quantity_require_float":28,"shape_require":140,"shape_require_float":28},{"customer_type_id":46,"environment_require":140,"environment_require_float":28,"comfort_require":234,"comfort_require_float":47,"wait_require":24,"wait_require_float":4,"color_require":130,"color_require_float":26,"smell_require":130,"smell_require_float":26,"taste_require":130,"taste_require_float":26,"quantity_require":130,"quantity_require_float":26,"shape_require":130,"shape_require_float":26},{"customer_type_id":47,"environment_require":145,"environment_require_float":29,"comfort_require":242,"comfort_require_float":49,"wait_require":25,"wait_require_float":5,"color_require":135,"color_require_float":27,"smell_require":135,"smell_require_float":27,"taste_require":135,"taste_require_float":27,"quantity_require":135,"quantity_require_float":27,"shape_require":135,"shape_require_float":27},{"customer_type_id":48,"environment_require":150,"environment_require_float":30,"comfort_require":250,"comfort_require_float":50,"wait_require":26,"wait_require_float":5,"color_require":140,"color_require_float":28,"smell_require":140,"smell_require_float":28,"taste_require":140,"taste_require_float":28,"quantity_require":140,"quantity_require_float":28,"shape_require":140,"shape_require_float":28},{"customer_type_id":49,"environment_require":155,"environment_require_float":31,"comfort_require":259,"comfort_require_float":52,"wait_require":27,"wait_require_float":5,"color_require":145,"color_require_float":29,"smell_require":145,"smell_require_float":29,"taste_require":145,"taste_require_float":29,"quantity_require":145,"quantity_require_float":29,"shape_require":145,"shape_require_float":29},{"customer_type_id":50,"environment_require":160,"environment_require_float":32,"comfort_require":267,"comfort_require_float":54,"wait_require":28,"wait_require_float":5,"color_require":150,"color_require_float":30,"smell_require":150,"smell_require_float":30,"taste_require":150,"taste_require_float":30,"quantity_require":150,"quantity_require_float":30,"shape_require":150,"shape_require_float":30},{"customer_type_id":51,"environment_require":160,"environment_require_float":32,"comfort_require":267,"comfort_require_float":54,"wait_require":26,"wait_require_float":5,"color_require":140,"color_require_float":28,"smell_require":140,"smell_require_float":28,"taste_require":140,"taste_require_float":28,"quantity_require":140,"quantity_require_float":28,"shape_require":140,"shape_require_float":28},{"customer_type_id":52,"environment_require":165,"environment_require_float":33,"comfort_require":275,"comfort_require_float":55,"wait_require":27,"wait_require_float":5,"color_require":145,"color_require_float":29,"smell_require":145,"smell_require_float":29,"taste_require":145,"taste_require_float":29,"quantity_require":145,"quantity_require_float":29,"shape_require":145,"shape_require_float":29},{"customer_type_id":53,"environment_require":170,"environment_require_float":34,"comfort_require":284,"comfort_require_float":57,"wait_require":28,"wait_require_float":5,"color_require":150,"color_require_float":30,"smell_require":150,"smell_require_float":30,"taste_require":150,"taste_require_float":30,"quantity_require":150,"quantity_require_float":30,"shape_require":150,"shape_require_float":30},{"customer_type_id":54,"environment_require":175,"environment_require_float":35,"comfort_require":292,"comfort_require_float":59,"wait_require":29,"wait_require_float":5,"color_require":155,"color_require_float":31,"smell_require":155,"smell_require_float":31,"taste_require":155,"taste_require_float":31,"quantity_require":155,"quantity_require_float":31,"shape_require":155,"shape_require_float":31},{"customer_type_id":55,"environment_require":180,"environment_require_float":36,"comfort_require":300,"comfort_require_float":60,"wait_require":30,"wait_require_float":6,"color_require":160,"color_require_float":32,"smell_require":160,"smell_require_float":32,"taste_require":160,"taste_require_float":32,"quantity_require":160,"quantity_require_float":32,"shape_require":160,"shape_require_float":32},{"customer_type_id":56,"environment_require":180,"environment_require_float":36,"comfort_require":300,"comfort_require_float":60,"wait_require":28,"wait_require_float":5,"color_require":150,"color_require_float":30,"smell_require":150,"smell_require_float":30,"taste_require":150,"taste_require_float":30,"quantity_require":150,"quantity_require_float":30,"shape_require":150,"shape_require_float":30},{"customer_type_id":57,"environment_require":185,"environment_require_float":37,"comfort_require":309,"comfort_require_float":62,"wait_require":29,"wait_require_float":5,"color_require":155,"color_require_float":31,"smell_require":155,"smell_require_float":31,"taste_require":155,"taste_require_float":31,"quantity_require":155,"quantity_require_float":31,"shape_require":155,"shape_require_float":31},{"customer_type_id":58,"environment_require":190,"environment_require_float":38,"comfort_require":317,"comfort_require_float":64,"wait_require":30,"wait_require_float":6,"color_require":160,"color_require_float":32,"smell_require":160,"smell_require_float":32,"taste_require":160,"taste_require_float":32,"quantity_require":160,"quantity_require_float":32,"shape_require":160,"shape_require_float":32},{"customer_type_id":59,"environment_require":195,"environment_require_float":39,"comfort_require":325,"comfort_require_float":65,"wait_require":31,"wait_require_float":6,"color_require":165,"color_require_float":33,"smell_require":165,"smell_require_float":33,"taste_require":165,"taste_require_float":33,"quantity_require":165,"quantity_require_float":33,"shape_require":165,"shape_require_float":33},{"customer_type_id":60,"environment_require":200,"environment_require_float":40,"comfort_require":334,"comfort_require_float":67,"wait_require":32,"wait_require_float":6,"color_require":170,"color_require_float":34,"smell_require":170,"smell_require_float":34,"taste_require":170,"taste_require_float":34,"quantity_require":170,"quantity_require_float":34,"shape_require":170,"shape_require_float":34},{"customer_type_id":61,"environment_require":200,"environment_require_float":40,"comfort_require":334,"comfort_require_float":67,"wait_require":30,"wait_require_float":6,"color_require":160,"color_require_float":32,"smell_require":160,"smell_require_float":32,"taste_require":160,"taste_require_float":32,"quantity_require":160,"quantity_require_float":32,"shape_require":160,"shape_require_float":32},{"customer_type_id":62,"environment_require":205,"environment_require_float":41,"comfort_require":342,"comfort_require_float":69,"wait_require":31,"wait_require_float":6,"color_require":165,"color_require_float":33,"smell_require":165,"smell_require_float":33,"taste_require":165,"taste_require_float":33,"quantity_require":165,"quantity_require_float":33,"shape_require":165,"shape_require_float":33},{"customer_type_id":63,"environment_require":210,"environment_require_float":42,"comfort_require":350,"comfort_require_float":70,"wait_require":32,"wait_require_float":6,"color_require":170,"color_require_float":34,"smell_require":170,"smell_require_float":34,"taste_require":170,"taste_require_float":34,"quantity_require":170,"quantity_require_float":34,"shape_require":170,"shape_require_float":34},{"customer_type_id":64,"environment_require":215,"environment_require_float":43,"comfort_require":359,"comfort_require_float":72,"wait_require":33,"wait_require_float":6,"color_require":175,"color_require_float":35,"smell_require":175,"smell_require_float":35,"taste_require":175,"taste_require_float":35,"quantity_require":175,"quantity_require_float":35,"shape_require":175,"shape_require_float":35},{"customer_type_id":65,"environment_require":220,"environment_require_float":44,"comfort_require":367,"comfort_require_float":74,"wait_require":34,"wait_require_float":6,"color_require":180,"color_require_float":36,"smell_require":180,"smell_require_float":36,"taste_require":180,"taste_require_float":36,"quantity_require":180,"quantity_require_float":36,"shape_require":180,"shape_require_float":36},{"customer_type_id":66,"environment_require":230,"environment_require_float":46,"comfort_require":384,"comfort_require_float":77,"wait_require":30,"wait_require_float":6,"color_require":170,"color_require_float":34,"smell_require":170,"smell_require_float":34,"taste_require":170,"taste_require_float":34,"quantity_require":170,"quantity_require_float":34,"shape_require":170,"shape_require_float":34},{"customer_type_id":67,"environment_require":235,"environment_require_float":47,"comfort_require":392,"comfort_require_float":79,"wait_require":31,"wait_require_float":6,"color_require":175,"color_require_float":35,"smell_require":175,"smell_require_float":35,"taste_require":175,"taste_require_float":35,"quantity_require":175,"quantity_require_float":35,"shape_require":175,"shape_require_float":35},{"customer_type_id":68,"environment_require":240,"environment_require_float":48,"comfort_require":400,"comfort_require_float":80,"wait_require":32,"wait_require_float":6,"color_require":180,"color_require_float":36,"smell_require":180,"smell_require_float":36,"taste_require":180,"taste_require_float":36,"quantity_require":180,"quantity_require_float":36,"shape_require":180,"shape_require_float":36},{"customer_type_id":69,"environment_require":245,"environment_require_float":49,"comfort_require":409,"comfort_require_float":82,"wait_require":33,"wait_require_float":6,"color_require":185,"color_require_float":37,"smell_require":185,"smell_require_float":37,"taste_require":185,"taste_require_float":37,"quantity_require":185,"quantity_require_float":37,"shape_require":185,"shape_require_float":37},{"customer_type_id":70,"environment_require":250,"environment_require_float":50,"comfort_require":417,"comfort_require_float":84,"wait_require":34,"wait_require_float":6,"color_require":190,"color_require_float":38,"smell_require":190,"smell_require_float":38,"taste_require":190,"taste_require_float":38,"quantity_require":190,"quantity_require_float":38,"shape_require":190,"shape_require_float":38},{"customer_type_id":71,"environment_require":260,"environment_require_float":52,"comfort_require":434,"comfort_require_float":87,"wait_require":30,"wait_require_float":6,"color_require":180,"color_require_float":36,"smell_require":180,"smell_require_float":36,"taste_require":180,"taste_require_float":36,"quantity_require":180,"quantity_require_float":36,"shape_require":180,"shape_require_float":36},{"customer_type_id":72,"environment_require":265,"environment_require_float":53,"comfort_require":442,"comfort_require_float":89,"wait_require":31,"wait_require_float":6,"color_require":185,"color_require_float":37,"smell_require":185,"smell_require_float":37,"taste_require":185,"taste_require_float":37,"quantity_require":185,"quantity_require_float":37,"shape_require":185,"shape_require_float":37},{"customer_type_id":73,"environment_require":270,"environment_require_float":54,"comfort_require":450,"comfort_require_float":90,"wait_require":32,"wait_require_float":6,"color_require":190,"color_require_float":38,"smell_require":190,"smell_require_float":38,"taste_require":190,"taste_require_float":38,"quantity_require":190,"quantity_require_float":38,"shape_require":190,"shape_require_float":38},{"customer_type_id":74,"environment_require":275,"environment_require_float":55,"comfort_require":459,"comfort_require_float":92,"wait_require":33,"wait_require_float":6,"color_require":195,"color_require_float":39,"smell_require":195,"smell_require_float":39,"taste_require":195,"taste_require_float":39,"quantity_require":195,"quantity_require_float":39,"shape_require":195,"shape_require_float":39},{"customer_type_id":75,"environment_require":280,"environment_require_float":56,"comfort_require":467,"comfort_require_float":94,"wait_require":34,"wait_require_float":6,"color_require":200,"color_require_float":40,"smell_require":200,"smell_require_float":40,"taste_require":200,"taste_require_float":40,"quantity_require":200,"quantity_require_float":40,"shape_require":200,"shape_require_float":40},{"customer_type_id":76,"environment_require":290,"environment_require_float":58,"comfort_require":484,"comfort_require_float":97,"wait_require":30,"wait_require_float":6,"color_require":210,"color_require_float":42,"smell_require":190,"smell_require_float":38,"taste_require":190,"taste_require_float":38,"quantity_require":190,"quantity_require_float":38,"shape_require":190,"shape_require_float":38},{"customer_type_id":77,"environment_require":295,"environment_require_float":59,"comfort_require":492,"comfort_require_float":99,"wait_require":31,"wait_require_float":6,"color_require":215,"color_require_float":43,"smell_require":195,"smell_require_float":39,"taste_require":195,"taste_require_float":39,"quantity_require":195,"quantity_require_float":39,"shape_require":195,"shape_require_float":39},{"customer_type_id":78,"environment_require":300,"environment_require_float":60,"comfort_require":500,"comfort_require_float":100,"wait_require":32,"wait_require_float":6,"color_require":220,"color_require_float":44,"smell_require":200,"smell_require_float":40,"taste_require":200,"taste_require_float":40,"quantity_require":200,"quantity_require_float":40,"shape_require":200,"shape_require_float":40},{"customer_type_id":79,"environment_require":305,"environment_require_float":61,"comfort_require":509,"comfort_require_float":102,"wait_require":33,"wait_require_float":6,"color_require":225,"color_require_float":45,"smell_require":205,"smell_require_float":41,"taste_require":205,"taste_require_float":41,"quantity_require":205,"quantity_require_float":41,"shape_require":205,"shape_require_float":41},{"customer_type_id":80,"environment_require":310,"environment_require_float":62,"comfort_require":517,"comfort_require_float":104,"wait_require":34,"wait_require_float":6,"color_require":230,"color_require_float":46,"smell_require":210,"smell_require_float":42,"taste_require":210,"taste_require_float":42,"quantity_require":210,"quantity_require_float":42,"shape_require":210,"shape_require_float":42},{"customer_type_id":81,"environment_require":320,"environment_require_float":64,"comfort_require":534,"comfort_require_float":107,"wait_require":30,"wait_require_float":6,"color_require":240,"color_require_float":48,"smell_require":200,"smell_require_float":40,"taste_require":200,"taste_require_float":40,"quantity_require":200,"quantity_require_float":40,"shape_require":200,"shape_require_float":40},{"customer_type_id":82,"environment_require":325,"environment_require_float":65,"comfort_require":542,"comfort_require_float":109,"wait_require":31,"wait_require_float":6,"color_require":245,"color_require_float":49,"smell_require":205,"smell_require_float":41,"taste_require":205,"taste_require_float":41,"quantity_require":205,"quantity_require_float":41,"shape_require":205,"shape_require_float":41},{"customer_type_id":83,"environment_require":330,"environment_require_float":66,"comfort_require":550,"comfort_require_float":110,"wait_require":32,"wait_require_float":6,"color_require":250,"color_require_float":50,"smell_require":210,"smell_require_float":42,"taste_require":210,"taste_require_float":42,"quantity_require":210,"quantity_require_float":42,"shape_require":210,"shape_require_float":42},{"customer_type_id":84,"environment_require":335,"environment_require_float":67,"comfort_require":559,"comfort_require_float":112,"wait_require":33,"wait_require_float":6,"color_require":255,"color_require_float":51,"smell_require":215,"smell_require_float":43,"taste_require":215,"taste_require_float":43,"quantity_require":215,"quantity_require_float":43,"shape_require":215,"shape_require_float":43},{"customer_type_id":85,"environment_require":340,"environment_require_float":68,"comfort_require":567,"comfort_require_float":114,"wait_require":34,"wait_require_float":6,"color_require":260,"color_require_float":52,"smell_require":220,"smell_require_float":44,"taste_require":220,"taste_require_float":44,"quantity_require":220,"quantity_require_float":44,"shape_require":220,"shape_require_float":44},{"customer_type_id":86,"environment_require":350,"environment_require_float":70,"comfort_require":584,"comfort_require_float":117,"wait_require":30,"wait_require_float":6,"color_require":270,"color_require_float":54,"smell_require":210,"smell_require_float":42,"taste_require":210,"taste_require_float":42,"quantity_require":210,"quantity_require_float":42,"shape_require":210,"shape_require_float":42},{"customer_type_id":87,"environment_require":355,"environment_require_float":71,"comfort_require":592,"comfort_require_float":119,"wait_require":31,"wait_require_float":6,"color_require":275,"color_require_float":55,"smell_require":215,"smell_require_float":43,"taste_require":215,"taste_require_float":43,"quantity_require":215,"quantity_require_float":43,"shape_require":215,"shape_require_float":43},{"customer_type_id":88,"environment_require":360,"environment_require_float":72,"comfort_require":600,"comfort_require_float":120,"wait_require":32,"wait_require_float":6,"color_require":280,"color_require_float":56,"smell_require":220,"smell_require_float":44,"taste_require":220,"taste_require_float":44,"quantity_require":220,"quantity_require_float":44,"shape_require":220,"shape_require_float":44},{"customer_type_id":89,"environment_require":365,"environment_require_float":73,"comfort_require":609,"comfort_require_float":122,"wait_require":33,"wait_require_float":6,"color_require":285,"color_require_float":57,"smell_require":225,"smell_require_float":45,"taste_require":225,"taste_require_float":45,"quantity_require":225,"quantity_require_float":45,"shape_require":225,"shape_require_float":45},{"customer_type_id":90,"environment_require":370,"environment_require_float":74,"comfort_require":617,"comfort_require_float":124,"wait_require":34,"wait_require_float":6,"color_require":290,"color_require_float":58,"smell_require":230,"smell_require_float":46,"taste_require":230,"taste_require_float":46,"quantity_require":230,"quantity_require_float":46,"shape_require":230,"shape_require_float":46},{"customer_type_id":91,"environment_require":380,"environment_require_float":76,"comfort_require":634,"comfort_require_float":127,"wait_require":30,"wait_require_float":6,"color_require":300,"color_require_float":60,"smell_require":220,"smell_require_float":44,"taste_require":220,"taste_require_float":44,"quantity_require":220,"quantity_require_float":44,"shape_require":220,"shape_require_float":44},{"customer_type_id":92,"environment_require":385,"environment_require_float":77,"comfort_require":642,"comfort_require_float":129,"wait_require":31,"wait_require_float":6,"color_require":305,"color_require_float":61,"smell_require":225,"smell_require_float":45,"taste_require":225,"taste_require_float":45,"quantity_require":225,"quantity_require_float":45,"shape_require":225,"shape_require_float":45},{"customer_type_id":93,"environment_require":390,"environment_require_float":78,"comfort_require":650,"comfort_require_float":130,"wait_require":32,"wait_require_float":6,"color_require":310,"color_require_float":62,"smell_require":230,"smell_require_float":46,"taste_require":230,"taste_require_float":46,"quantity_require":230,"quantity_require_float":46,"shape_require":230,"shape_require_float":46},{"customer_type_id":94,"environment_require":395,"environment_require_float":79,"comfort_require":659,"comfort_require_float":132,"wait_require":33,"wait_require_float":6,"color_require":315,"color_require_float":63,"smell_require":235,"smell_require_float":47,"taste_require":235,"taste_require_float":47,"quantity_require":235,"quantity_require_float":47,"shape_require":235,"shape_require_float":47},{"customer_type_id":95,"environment_require":400,"environment_require_float":80,"comfort_require":667,"comfort_require_float":134,"wait_require":34,"wait_require_float":6,"color_require":320,"color_require_float":64,"smell_require":240,"smell_require_float":48,"taste_require":240,"taste_require_float":48,"quantity_require":240,"quantity_require_float":48,"shape_require":240,"shape_require_float":48},{"customer_type_id":96,"environment_require":410,"environment_require_float":82,"comfort_require":684,"comfort_require_float":137,"wait_require":30,"wait_require_float":6,"color_require":330,"color_require_float":66,"smell_require":230,"smell_require_float":46,"taste_require":230,"taste_require_float":46,"quantity_require":230,"quantity_require_float":46,"shape_require":230,"shape_require_float":46},{"customer_type_id":97,"environment_require":415,"environment_require_float":83,"comfort_require":692,"comfort_require_float":139,"wait_require":31,"wait_require_float":6,"color_require":335,"color_require_float":67,"smell_require":235,"smell_require_float":47,"taste_require":235,"taste_require_float":47,"quantity_require":235,"quantity_require_float":47,"shape_require":235,"shape_require_float":47},{"customer_type_id":98,"environment_require":420,"environment_require_float":84,"comfort_require":700,"comfort_require_float":140,"wait_require":32,"wait_require_float":6,"color_require":340,"color_require_float":68,"smell_require":240,"smell_require_float":48,"taste_require":240,"taste_require_float":48,"quantity_require":240,"quantity_require_float":48,"shape_require":240,"shape_require_float":48},{"customer_type_id":99,"environment_require":425,"environment_require_float":85,"comfort_require":709,"comfort_require_float":142,"wait_require":33,"wait_require_float":6,"color_require":345,"color_require_float":69,"smell_require":245,"smell_require_float":49,"taste_require":245,"taste_require_float":49,"quantity_require":245,"quantity_require_float":49,"shape_require":245,"shape_require_float":49},{"customer_type_id":100,"environment_require":430,"environment_require_float":86,"comfort_require":717,"comfort_require_float":144,"wait_require":34,"wait_require_float":6,"color_require":350,"color_require_float":70,"smell_require":250,"smell_require_float":50,"taste_require":250,"taste_require_float":50,"quantity_require":250,"quantity_require_float":50,"shape_require":250,"shape_require_float":50}]