[{"chapter_id":1,"chapter_name":"招待状","customer_time":15,"customer_num_min":1,"customer_num_max":1,"sour_min":0,"sour_max":10,"sour_add":0,"sweet_min":0,"sweet_max":10,"sweet_add":0,"bitter_min":0,"bitter_max":10,"bitter_add":0,"spicy_min":0,"spicy_max":10,"spicy_add":0,"sault_min":2,"sault_max":8,"sault_add":2,"fresh_min":2,"fresh_max":8,"fresh_add":2,"gold":240,"gold_flaot":24,"customer_type1":1,"weight1":5,"customer_type2":2,"weight2":4,"customer_type3":3,"weight3":3,"customer_type4":4,"weight4":2,"customer_type5":5,"weight5":1,"res_lv_limit":1,"player_lv_limit":0,"chapter_pic":1,"chapter_bg":1,"act":0,"charm":0},{"chapter_id":2,"chapter_name":"経営開始!","customer_time":18,"customer_num_min":1,"customer_num_max":2,"sour_min":0,"sour_max":10,"sour_add":0,"sweet_min":0,"sweet_max":10,"sweet_add":0,"bitter_min":0,"bitter_max":10,"bitter_add":0,"spicy_min":0,"spicy_max":10,"spicy_add":0,"sault_min":2,"sault_max":8,"sault_add":2,"fresh_min":2,"fresh_max":8,"fresh_add":2,"gold":384,"gold_flaot":39,"customer_type1":6,"weight1":5,"customer_type2":7,"weight2":4,"customer_type3":8,"weight3":3,"customer_type4":9,"weight4":2,"customer_type5":10,"weight5":1,"res_lv_limit":2,"player_lv_limit":0,"chapter_pic":2,"chapter_bg":2,"act":0,"charm":0},{"chapter_id":3,"chapter_name":"お料理三昧","customer_time":15,"customer_num_min":1,"customer_num_max":2,"sour_min":0,"sour_max":10,"sour_add":0,"sweet_min":0,"sweet_max":10,"sweet_add":0,"bitter_min":0,"bitter_max":10,"bitter_add":0,"spicy_min":0,"spicy_max":10,"spicy_add":0,"sault_min":2,"sault_max":8,"sault_add":2,"fresh_min":2,"fresh_max":8,"fresh_add":2,"gold":449,"gold_flaot":45,"customer_type1":11,"weight1":5,"customer_type2":12,"weight2":4,"customer_type3":13,"weight3":3,"customer_type4":14,"weight4":2,"customer_type5":15,"weight5":1,"res_lv_limit":3,"player_lv_limit":0,"chapter_pic":3,"chapter_bg":3,"act":0,"charm":0},{"chapter_id":4,"chapter_name":"経営のお勉強","customer_time":20,"customer_num_min":1,"customer_num_max":3,"sour_min":0,"sour_max":10,"sour_add":0,"sweet_min":0,"sweet_max":10,"sweet_add":0,"bitter_min":0,"bitter_max":10,"bitter_add":0,"spicy_min":0,"spicy_max":10,"spicy_add":0,"sault_min":2,"sault_max":8,"sault_add":2,"fresh_min":2,"fresh_max":8,"fresh_add":2,"gold":516,"gold_flaot":52,"customer_type1":16,"weight1":5,"customer_type2":17,"weight2":4,"customer_type3":18,"weight3":3,"customer_type4":19,"weight4":2,"customer_type5":20,"weight5":1,"res_lv_limit":4,"player_lv_limit":0,"chapter_pic":4,"chapter_bg":1,"act":0,"charm":0},{"chapter_id":5,"chapter_name":"マイペース経営","customer_time":18,"customer_num_min":1,"customer_num_max":3,"sour_min":0,"sour_max":10,"sour_add":0,"sweet_min":0,"sweet_max":10,"sweet_add":0,"bitter_min":0,"bitter_max":10,"bitter_add":0,"spicy_min":0,"spicy_max":10,"spicy_add":0,"sault_min":2,"sault_max":8,"sault_add":2,"fresh_min":2,"fresh_max":8,"fresh_add":2,"gold":585,"gold_flaot":59,"customer_type1":21,"weight1":5,"customer_type2":22,"weight2":4,"customer_type3":23,"weight3":3,"customer_type4":24,"weight4":2,"customer_type5":25,"weight5":1,"res_lv_limit":5,"player_lv_limit":0,"chapter_pic":5,"chapter_bg":2,"act":0,"charm":0},{"chapter_id":6,"chapter_name":"メニュー改新","customer_time":22,"customer_num_min":1,"customer_num_max":4,"sour_min":0,"sour_max":10,"sour_add":0,"sweet_min":0,"sweet_max":10,"sweet_add":0,"bitter_min":0,"bitter_max":10,"bitter_add":0,"spicy_min":0,"spicy_max":10,"spicy_add":0,"sault_min":2,"sault_max":8,"sault_add":2,"fresh_min":2,"fresh_max":8,"fresh_add":2,"gold":776,"gold_flaot":78,"customer_type1":26,"weight1":5,"customer_type2":27,"weight2":4,"customer_type3":28,"weight3":3,"customer_type4":29,"weight4":2,"customer_type5":30,"weight5":1,"res_lv_limit":6,"player_lv_limit":0,"chapter_pic":6,"chapter_bg":3,"act":0,"charm":40},{"chapter_id":7,"chapter_name":"人気店の偵察","customer_time":20,"customer_num_min":1,"customer_num_max":4,"sour_min":0,"sour_max":10,"sour_add":0,"sweet_min":0,"sweet_max":10,"sweet_add":0,"bitter_min":0,"bitter_max":10,"bitter_add":0,"spicy_min":0,"spicy_max":10,"spicy_add":0,"sault_min":2,"sault_max":8,"sault_add":2,"fresh_min":2,"fresh_max":8,"fresh_add":2,"gold":869,"gold_flaot":87,"customer_type1":31,"weight1":5,"customer_type2":32,"weight2":4,"customer_type3":33,"weight3":3,"customer_type4":34,"weight4":2,"customer_type5":35,"weight5":1,"res_lv_limit":7,"player_lv_limit":0,"chapter_pic":7,"chapter_bg":1,"act":0,"charm":55},{"chapter_id":8,"chapter_name":"広報の拡大","customer_time":22,"customer_num_min":1,"customer_num_max":5,"sour_min":0,"sour_max":10,"sour_add":0,"sweet_min":0,"sweet_max":10,"sweet_add":0,"bitter_min":0,"bitter_max":10,"bitter_add":0,"spicy_min":0,"spicy_max":10,"spicy_add":0,"sault_min":2,"sault_max":8,"sault_add":2,"fresh_min":2,"fresh_max":8,"fresh_add":2,"gold":964,"gold_flaot":97,"customer_type1":36,"weight1":5,"customer_type2":37,"weight2":4,"customer_type3":38,"weight3":3,"customer_type4":39,"weight4":2,"customer_type5":40,"weight5":1,"res_lv_limit":8,"player_lv_limit":0,"chapter_pic":8,"chapter_bg":2,"act":0,"charm":70},{"chapter_id":9,"chapter_name":"競合店の出現","customer_time":20,"customer_num_min":1,"customer_num_max":5,"sour_min":0,"sour_max":10,"sour_add":0,"sweet_min":0,"sweet_max":10,"sweet_add":0,"bitter_min":0,"bitter_max":10,"bitter_add":0,"spicy_min":0,"spicy_max":10,"spicy_add":0,"sault_min":2,"sault_max":8,"sault_add":2,"fresh_min":2,"fresh_max":8,"fresh_add":2,"gold":1061,"gold_flaot":107,"customer_type1":41,"weight1":5,"customer_type2":42,"weight2":4,"customer_type3":43,"weight3":3,"customer_type4":44,"weight4":2,"customer_type5":45,"weight5":1,"res_lv_limit":9,"player_lv_limit":0,"chapter_pic":9,"chapter_bg":3,"act":0,"charm":85},{"chapter_id":10,"chapter_name":"協会の忠告","customer_time":20,"customer_num_min":1,"customer_num_max":6,"sour_min":0,"sour_max":10,"sour_add":0,"sweet_min":0,"sweet_max":10,"sweet_add":0,"bitter_min":0,"bitter_max":10,"bitter_add":0,"spicy_min":0,"spicy_max":10,"spicy_add":0,"sault_min":2,"sault_max":8,"sault_add":2,"fresh_min":2,"fresh_max":8,"fresh_add":2,"gold":1160,"gold_flaot":116,"customer_type1":46,"weight1":5,"customer_type2":47,"weight2":4,"customer_type3":48,"weight3":3,"customer_type4":49,"weight4":2,"customer_type5":50,"weight5":1,"res_lv_limit":10,"player_lv_limit":0,"chapter_pic":10,"chapter_bg":1,"act":0,"charm":100},{"chapter_id":11,"chapter_name":"働き環境改善","customer_time":18,"customer_num_min":1,"customer_num_max":6,"sour_min":0,"sour_max":10,"sour_add":0,"sweet_min":0,"sweet_max":10,"sweet_add":0,"bitter_min":0,"bitter_max":10,"bitter_add":0,"spicy_min":0,"spicy_max":10,"spicy_add":0,"sault_min":2,"sault_max":8,"sault_add":2,"fresh_min":2,"fresh_max":8,"fresh_add":2,"gold":1460,"gold_flaot":146,"customer_type1":51,"weight1":5,"customer_type2":52,"weight2":4,"customer_type3":53,"weight3":3,"customer_type4":54,"weight4":2,"customer_type5":55,"weight5":1,"res_lv_limit":11,"player_lv_limit":0,"chapter_pic":11,"chapter_bg":2,"act":0,"charm":120},{"chapter_id":12,"chapter_name":"大売り公約","customer_time":18,"customer_num_min":1,"customer_num_max":7,"sour_min":4,"sour_max":10,"sour_add":0,"sweet_min":0,"sweet_max":10,"sweet_add":0,"bitter_min":0,"bitter_max":10,"bitter_add":0,"spicy_min":0,"spicy_max":10,"spicy_add":0,"sault_min":2,"sault_max":8,"sault_add":2,"fresh_min":2,"fresh_max":8,"fresh_add":2,"gold":1560,"gold_flaot":156,"customer_type1":56,"weight1":5,"customer_type2":57,"weight2":4,"customer_type3":58,"weight3":3,"customer_type4":59,"weight4":2,"customer_type5":60,"weight5":1,"res_lv_limit":12,"player_lv_limit":0,"chapter_pic":12,"chapter_bg":3,"act":0,"charm":140},{"chapter_id":13,"chapter_name":"特訓あるのみ","customer_time":16,"customer_num_min":1,"customer_num_max":7,"sour_min":0,"sour_max":10,"sour_add":4,"sweet_min":0,"sweet_max":10,"sweet_add":0,"bitter_min":0,"bitter_max":10,"bitter_add":0,"spicy_min":0,"spicy_max":10,"spicy_add":0,"sault_min":2,"sault_max":8,"sault_add":2,"fresh_min":2,"fresh_max":8,"fresh_add":2,"gold":1660,"gold_flaot":166,"customer_type1":61,"weight1":5,"customer_type2":62,"weight2":4,"customer_type3":63,"weight3":3,"customer_type4":64,"weight4":2,"customer_type5":65,"weight5":1,"res_lv_limit":13,"player_lv_limit":0,"chapter_pic":13,"chapter_bg":1,"act":0,"charm":160},{"chapter_id":14,"chapter_name":"口コミバブル","customer_time":16,"customer_num_min":1,"customer_num_max":8,"sour_min":0,"sour_max":10,"sour_add":0,"sweet_min":5,"sweet_max":10,"sweet_add":5,"bitter_min":0,"bitter_max":10,"bitter_add":0,"spicy_min":0,"spicy_max":10,"spicy_add":0,"sault_min":2,"sault_max":8,"sault_add":2,"fresh_min":2,"fresh_max":8,"fresh_add":2,"gold":1760,"gold_flaot":176,"customer_type1":66,"weight1":5,"customer_type2":67,"weight2":4,"customer_type3":68,"weight3":3,"customer_type4":69,"weight4":2,"customer_type5":70,"weight5":1,"res_lv_limit":14,"player_lv_limit":0,"chapter_pic":14,"chapter_bg":2,"act":0,"charm":180},{"chapter_id":15,"chapter_name":"夢の目標設定","customer_time":15,"customer_num_min":1,"customer_num_max":8,"sour_min":0,"sour_max":10,"sour_add":0,"sweet_min":0,"sweet_max":10,"sweet_add":0,"bitter_min":0,"bitter_max":10,"bitter_add":0,"spicy_min":6,"spicy_max":10,"spicy_add":6,"sault_min":2,"sault_max":8,"sault_add":2,"fresh_min":2,"fresh_max":8,"fresh_add":2,"gold":1860,"gold_flaot":186,"customer_type1":71,"weight1":5,"customer_type2":72,"weight2":4,"customer_type3":73,"weight3":3,"customer_type4":74,"weight4":2,"customer_type5":75,"weight5":1,"res_lv_limit":15,"player_lv_limit":0,"chapter_pic":15,"chapter_bg":3,"act":0,"charm":200},{"chapter_id":16,"chapter_name":"オーナー皆伝","customer_time":10,"customer_num_min":1,"customer_num_max":4,"sour_min":5,"sour_max":10,"sour_add":5,"sweet_min":0,"sweet_max":10,"sweet_add":0,"bitter_min":0,"bitter_max":10,"bitter_add":0,"spicy_min":0,"spicy_max":10,"spicy_add":0,"sault_min":2,"sault_max":8,"sault_add":2,"fresh_min":2,"fresh_max":8,"fresh_add":2,"gold":1960,"gold_flaot":196,"customer_type1":76,"weight1":5,"customer_type2":77,"weight2":4,"customer_type3":78,"weight3":3,"customer_type4":79,"weight4":2,"customer_type5":80,"weight5":1,"res_lv_limit":15,"player_lv_limit":150,"chapter_pic":16,"chapter_bg":1,"act":0,"charm":220},{"chapter_id":17,"chapter_name":"一つ星オーナー","customer_time":14,"customer_num_min":2,"customer_num_max":6,"sour_min":0,"sour_max":10,"sour_add":0,"sweet_min":6,"sweet_max":10,"sweet_add":6,"bitter_min":0,"bitter_max":10,"bitter_add":0,"spicy_min":0,"spicy_max":10,"spicy_add":0,"sault_min":2,"sault_max":8,"sault_add":2,"fresh_min":2,"fresh_max":8,"fresh_add":2,"gold":2060,"gold_flaot":206,"customer_type1":81,"weight1":5,"customer_type2":82,"weight2":4,"customer_type3":83,"weight3":3,"customer_type4":84,"weight4":2,"customer_type5":85,"weight5":1,"res_lv_limit":15,"player_lv_limit":175,"chapter_pic":17,"chapter_bg":2,"act":0,"charm":240},{"chapter_id":18,"chapter_name":"二つ星オーナー","customer_time":19,"customer_num_min":3,"customer_num_max":8,"sour_min":0,"sour_max":10,"sour_add":0,"sweet_min":0,"sweet_max":10,"sweet_add":0,"bitter_min":0,"bitter_max":10,"bitter_add":0,"spicy_min":6,"spicy_max":10,"spicy_add":7,"sault_min":2,"sault_max":8,"sault_add":2,"fresh_min":2,"fresh_max":8,"fresh_add":2,"gold":2160,"gold_flaot":216,"customer_type1":86,"weight1":5,"customer_type2":87,"weight2":4,"customer_type3":88,"weight3":3,"customer_type4":89,"weight4":2,"customer_type5":90,"weight5":1,"res_lv_limit":15,"player_lv_limit":200,"chapter_pic":18,"chapter_bg":3,"act":0,"charm":260},{"chapter_id":19,"chapter_name":"三ツ星オーナー","customer_time":15,"customer_num_min":3,"customer_num_max":6,"sour_min":6,"sour_max":10,"sour_add":6,"sweet_min":0,"sweet_max":10,"sweet_add":0,"bitter_min":0,"bitter_max":10,"bitter_add":0,"spicy_min":0,"spicy_max":10,"spicy_add":0,"sault_min":2,"sault_max":8,"sault_add":2,"fresh_min":2,"fresh_max":8,"fresh_add":2,"gold":2260,"gold_flaot":226,"customer_type1":91,"weight1":5,"customer_type2":92,"weight2":4,"customer_type3":93,"weight3":3,"customer_type4":94,"weight4":2,"customer_type5":95,"weight5":1,"res_lv_limit":15,"player_lv_limit":225,"chapter_pic":19,"chapter_bg":1,"act":0,"charm":280},{"chapter_id":20,"chapter_name":"マスターオーナー","customer_time":10,"customer_num_min":2,"customer_num_max":4,"sour_min":0,"sour_max":10,"sour_add":0,"sweet_min":6,"sweet_max":10,"sweet_add":7,"bitter_min":0,"bitter_max":10,"bitter_add":0,"spicy_min":0,"spicy_max":10,"spicy_add":0,"sault_min":2,"sault_max":8,"sault_add":2,"fresh_min":2,"fresh_max":8,"fresh_add":2,"gold":2360,"gold_flaot":236,"customer_type1":96,"weight1":5,"customer_type2":97,"weight2":4,"customer_type3":98,"weight3":3,"customer_type4":99,"weight4":2,"customer_type5":100,"weight5":1,"res_lv_limit":15,"player_lv_limit":250,"chapter_pic":20,"chapter_bg":2,"act":0,"charm":300},{"chapter_id":1001,"chapter_name":"新春大吉","customer_time":20,"customer_num_min":3,"customer_num_max":6,"sour_min":0,"sour_max":10,"sour_add":0,"sweet_min":0,"sweet_max":10,"sweet_add":0,"bitter_min":0,"bitter_max":10,"bitter_add":0,"spicy_min":0,"spicy_max":10,"spicy_add":0,"sault_min":0,"sault_max":10,"sault_add":0,"fresh_min":0,"fresh_max":10,"fresh_add":0,"gold":1666,"gold_flaot":0,"customer_type1":36,"weight1":5,"customer_type2":41,"weight2":4,"customer_type3":31,"weight3":3,"customer_type4":46,"weight4":2,"customer_type5":26,"weight5":1,"res_lv_limit":8,"player_lv_limit":0,"chapter_pic":1001,"chapter_bg":4,"act":1,"charm":60},{"chapter_id":10001,"chapter_name":"経営確認","customer_time":15,"customer_num_min":1,"customer_num_max":6,"sour_min":0,"sour_max":10,"sour_add":0,"sweet_min":0,"sweet_max":10,"sweet_add":0,"bitter_min":0,"bitter_max":10,"bitter_add":0,"spicy_min":0,"spicy_max":10,"spicy_add":0,"sault_min":2,"sault_max":8,"sault_add":2,"fresh_min":2,"fresh_max":8,"fresh_add":2,"gold":800,"gold_flaot":0,"customer_type1":6,"weight1":5,"customer_type2":6,"weight2":0,"customer_type3":6,"weight3":0,"customer_type4":6,"weight4":0,"customer_type5":6,"weight5":0,"res_lv_limit":1,"player_lv_limit":0,"chapter_pic":1001,"chapter_bg":4,"act":0,"charm":100}]