[{"tip_id":1,"tip_desc":"好感レベルを上げると、より多くのキャラ物語が開放できます"},{"tip_id":2,"tip_desc":"一組のお客様を接待するのには最短でも10秒が必要なので、計画的にスキルを発動させよう"},{"tip_id":3,"tip_desc":"スタッフのやる気は給与などで変動します。やる気が60を下回るとスキルは発動しません"},{"tip_id":4,"tip_desc":"ココ、ルル、ピッピはあなたととっても仲良し。彼女たちは無償の気持ちで働いてくれます"},{"tip_id":5,"tip_desc":"料理の[色、香、味、量、型]は評価に影響し、[酸味、甘味、苦味、辛味、塩味、鮮度]は来客数に影響します"},{"tip_id":6,"tip_desc":"料理の価格はオススメより低いほど来客が増加、高いほど来客が減少します。"},{"tip_id":7,"tip_desc":"レアリティの高い食材、調味料は料理の品質を大幅に上昇させますが、コストも上昇させます。"},{"tip_id":8,"tip_desc":"お客様の評価は、居心地、魅力、待ち時間、料理の色、香、味、量、型で計8項目に分けています。"},{"tip_id":9,"tip_desc":"料理一品を販売する毎にレストランexp+1、評価1点を獲得する毎にオーナーexp+1を獲得します。"},{"tip_id":10,"tip_desc":"内装は種類によって異なるステータスを持ちます。例えば座席は居心地を増加させます。"},{"tip_id":11,"tip_desc":"お客様の評価は、居心地、魅力、待ち時間、料理の色、香、味、量、型で計8項目に分けています。"},{"tip_id":12,"tip_desc":"お客様の評価は、居心地、魅力、待ち時間、料理の色、香、味、量、型で計8項目に分けています。"},{"tip_id":13,"tip_desc":"一組のお客様を接待するのには最短でも10秒が必要なので、計画的にスキルを発動させよう"},{"tip_id":14,"tip_desc":"一組のお客様を接待するのには最短でも10秒が必要なので、計画的にスキルを発動させよう"},{"tip_id":15,"tip_desc":"一組のお客様を接待するのには最短でも10秒が必要なので、計画的にスキルを発動させよう"},{"tip_id":16,"tip_desc":"人気値はログアウト前の5分間の平均収益が影響します。最善の経営設定をしてからログアウトしましょう"},{"tip_id":17,"tip_desc":"人気値はログアウト前の5分間の平均収益が影響します。最善の経営設定をしてからログアウトしましょう"},{"tip_id":18,"tip_desc":"人気値はログアウト前の5分間の平均収益が影響します。最善の経営設定をしてからログアウトしましょう"}]