[{"key":"player_init_level","value":"1"},{"key":"res_init_level","value":"1"},{"key":"player_init_gold_coin","value":"288 888"},{"key":"player_init_pinkdiamond","value":"0"},{"key":"player_init_bluediamond","value":"188"},{"key":"min_customer_time","value":"10"},{"key":"max_customer_time","value":"120"},{"key":"min_cook_time","value":"1"},{"key":"min_eating","value":"3"},{"key":"min_check","value":"1"},{"key":"check_time","value":"3"},{"key":"first_pay_reward","value":"10000"},{"key":"new_player_reward","value":"99999"},{"key":"init_charge","value":"0"},{"key":"system_friend_name","value":"0"},{"key":"init_width","value":"6"},{"key":"init_height","value":"6"},{"key":"system_menu_id","value":"0"},{"key":"menu_max_price","value":"9999"},{"key":"small_model_speed","value":"6"},{"key":"max_staff_pay","value":"100"},{"key":"shop_update_price","value":"10"},{"key":"competition_skill_gcd","value":"1"},{"key":"competition_can_speed","value":"2"},{"key":"offline_keep_time","value":"600"},{"key":"summon_ticket_num2","value":"10"},{"key":"summon_ticket_num","value":"1"},{"key":"summon_skin","value":"5000"},{"key":"eat_time","value":"10"},{"key":"prop_num_max","value":"9999"},{"key":"system_chat1","value":"[%s]希少のペット[%sの]、私たちが行くと、それを祝福する%sの成功の募集 - TA"},{"key":"system_chat2","value":"[%s]レストランでは、成功した伝説の「トップ」レストランにふさわしい完璧なグレードC [%s]の料理を、生産しました。"},{"key":"system_chat3","value":"レストランでは、成功した完璧なSSSレベル[%s]の料理を作り出した[%s]、これは明るいボーダー料理レストランああの上に立っています！"},{"key":"month_card","value":"60"},{"key":"week_card","value":"260"},{"key":"month_card_context","value":"月加計智通貨到着ますが、確認してください。 %d日日残り。"},{"key":"week_card_context","value":"加計智周通貨到着、確認してください。 %d日日残り。"},{"key":"need_cdkey","value":"0"},{"key":"match_overthreshold","value":"-5"},{"key":"month_card_title","value":"カード上"},{"key":"week_card_title","value":"週カード"},{"key":"sender","value":"アイアンシェフハーフムーン"},{"key":"sell_price_propID","value":"4"},{"key":"ad_shard_msg","value":"私はそれは〜打ち上げ[%sの]、私に賞賛を助けました"},{"key":"ad_first_msg","value":"【%s]%s"},{"key":"ad_reward_id","value":"489"},{"key":"friend_currency1","value":"1"},{"key":"mail_metarial_title","value":"食品ギフト"},{"key":"mail_metarial_context","value":"私はあなたが、これはあなたがそれを必要とするものであるかどうかを確認するために、成分の一部が欠けていることを聞いたことありますか？"},{"key":"mail_metarial_context_friend","value":"ご協力いただきありがとうございますが、これは私の小さな心で、それを受け入れるください。"},{"key":"mail_add_food_title","value":"料理の販売"},{"key":"mail_add_food_context","value":"あなたは料理のすべてを売却するのに役立つ販売が再び私のレストランああ来て歓迎し、それを終了しました！"},{"key":"mail_add_food_context_friend","value":"ご協力いただきありがとうございますが、これは私の小さな心で、それを受け入れるください。"},{"key":"mail_rank_reward_tittle","value":"ダンインセンティブ週アセスメント"},{"key":"mail_rank_reward_context","value":"おめでとう、あなたは[%s]ダンに達し、これはあなたの報酬で、次の~~ああ一生懸命一週間持って見つけてください"},{"key":"rank_mission_ID","value":"99999"},{"key":"rank_reward_ID","value":"629"},{"key":"mail_rank_seasonreward_tittle","value":"シーズン評価の報酬"},{"key":"mail_rank_seasonreward_context","value":"おめでとう[%s]ダンに到達し、シーズンの目標を完了し、これはあなたの報酬で、~~次のシーズンをああそう懸命に仕事をしている見つけてください"},{"key":"server_refresh_time","value":"4"},{"key":"is_foreign_server","value":"2"}]