[{"customer_id":5001,"name1":"葵","name2":"0","name3":"0"},{"customer_id":5001,"name1":"凛","name2":"0","name3":"0"},{"customer_id":5001,"name1":"花","name2":"0","name3":"0"},{"customer_id":5001,"name1":"杏","name2":"0","name3":"0"},{"customer_id":5001,"name1":"紬","name2":"0","name3":"0"},{"customer_id":5001,"name1":"澪","name2":"0","name3":"0"},{"customer_id":5001,"name1":"凛","name2":"0","name3":"0"},{"customer_id":5001,"name1":"蘭","name2":"0","name3":"0"},{"customer_id":5001,"name1":"結","name2":"0","name3":"0"},{"customer_id":5001,"name1":"紬","name2":"0","name3":"0"},{"customer_id":5001,"name1":"心","name2":"0","name3":"0"},{"customer_id":5001,"name1":"光","name2":"0","name3":"0"},{"customer_id":5001,"name1":"希","name2":"0","name3":"0"},{"customer_id":5001,"name1":"空","name2":"0","name3":"0"},{"customer_id":5001,"name1":"桜","name2":"0","name3":"0"},{"customer_id":5001,"name1":"澪","name2":"0","name3":"0"},{"customer_id":5001,"name1":"凛","name2":"0","name3":"0"},{"customer_id":5001,"name1":"蘭","name2":"0","name3":"0"},{"customer_id":5001,"name1":"結","name2":"0","name3":"0"},{"customer_id":5001,"name1":"姫","name2":"0","name3":"0"},{"customer_id":5002,"name1":"ミキ","name2":"0","name3":"0"},{"customer_id":5002,"name1":"リナ","name2":"0","name3":"0"},{"customer_id":5002,"name1":"サキ","name2":"0","name3":"0"},{"customer_id":5002,"name1":"ナナ","name2":"0","name3":"0"},{"customer_id":5002,"name1":"コズエ","name2":"0","name3":"0"},{"customer_id":5002,"name1":"アンズ","name2":"0","name3":"0"},{"customer_id":5002,"name1":"チカ","name2":"0","name3":"0"},{"customer_id":5002,"name1":"フミ","name2":"0","name3":"0"},{"customer_id":5002,"name1":"ユミ","name2":"0","name3":"0"},{"customer_id":5002,"name1":"ノゾミ","name2":"0","name3":"0"},{"customer_id":5003,"name1":"桃","name2":"0","name3":"0"},{"customer_id":5003,"name1":"蜜柑","name2":"0","name3":"0"},{"customer_id":5003,"name1":"杏子","name2":"0","name3":"0"},{"customer_id":5003,"name1":"梅","name2":"0","name3":"0"},{"customer_id":5003,"name1":"苺","name2":"0","name3":"0"},{"customer_id":5003,"name1":"桃","name2":"0","name3":"0"},{"customer_id":5003,"name1":"林檎","name2":"0","name3":"0"},{"customer_id":5003,"name1":"花梨","name2":"0","name3":"0"},{"customer_id":5004,"name1":"裕司","name2":"0","name3":"0"},{"customer_id":5004,"name1":"拓人","name2":"0","name3":"0"},{"customer_id":5004,"name1":"亜嵐","name2":"0","name3":"0"},{"customer_id":5004,"name1":"陽向","name2":"0","name3":"0"},{"customer_id":5004,"name1":"大和","name2":"0","name3":"0"},{"customer_id":5004,"name1":"悠馬","name2":"0","name3":"0"},{"customer_id":5004,"name1":"北斗","name2":"0","name3":"0"},{"customer_id":5005,"name1":"翔也","name2":"0","name3":"0"},{"customer_id":5005,"name1":"和希","name2":"0","name3":"0"},{"customer_id":5005,"name1":"桔平","name2":"0","name3":"0"},{"customer_id":5005,"name1":"隆聖","name2":"0","name3":"0"},{"customer_id":5005,"name1":"夏樹","name2":"0","name3":"0"},{"customer_id":5006,"name1":"うみ","name2":"0","name3":"0"},{"customer_id":5006,"name1":"そら","name2":"0","name3":"0"},{"customer_id":5006,"name1":"たいが","name2":"0","name3":"0"},{"customer_id":5006,"name1":"りく","name2":"0","name3":"0"},{"customer_id":5006,"name1":"せいや","name2":"0","name3":"0"},{"customer_id":5006,"name1":"りょう","name2":"0","name3":"0"},{"customer_id":5006,"name1":"昴","name2":"0","name3":"0"},{"customer_id":6001,"name1":"茜","name2":"0","name3":"0"},{"customer_id":6001,"name1":"葵","name2":"0","name3":"0"},{"customer_id":6001,"name1":"杏樹","name2":"0","name3":"0"},{"customer_id":6001,"name1":"すみれ","name2":"0","name3":"0"},{"customer_id":6001,"name1":"紅葉","name2":"0","name3":"0"},{"customer_id":6001,"name1":"茉莉","name2":"0","name3":"0"},{"customer_id":6002,"name1":"葵","name2":"0","name3":"0"},{"customer_id":6002,"name1":"凛","name2":"0","name3":"0"},{"customer_id":6002,"name1":"花","name2":"0","name3":"0"},{"customer_id":6002,"name1":"杏","name2":"0","name3":"0"},{"customer_id":6002,"name1":"紬","name2":"0","name3":"0"},{"customer_id":6002,"name1":"澪","name2":"0","name3":"0"},{"customer_id":6002,"name1":"凛","name2":"0","name3":"0"},{"customer_id":6002,"name1":"蘭","name2":"0","name3":"0"},{"customer_id":6002,"name1":"結","name2":"0","name3":"0"},{"customer_id":7001,"name1":"涼子","name2":"0","name3":"0"},{"customer_id":7001,"name1":"鏡花","name2":"0","name3":"0"},{"customer_id":7001,"name1":"可憐","name2":"0","name3":"0"},{"customer_id":7002,"name1":"ミキ","name2":"0","name3":"0"},{"customer_id":7002,"name1":"リナ","name2":"0","name3":"0"},{"customer_id":7002,"name1":"サキ","name2":"0","name3":"0"},{"customer_id":7002,"name1":"ナナ","name2":"0","name3":"0"},{"customer_id":7002,"name1":"コズエ","name2":"0","name3":"0"},{"customer_id":7002,"name1":"アンズ","name2":"0","name3":"0"},{"customer_id":7002,"name1":"チカ","name2":"0","name3":"0"},{"customer_id":7002,"name1":"フミ","name2":"0","name3":"0"},{"customer_id":7002,"name1":"ユミ","name2":"0","name3":"0"},{"customer_id":7002,"name1":"ノゾミ","name2":"0","name3":"0"},{"customer_id":7003,"name1":"茉莉","name2":"0","name3":"0"},{"customer_id":7003,"name1":"葵","name2":"0","name3":"0"},{"customer_id":7003,"name1":"凛","name2":"0","name3":"0"},{"customer_id":7003,"name1":"花","name2":"0","name3":"0"},{"customer_id":7003,"name1":"杏","name2":"0","name3":"0"},{"customer_id":7003,"name1":"紬","name2":"0","name3":"0"},{"customer_id":7003,"name1":"澪","name2":"0","name3":"0"},{"customer_id":7003,"name1":"凛","name2":"0","name3":"0"},{"customer_id":7004,"name1":"うみ","name2":"0","name3":"0"},{"customer_id":7004,"name1":"そら","name2":"0","name3":"0"},{"customer_id":7004,"name1":"たいが","name2":"0","name3":"0"},{"customer_id":7004,"name1":"りく","name2":"0","name3":"0"},{"customer_id":7004,"name1":"せいや","name2":"0","name3":"0"},{"customer_id":7004,"name1":"りょう","name2":"0","name3":"0"},{"customer_id":7005,"name1":"裕司","name2":"0","name3":"0"},{"customer_id":7005,"name1":"拓人","name2":"0","name3":"0"},{"customer_id":7005,"name1":"亜嵐","name2":"0","name3":"0"},{"customer_id":7005,"name1":"陽向","name2":"0","name3":"0"},{"customer_id":7005,"name1":"大和","name2":"0","name3":"0"},{"customer_id":7005,"name1":"悠馬","name2":"0","name3":"0"},{"customer_id":7005,"name1":"北斗","name2":"0","name3":"0"},{"customer_id":7005,"name1":"翔也","name2":"0","name3":"0"},{"customer_id":7005,"name1":"和希","name2":"0","name3":"0"},{"customer_id":7005,"name1":"桔平","name2":"0","name3":"0"},{"customer_id":7005,"name1":"隆聖","name2":"0","name3":"0"},{"customer_id":7005,"name1":"夏樹","name2":"0","name3":"0"},{"customer_id":7006,"name1":"ヒロキ","name2":"0","name3":"0"},{"customer_id":7006,"name1":"ツトム","name2":"0","name3":"0"},{"customer_id":7006,"name1":"ケイタ","name2":"0","name3":"0"},{"customer_id":7006,"name1":"リョウ","name2":"0","name3":"0"},{"customer_id":7006,"name1":"タイセイ","name2":"0","name3":"0"},{"customer_id":7006,"name1":"ショウ","name2":"0","name3":"0"},{"customer_id":7006,"name1":"カズキ","name2":"0","name3":"0"}]