[{"config_id":6001,"name":"ココ","quality":3,"type":1,"desc":"スタッフ入手","skill_type":0,"skill_value":0,"skill_desc":"無"},{"config_id":6002,"name":"豆柴","quality":2,"type":1,"desc":"スタッフ入手","skill_type":0,"skill_value":0,"skill_desc":"無"},{"config_id":6003,"name":"海翔","quality":3,"type":1,"desc":"スタッフ入手","skill_type":0,"skill_value":0,"skill_desc":"無"},{"config_id":6004,"name":"隼","quality":3,"type":1,"desc":"スタッフ入手","skill_type":0,"skill_value":0,"skill_desc":"無"},{"config_id":6005,"name":"ルル","quality":2,"type":1,"desc":"スタッフ入手","skill_type":0,"skill_value":0,"skill_desc":"無"},{"config_id":6006,"name":"ハナ","quality":2,"type":1,"desc":"スタッフ入手","skill_type":0,"skill_value":0,"skill_desc":"無"},{"config_id":6007,"name":"ピッピ","quality":2,"type":1,"desc":"スタッフ入手","skill_type":0,"skill_value":0,"skill_desc":"無"},{"config_id":6008,"name":"ミミ","quality":2,"type":1,"desc":"スタッフ入手","skill_type":0,"skill_value":0,"skill_desc":"無"},{"config_id":6009,"name":"Aｂ","quality":2,"type":1,"desc":"スタッフ入手","skill_type":0,"skill_value":0,"skill_desc":"無"},{"config_id":6010,"name":"阿蒙","quality":3,"type":1,"desc":"スタッフ入手","skill_type":0,"skill_value":0,"skill_desc":"無"},{"config_id":6011,"name":"キュロット","quality":3,"type":1,"desc":"スタッフ入手","skill_type":0,"skill_value":0,"skill_desc":"無"},{"config_id":6012,"name":"大牙","quality":3,"type":1,"desc":"スタッフ入手","skill_type":0,"skill_value":0,"skill_desc":"無"},{"config_id":6013,"name":"ラビ","quality":3,"type":1,"desc":"スタッフ入手","skill_type":0,"skill_value":0,"skill_desc":"無"},{"config_id":6014,"name":"アンジュ","quality":4,"type":1,"desc":"スタッフ入手","skill_type":0,"skill_value":0,"skill_desc":"無"},{"config_id":6015,"name":"チャンプ","quality":2,"type":1,"desc":"スタッフ入手","skill_type":0,"skill_value":0,"skill_desc":"無"},{"config_id":6016,"name":"リリア","quality":5,"type":1,"desc":"スタッフ入手","skill_type":0,"skill_value":0,"skill_desc":"無"},{"config_id":6017,"name":"■■■■■■","quality":3,"type":1,"desc":"スタッフ入手","skill_type":0,"skill_value":0,"skill_desc":"無"},{"config_id":6018,"name":"朝陽","quality":3,"type":1,"desc":"スタッフ入手","skill_type":0,"skill_value":0,"skill_desc":"無"},{"config_id":6019,"name":"雪代蝶","quality":3,"type":1,"desc":"スタッフ入手","skill_type":0,"skill_value":0,"skill_desc":"無"},{"config_id":6020,"name":"ルナルナ","quality":5,"type":1,"desc":"スタッフ入手","skill_type":0,"skill_value":0,"skill_desc":"無"},{"config_id":6021,"name":"ショコラ","quality":3,"type":1,"desc":"スタッフ入手","skill_type":0,"skill_value":0,"skill_desc":"無"},{"config_id":6022,"name":"カンカン","quality":2,"type":1,"desc":"スタッフ入手","skill_type":0,"skill_value":0,"skill_desc":"無"},{"config_id":6023,"name":"■■■■■■","quality":3,"type":1,"desc":"スタッフ入手","skill_type":0,"skill_value":0,"skill_desc":"無"},{"config_id":6024,"name":"パルフェ","quality":4,"type":1,"desc":"スタッフ入手","skill_type":0,"skill_value":0,"skill_desc":"無"},{"config_id":6025,"name":"チュチュ","quality":3,"type":1,"desc":"スタッフ入手","skill_type":0,"skill_value":0,"skill_desc":"無"},{"config_id":6026,"name":"ロザリオ","quality":2,"type":1,"desc":"スタッフ入手","skill_type":0,"skill_value":0,"skill_desc":"無"},{"config_id":6027,"name":"豆乳","quality":5,"type":1,"desc":"スタッフ入手","skill_type":0,"skill_value":0,"skill_desc":"無"},{"config_id":6028,"name":"ブートニア","quality":4,"type":1,"desc":"スタッフ入手","skill_type":0,"skill_value":0,"skill_desc":"無"},{"config_id":6029,"name":"メイメイ","quality":5,"type":1,"desc":"スタッフ入手","skill_type":0,"skill_value":0,"skill_desc":"無"},{"config_id":6030,"name":"時砂","quality":2,"type":1,"desc":"スタッフ入手","skill_type":0,"skill_value":0,"skill_desc":"無"},{"config_id":6031,"name":"晴明","quality":4,"type":1,"desc":"スタッフ入手","skill_type":0,"skill_value":0,"skill_desc":"無"},{"config_id":6032,"name":"■■■■■■","quality":5,"type":1,"desc":"スタッフ入手","skill_type":0,"skill_value":0,"skill_desc":"無"},{"config_id":6033,"name":"グルメ","quality":3,"type":1,"desc":"スタッフ入手","skill_type":0,"skill_value":0,"skill_desc":"無"},{"config_id":6034,"name":"ティアラ","quality":3,"type":1,"desc":"スタッフ入手","skill_type":0,"skill_value":0,"skill_desc":"無"},{"config_id":6035,"name":"壁ドン","quality":2,"type":1,"desc":"スタッフ入手","skill_type":0,"skill_value":0,"skill_desc":"無"},{"config_id":6036,"name":"■■■■■■","quality":3,"type":1,"desc":"スタッフ入手","skill_type":0,"skill_value":0,"skill_desc":"無"},{"config_id":6037,"name":"ミスバハ","quality":4,"type":1,"desc":"スタッフ入手","skill_type":0,"skill_value":0,"skill_desc":"無"},{"config_id":6038,"name":"森羅","quality":4,"type":1,"desc":"スタッフ入手","skill_type":0,"skill_value":0,"skill_desc":"無"},{"config_id":6039,"name":"蒼汰","quality":4,"type":1,"desc":"スタッフ入手","skill_type":0,"skill_value":0,"skill_desc":"無"},{"config_id":6040,"name":"岳斗","quality":3,"type":1,"desc":"スタッフ入手","skill_type":0,"skill_value":0,"skill_desc":"無"},{"config_id":6041,"name":"博士","quality":4,"type":1,"desc":"スタッフ入手","skill_type":0,"skill_value":0,"skill_desc":"無"},{"config_id":6042,"name":"ルージュ","quality":4,"type":1,"desc":"スタッフ入手","skill_type":0,"skill_value":0,"skill_desc":"無"},{"config_id":6043,"name":"ミオ","quality":3,"type":1,"desc":"スタッフ入手","skill_type":0,"skill_value":0,"skill_desc":"無"},{"config_id":6044,"name":"スイーツ","quality":3,"type":1,"desc":"スタッフ入手","skill_type":0,"skill_value":0,"skill_desc":"無"},{"config_id":6045,"name":"シズカ","quality":4,"type":1,"desc":"スタッフ入手","skill_type":0,"skill_value":0,"skill_desc":"無"},{"config_id":6046,"name":"ソテー","quality":1,"type":1,"desc":"スタッフ入手","skill_type":0,"skill_value":0,"skill_desc":"無"},{"config_id":6047,"name":"ポワレ","quality":1,"type":1,"desc":"スタッフ入手","skill_type":0,"skill_value":0,"skill_desc":"無"},{"config_id":6048,"name":"グラッセ","quality":1,"type":1,"desc":"スタッフ入手","skill_type":0,"skill_value":0,"skill_desc":"無"},{"config_id":6049,"name":"キャラメリゼ","quality":1,"type":1,"desc":"スタッフ入手","skill_type":0,"skill_value":0,"skill_desc":"無"},{"config_id":6050,"name":"影虎","quality":1,"type":1,"desc":"スタッフ入手","skill_type":0,"skill_value":0,"skill_desc":"無"},{"config_id":6051,"name":"荒鷲","quality":1,"type":1,"desc":"スタッフ入手","skill_type":0,"skill_value":0,"skill_desc":"無"},{"config_id":6052,"name":"牛若","quality":1,"type":1,"desc":"スタッフ入手","skill_type":0,"skill_value":0,"skill_desc":"無"},{"config_id":6053,"name":"シフォン","quality":1,"type":1,"desc":"スタッフ入手","skill_type":0,"skill_value":0,"skill_desc":"無"},{"config_id":6054,"name":"プリン","quality":1,"type":1,"desc":"スタッフ入手","skill_type":0,"skill_value":0,"skill_desc":"無"},{"config_id":6055,"name":"お団子","quality":1,"type":1,"desc":"スタッフ入手","skill_type":0,"skill_value":0,"skill_desc":"無"},{"config_id":6056,"name":"大福","quality":1,"type":1,"desc":"スタッフ入手","skill_type":0,"skill_value":0,"skill_desc":"無"},{"config_id":6057,"name":"クッキー","quality":1,"type":1,"desc":"スタッフ入手","skill_type":0,"skill_value":0,"skill_desc":"無"},{"config_id":6058,"name":"■■■■■■","quality":3,"type":1,"desc":"スタッフ入手","skill_type":0,"skill_value":0,"skill_desc":"無"},{"config_id":6059,"name":"リボン","quality":2,"type":1,"desc":"スタッフ入手","skill_type":0,"skill_value":0,"skill_desc":"無"},{"config_id":6060,"name":"シュシュ","quality":2,"type":1,"desc":"スタッフ入手","skill_type":0,"skill_value":0,"skill_desc":"無"},{"config_id":6061,"name":"バレッタ","quality":2,"type":1,"desc":"スタッフ入手","skill_type":0,"skill_value":0,"skill_desc":"無"},{"config_id":6062,"name":"チェーン","quality":2,"type":1,"desc":"スタッフ入手","skill_type":0,"skill_value":0,"skill_desc":"無"},{"config_id":6200,"name":"キング","quality":2,"type":1,"desc":"スタッフ入手","skill_type":0,"skill_value":0,"skill_desc":"無"},{"config_id":6201,"name":"ジャック","quality":2,"type":1,"desc":"スタッフ入手","skill_type":0,"skill_value":0,"skill_desc":"無"},{"config_id":6202,"name":"ジョーカー","quality":2,"type":1,"desc":"スタッフ入手","skill_type":0,"skill_value":0,"skill_desc":"無"},{"config_id":6203,"name":"エース","quality":2,"type":1,"desc":"スタッフ入手","skill_type":0,"skill_value":0,"skill_desc":"無"},{"config_id":6204,"name":"ナイン","quality":2,"type":1,"desc":"スタッフ入手","skill_type":0,"skill_value":0,"skill_desc":"無"},{"config_id":6205,"name":"桔梗","quality":2,"type":1,"desc":"スタッフ入手","skill_type":0,"skill_value":0,"skill_desc":"無"},{"config_id":6206,"name":"アリス","quality":2,"type":1,"desc":"スタッフ入手","skill_type":0,"skill_value":0,"skill_desc":"無"},{"config_id":600101,"name":"ココお茶会コーデ","quality":2,"type":5,"desc":"着せ替え入手","skill_type":0,"skill_value":0,"skill_desc":"無"},{"config_id":600102,"name":"ココ愛されコーデ","quality":2,"type":5,"desc":"着せ替え入手","skill_type":14,"skill_value":1,"skill_desc":"出品料理価格＋１ゴールド"},{"config_id":600103,"name":"ココワンピースコーデ","quality":2,"type":5,"desc":"着せ替え入手","skill_type":0,"skill_value":0,"skill_desc":"無"},{"config_id":600104,"name":"コココックコーデ","quality":2,"type":5,"desc":"着せ替え入手","skill_type":0,"skill_value":0,"skill_desc":"無"},{"config_id":600501,"name":"ルルお茶会コーデ","quality":2,"type":5,"desc":"着せ替え入手","skill_type":0,"skill_value":0,"skill_desc":"無"},{"config_id":600551,"name":"ルルコックコーデ","quality":2,"type":5,"desc":"着せ替え入手","skill_type":0,"skill_value":0,"skill_desc":"無"},{"config_id":600701,"name":"ピッピお茶会コーデ","quality":2,"type":5,"desc":"着せ替え入手","skill_type":0,"skill_value":0,"skill_desc":"無"},{"config_id":600751,"name":"ピッピコックコーデ","quality":2,"type":5,"desc":"着せ替え入手","skill_type":0,"skill_value":0,"skill_desc":"無"},{"config_id":600901,"name":"Abお茶会コーデ","quality":2,"type":5,"desc":"着せ替え入手","skill_type":0,"skill_value":0,"skill_desc":"無"},{"config_id":601201,"name":"大牙お茶会コーデ","quality":2,"type":5,"desc":"着せ替え入手","skill_type":0,"skill_value":0,"skill_desc":"無"},{"config_id":602701,"name":"豆乳新春コーデ","quality":5,"type":5,"desc":"着せ替え入手","skill_type":14,"skill_value":1,"skill_desc":"出品料理価格＋１ゴールド"},{"config_id":602901,"name":"メイメイ新春コーデ","quality":5,"type":5,"desc":"着せ替え入手","skill_type":14,"skill_value":1,"skill_desc":"出品料理価格＋１ゴールド"},{"config_id":7001,"name":"悪食マスター","quality":5,"type":2,"desc":"実績達成","skill_type":14,"skill_value":5,"skill_desc":"出品料理価格＋５ゴールド"},{"config_id":7002,"name":"和食マスター","quality":5,"type":2,"desc":"実績達成","skill_type":14,"skill_value":5,"skill_desc":"出品料理価格＋５ゴールド"},{"config_id":7003,"name":"洋食マスター","quality":5,"type":2,"desc":"実績達成","skill_type":14,"skill_value":5,"skill_desc":"出品料理価格＋５ゴールド"},{"config_id":7004,"name":"エスニックマスター","quality":5,"type":2,"desc":"実績達成","skill_type":14,"skill_value":5,"skill_desc":"出品料理価格＋５ゴールド"},{"config_id":7005,"name":"スイーツマスター","quality":5,"type":2,"desc":"実績達成","skill_type":14,"skill_value":5,"skill_desc":"出品料理価格＋５ゴールド"},{"config_id":7006,"name":"ドリンクマスター","quality":5,"type":2,"desc":"実績達成","skill_type":14,"skill_value":5,"skill_desc":"出品料理価格＋５ゴールド"},{"config_id":8001,"name":"経営キング","quality":4,"type":3,"desc":"ランク１位","skill_type":15,"skill_value":10,"skill_desc":"出品料理の価格+10%"},{"config_id":8002,"name":"経営マスター","quality":4,"type":3,"desc":"ランク2-3位","skill_type":15,"skill_value":8,"skill_desc":"出品料理の価格+8%"},{"config_id":8003,"name":"経営フロンティア","quality":4,"type":3,"desc":"ランク4-10位","skill_type":15,"skill_value":5,"skill_desc":"出品料理の価格+5%"},{"config_id":200011,"name":"(光)わくわく海鮮手巻き","quality":5,"type":2,"desc":"実績達成","skill_type":14,"skill_value":1,"skill_desc":"出品料理価格＋１ゴールド"},{"config_id":200021,"name":"(光)ふわトロだし巻き卵","quality":5,"type":2,"desc":"実績達成","skill_type":14,"skill_value":1,"skill_desc":"出品料理価格＋１ゴールド"},{"config_id":200031,"name":"(光)お母さんの肉じゃが","quality":5,"type":2,"desc":"実績達成","skill_type":14,"skill_value":1,"skill_desc":"出品料理価格＋１ゴールド"},{"config_id":200041,"name":"(光)ジューシー豚の角煮","quality":5,"type":2,"desc":"実績達成","skill_type":14,"skill_value":1,"skill_desc":"出品料理価格＋１ゴールド"},{"config_id":200051,"name":"(光)三つ葉のおすまし","quality":5,"type":2,"desc":"実績達成","skill_type":14,"skill_value":1,"skill_desc":"出品料理価格＋１ゴールド"},{"config_id":200061,"name":"(光)さくさく天ぷら丼","quality":5,"type":2,"desc":"実績達成","skill_type":14,"skill_value":1,"skill_desc":"出品料理価格＋１ゴールド"},{"config_id":200071,"name":"(光)焼き魚定食","quality":5,"type":2,"desc":"実績達成","skill_type":14,"skill_value":1,"skill_desc":"出品料理価格＋１ゴールド"},{"config_id":200081,"name":"(光)屋台風焼きそば","quality":5,"type":2,"desc":"実績達成","skill_type":14,"skill_value":1,"skill_desc":"出品料理価格＋１ゴールド"},{"config_id":200091,"name":"(光)アツアツ鍋焼きうどん","quality":5,"type":2,"desc":"実績達成","skill_type":14,"skill_value":1,"skill_desc":"出品料理価格＋１ゴールド"},{"config_id":200101,"name":"(光)京風茶碗蒸し","quality":5,"type":2,"desc":"実績達成","skill_type":14,"skill_value":1,"skill_desc":"出品料理価格＋１ゴールド"},{"config_id":200111,"name":"(光)肉厚ビーフステーキ","quality":5,"type":2,"desc":"実績達成","skill_type":14,"skill_value":1,"skill_desc":"出品料理価格＋１ゴールド"},{"config_id":200121,"name":"(光)濃厚ビーフシチュー","quality":5,"type":2,"desc":"実績達成","skill_type":14,"skill_value":1,"skill_desc":"出品料理価格＋１ゴールド"},{"config_id":200131,"name":"(光)愛妻風オムライス","quality":5,"type":2,"desc":"実績達成","skill_type":14,"skill_value":1,"skill_desc":"出品料理価格＋１ゴールド"},{"config_id":200141,"name":"(光)絶品クリームパスタ","quality":5,"type":2,"desc":"実績達成","skill_type":14,"skill_value":1,"skill_desc":"出品料理価格＋１ゴールド"},{"config_id":200151,"name":"(光)秘伝レシピのグラタン","quality":5,"type":2,"desc":"実績達成","skill_type":14,"skill_value":1,"skill_desc":"出品料理価格＋１ゴールド"},{"config_id":200161,"name":"(光)元気ハンバーグ","quality":5,"type":2,"desc":"実績達成","skill_type":14,"skill_value":1,"skill_desc":"出品料理価格＋１ゴールド"},{"config_id":200171,"name":"(光)贅沢エビフライ","quality":5,"type":2,"desc":"実績達成","skill_type":14,"skill_value":1,"skill_desc":"出品料理価格＋１ゴールド"},{"config_id":200181,"name":"(光)大盛カレーライス","quality":5,"type":2,"desc":"実績達成","skill_type":14,"skill_value":1,"skill_desc":"出品料理価格＋１ゴールド"},{"config_id":200191,"name":"(光)やみつきナポリタン","quality":5,"type":2,"desc":"実績達成","skill_type":14,"skill_value":1,"skill_desc":"出品料理価格＋１ゴールド"},{"config_id":200201,"name":"(光)店長のシーザーサラダ","quality":5,"type":2,"desc":"実績達成","skill_type":14,"skill_value":1,"skill_desc":"出品料理価格＋１ゴールド"},{"config_id":200211,"name":"(光)ぷりぷりエビ蒸し餃子","quality":5,"type":2,"desc":"実績達成","skill_type":14,"skill_value":1,"skill_desc":"出品料理価格＋１ゴールド"},{"config_id":200221,"name":"(光)色どり春巻き","quality":5,"type":2,"desc":"実績達成","skill_type":14,"skill_value":1,"skill_desc":"出品料理価格＋１ゴールド"},{"config_id":200231,"name":"(光)具たっぷり酢豚","quality":5,"type":2,"desc":"実績達成","skill_type":14,"skill_value":1,"skill_desc":"出品料理価格＋１ゴールド"},{"config_id":200241,"name":"(光)コク旨麻婆豆腐","quality":5,"type":2,"desc":"実績達成","skill_type":14,"skill_value":1,"skill_desc":"出品料理価格＋１ゴールド"},{"config_id":200251,"name":"(光)スタミナホイコーロー","quality":5,"type":2,"desc":"実績達成","skill_type":14,"skill_value":1,"skill_desc":"出品料理価格＋１ゴールド"},{"config_id":200261,"name":"(光)パイナップル炒飯","quality":5,"type":2,"desc":"実績達成","skill_type":14,"skill_value":1,"skill_desc":"出品料理価格＋１ゴールド"},{"config_id":200271,"name":"(光)ピリ辛中華風春雨","quality":5,"type":2,"desc":"実績達成","skill_type":14,"skill_value":1,"skill_desc":"出品料理価格＋１ゴールド"},{"config_id":200281,"name":"(光)本格チンジャオロース","quality":5,"type":2,"desc":"実績達成","skill_type":14,"skill_value":1,"skill_desc":"出品料理価格＋１ゴールド"},{"config_id":200291,"name":"(光)うま辛バンバンジー","quality":5,"type":2,"desc":"実績達成","skill_type":14,"skill_value":1,"skill_desc":"出品料理価格＋１ゴールド"},{"config_id":200301,"name":"(光)天然エビの三色炒め","quality":5,"type":2,"desc":"実績達成","skill_type":14,"skill_value":1,"skill_desc":"出品料理価格＋１ゴールド"},{"config_id":200311,"name":"(光)苺のショートケーキ","quality":5,"type":2,"desc":"実績達成","skill_type":14,"skill_value":1,"skill_desc":"出品料理価格＋１ゴールド"},{"config_id":200321,"name":"(光)一口カスタードプリン","quality":5,"type":2,"desc":"実績達成","skill_type":14,"skill_value":1,"skill_desc":"出品料理価格＋１ゴールド"},{"config_id":200331,"name":"(光)モーニングワッフル","quality":5,"type":2,"desc":"実績達成","skill_type":14,"skill_value":1,"skill_desc":"出品料理価格＋１ゴールド"},{"config_id":200341,"name":"(光)濃厚シュークリーム","quality":5,"type":2,"desc":"実績達成","skill_type":14,"skill_value":1,"skill_desc":"出品料理価格＋１ゴールド"},{"config_id":200351,"name":"(光)とろけるチョコアイス","quality":5,"type":2,"desc":"実績達成","skill_type":14,"skill_value":1,"skill_desc":"出品料理価格＋１ゴールド"},{"config_id":200361,"name":"(光)マンゴークリーム大福","quality":5,"type":2,"desc":"実績達成","skill_type":14,"skill_value":1,"skill_desc":"出品料理価格＋１ゴールド"},{"config_id":200371,"name":"(光)季節の花ねりきり","quality":5,"type":2,"desc":"実績達成","skill_type":14,"skill_value":1,"skill_desc":"出品料理価格＋１ゴールド"},{"config_id":200381,"name":"(光)ロイヤルティラミス","quality":5,"type":2,"desc":"実績達成","skill_type":14,"skill_value":1,"skill_desc":"出品料理価格＋１ゴールド"},{"config_id":200391,"name":"(光)姫様風マカロン","quality":5,"type":2,"desc":"実績達成","skill_type":14,"skill_value":1,"skill_desc":"出品料理価格＋１ゴールド"},{"config_id":200401,"name":"(光)旬果物のエッグタルト","quality":5,"type":2,"desc":"実績達成","skill_type":14,"skill_value":1,"skill_desc":"出品料理価格＋１ゴールド"},{"config_id":200411,"name":"(光)カフェ・カプチーノ","quality":5,"type":2,"desc":"実績達成","skill_type":14,"skill_value":1,"skill_desc":"出品料理価格＋１ゴールド"},{"config_id":200421,"name":"(光)緑の抹茶スムージー","quality":5,"type":2,"desc":"実績達成","skill_type":14,"skill_value":1,"skill_desc":"出品料理価格＋１ゴールド"},{"config_id":200431,"name":"(光)カフェモカ・マイルド","quality":5,"type":2,"desc":"実績達成","skill_type":14,"skill_value":1,"skill_desc":"出品料理価格＋１ゴールド"},{"config_id":200441,"name":"(光)フレッシュレモネード","quality":5,"type":2,"desc":"実績達成","skill_type":14,"skill_value":1,"skill_desc":"出品料理価格＋１ゴールド"},{"config_id":200451,"name":"(光)レモンクリームソーダ","quality":5,"type":2,"desc":"実績達成","skill_type":14,"skill_value":1,"skill_desc":"出品料理価格＋１ゴールド"},{"config_id":200461,"name":"(光)バナナミルクセーキ","quality":5,"type":2,"desc":"実績達成","skill_type":14,"skill_value":1,"skill_desc":"出品料理価格＋１ゴールド"},{"config_id":200471,"name":"(光)タピオカ苺ミルクティ","quality":5,"type":2,"desc":"実績達成","skill_type":14,"skill_value":1,"skill_desc":"出品料理価格＋１ゴールド"},{"config_id":200481,"name":"(光)懐かしひやし飴","quality":5,"type":2,"desc":"実績達成","skill_type":14,"skill_value":1,"skill_desc":"出品料理価格＋１ゴールド"},{"config_id":200491,"name":"(光)白玉抹茶ラテ","quality":5,"type":2,"desc":"実績達成","skill_type":14,"skill_value":1,"skill_desc":"出品料理価格＋１ゴールド"},{"config_id":200501,"name":"(光)王様のフラッぺ","quality":5,"type":2,"desc":"実績達成","skill_type":14,"skill_value":1,"skill_desc":"出品料理価格＋１ゴールド"},{"config_id":200012,"name":"(闇)わくわく海鮮手巻き","quality":5,"type":2,"desc":"実績達成","skill_type":14,"skill_value":1,"skill_desc":"出品料理価格＋１ゴールド"},{"config_id":200022,"name":"(闇)ふわトロだし巻き卵","quality":5,"type":2,"desc":"実績達成","skill_type":14,"skill_value":1,"skill_desc":"出品料理価格＋１ゴールド"},{"config_id":200032,"name":"(闇)お母さんの肉じゃが","quality":5,"type":2,"desc":"実績達成","skill_type":14,"skill_value":1,"skill_desc":"出品料理価格＋１ゴールド"},{"config_id":200042,"name":"(闇)ジューシー豚の角煮","quality":5,"type":2,"desc":"実績達成","skill_type":14,"skill_value":1,"skill_desc":"出品料理価格＋１ゴールド"},{"config_id":200052,"name":"(闇)三つ葉のおすまし","quality":5,"type":2,"desc":"実績達成","skill_type":14,"skill_value":1,"skill_desc":"出品料理価格＋１ゴールド"},{"config_id":200062,"name":"(闇)さくさく天ぷら丼","quality":5,"type":2,"desc":"実績達成","skill_type":14,"skill_value":1,"skill_desc":"出品料理価格＋１ゴールド"},{"config_id":200072,"name":"(闇)焼き魚定食","quality":5,"type":2,"desc":"実績達成","skill_type":14,"skill_value":1,"skill_desc":"出品料理価格＋１ゴールド"},{"config_id":200082,"name":"(闇)屋台風焼きそば","quality":5,"type":2,"desc":"実績達成","skill_type":14,"skill_value":1,"skill_desc":"出品料理価格＋１ゴールド"},{"config_id":200092,"name":"(闇)アツアツ鍋焼きうどん","quality":5,"type":2,"desc":"実績達成","skill_type":14,"skill_value":1,"skill_desc":"出品料理価格＋１ゴールド"},{"config_id":200102,"name":"(闇)京風茶碗蒸し","quality":5,"type":2,"desc":"実績達成","skill_type":14,"skill_value":1,"skill_desc":"出品料理価格＋１ゴールド"},{"config_id":200112,"name":"(闇)肉厚ビーフステーキ","quality":5,"type":2,"desc":"実績達成","skill_type":14,"skill_value":1,"skill_desc":"出品料理価格＋１ゴールド"},{"config_id":200122,"name":"(闇)濃厚ビーフシチュー","quality":5,"type":2,"desc":"実績達成","skill_type":14,"skill_value":1,"skill_desc":"出品料理価格＋１ゴールド"},{"config_id":200132,"name":"(闇)愛妻風オムライス","quality":5,"type":2,"desc":"実績達成","skill_type":14,"skill_value":1,"skill_desc":"出品料理価格＋１ゴールド"},{"config_id":200142,"name":"(闇)絶品クリームパスタ","quality":5,"type":2,"desc":"実績達成","skill_type":14,"skill_value":1,"skill_desc":"出品料理価格＋１ゴールド"},{"config_id":200152,"name":"(闇)秘伝レシピのグラタン","quality":5,"type":2,"desc":"実績達成","skill_type":14,"skill_value":1,"skill_desc":"出品料理価格＋１ゴールド"},{"config_id":200162,"name":"(闇)元気ハンバーグ","quality":5,"type":2,"desc":"実績達成","skill_type":14,"skill_value":1,"skill_desc":"出品料理価格＋１ゴールド"},{"config_id":200172,"name":"(闇)贅沢エビフライ","quality":5,"type":2,"desc":"実績達成","skill_type":14,"skill_value":1,"skill_desc":"出品料理価格＋１ゴールド"},{"config_id":200182,"name":"(闇)大盛カレーライス","quality":5,"type":2,"desc":"実績達成","skill_type":14,"skill_value":1,"skill_desc":"出品料理価格＋１ゴールド"},{"config_id":200192,"name":"(闇)やみつきナポリタン","quality":5,"type":2,"desc":"実績達成","skill_type":14,"skill_value":1,"skill_desc":"出品料理価格＋１ゴールド"},{"config_id":200202,"name":"(闇)店長のシーザーサラダ","quality":5,"type":2,"desc":"実績達成","skill_type":14,"skill_value":1,"skill_desc":"出品料理価格＋１ゴールド"},{"config_id":200212,"name":"(闇)ぷりぷりエビ蒸し餃子","quality":5,"type":2,"desc":"実績達成","skill_type":14,"skill_value":1,"skill_desc":"出品料理価格＋１ゴールド"},{"config_id":200222,"name":"(闇)色どり春巻き","quality":5,"type":2,"desc":"実績達成","skill_type":14,"skill_value":1,"skill_desc":"出品料理価格＋１ゴールド"},{"config_id":200232,"name":"(闇)具たっぷり酢豚","quality":5,"type":2,"desc":"実績達成","skill_type":14,"skill_value":1,"skill_desc":"出品料理価格＋１ゴールド"},{"config_id":200242,"name":"(闇)コク旨麻婆豆腐","quality":5,"type":2,"desc":"実績達成","skill_type":14,"skill_value":1,"skill_desc":"出品料理価格＋１ゴールド"},{"config_id":200252,"name":"(闇)スタミナホイコーロー","quality":5,"type":2,"desc":"実績達成","skill_type":14,"skill_value":1,"skill_desc":"出品料理価格＋１ゴールド"},{"config_id":200262,"name":"(闇)パイナップル炒飯","quality":5,"type":2,"desc":"実績達成","skill_type":14,"skill_value":1,"skill_desc":"出品料理価格＋１ゴールド"},{"config_id":200272,"name":"(闇)ピリ辛中華風春雨","quality":5,"type":2,"desc":"実績達成","skill_type":14,"skill_value":1,"skill_desc":"出品料理価格＋１ゴールド"},{"config_id":200282,"name":"(闇)本格チンジャオロース","quality":5,"type":2,"desc":"実績達成","skill_type":14,"skill_value":1,"skill_desc":"出品料理価格＋１ゴールド"},{"config_id":200292,"name":"(闇)うま辛バンバンジー","quality":5,"type":2,"desc":"実績達成","skill_type":14,"skill_value":1,"skill_desc":"出品料理価格＋１ゴールド"},{"config_id":200302,"name":"(闇)天然エビの三色炒め","quality":5,"type":2,"desc":"実績達成","skill_type":14,"skill_value":1,"skill_desc":"出品料理価格＋１ゴールド"},{"config_id":200312,"name":"(闇)苺のショートケーキ","quality":5,"type":2,"desc":"実績達成","skill_type":14,"skill_value":1,"skill_desc":"出品料理価格＋１ゴールド"},{"config_id":200322,"name":"(闇)一口カスタードプリン","quality":5,"type":2,"desc":"実績達成","skill_type":14,"skill_value":1,"skill_desc":"出品料理価格＋１ゴールド"},{"config_id":200332,"name":"(闇)モーニングワッフル","quality":5,"type":2,"desc":"実績達成","skill_type":14,"skill_value":1,"skill_desc":"出品料理価格＋１ゴールド"},{"config_id":200342,"name":"(闇)濃厚シュークリーム","quality":5,"type":2,"desc":"実績達成","skill_type":14,"skill_value":1,"skill_desc":"出品料理価格＋１ゴールド"},{"config_id":200352,"name":"(闇)とろけるチョコアイス","quality":5,"type":2,"desc":"実績達成","skill_type":14,"skill_value":1,"skill_desc":"出品料理価格＋１ゴールド"},{"config_id":200362,"name":"(闇)マンゴークリーム大福","quality":5,"type":2,"desc":"実績達成","skill_type":14,"skill_value":1,"skill_desc":"出品料理価格＋１ゴールド"},{"config_id":200372,"name":"(闇)季節の花ねりきり","quality":5,"type":2,"desc":"実績達成","skill_type":14,"skill_value":1,"skill_desc":"出品料理価格＋１ゴールド"},{"config_id":200382,"name":"(闇)ロイヤルティラミス","quality":5,"type":2,"desc":"実績達成","skill_type":14,"skill_value":1,"skill_desc":"出品料理価格＋１ゴールド"},{"config_id":200392,"name":"(闇)姫様風マカロン","quality":5,"type":2,"desc":"実績達成","skill_type":14,"skill_value":1,"skill_desc":"出品料理価格＋１ゴールド"},{"config_id":200402,"name":"(闇)旬果物のエッグタルト","quality":5,"type":2,"desc":"実績達成","skill_type":14,"skill_value":1,"skill_desc":"出品料理価格＋１ゴールド"},{"config_id":200412,"name":"(闇)カフェ・カプチーノ","quality":5,"type":2,"desc":"実績達成","skill_type":14,"skill_value":1,"skill_desc":"出品料理価格＋１ゴールド"},{"config_id":200422,"name":"(闇)緑の抹茶スムージー","quality":5,"type":2,"desc":"実績達成","skill_type":14,"skill_value":1,"skill_desc":"出品料理価格＋１ゴールド"},{"config_id":200432,"name":"(闇)カフェモカ・マイルド","quality":5,"type":2,"desc":"実績達成","skill_type":14,"skill_value":1,"skill_desc":"出品料理価格＋１ゴールド"},{"config_id":200442,"name":"(闇)フレッシュレモネード","quality":5,"type":2,"desc":"実績達成","skill_type":14,"skill_value":1,"skill_desc":"出品料理価格＋１ゴールド"},{"config_id":200452,"name":"(闇)レモンクリームソーダ","quality":5,"type":2,"desc":"実績達成","skill_type":14,"skill_value":1,"skill_desc":"出品料理価格＋１ゴールド"},{"config_id":200462,"name":"(闇)バナナミルクセーキ","quality":5,"type":2,"desc":"実績達成","skill_type":14,"skill_value":1,"skill_desc":"出品料理価格＋１ゴールド"},{"config_id":200472,"name":"(闇)タピオカ苺ミルクティ","quality":5,"type":2,"desc":"実績達成","skill_type":14,"skill_value":1,"skill_desc":"出品料理価格＋１ゴールド"},{"config_id":200482,"name":"(闇)懐かしひやし飴","quality":5,"type":2,"desc":"実績達成","skill_type":14,"skill_value":1,"skill_desc":"出品料理価格＋１ゴールド"},{"config_id":200492,"name":"(闇)白玉抹茶ラテ","quality":5,"type":2,"desc":"実績達成","skill_type":14,"skill_value":1,"skill_desc":"出品料理価格＋１ゴールド"},{"config_id":200502,"name":"(闇)王様のフラッぺ","quality":5,"type":2,"desc":"実績達成","skill_type":14,"skill_value":1,"skill_desc":"出品料理価格＋１ゴールド"}]