[{"config_id":1,"star_min":0,"star_max":0,"rank_min":1,"rank_max":1,"title":"食品リーグ","mail_word":"おめでとう、あなたはここにあなたの報酬で、リーグの主題%dの名で良い成績を取得します。将来的にはチャンピオンシップを維持するために、我々は、ああ懸命に仕事を続けなければなりません！","reward_id":475},{"config_id":2,"star_min":0,"star_max":0,"rank_min":2,"rank_max":3,"title":"食品リーグ","mail_word":"おめでとう、あなたはここにあなたの報酬で、リーグの主題%dの名で良い成績を取得します。それの同情から最初のニアミスは、私はあなたが優勝よりも悪いことはないと確信して、是非します！","reward_id":476},{"config_id":3,"star_min":0,"star_max":0,"rank_min":4,"rank_max":10,"title":"食品リーグ","mail_word":"おめでとう、あなたはここにあなたの報酬で、リーグの主題%dの名で良い成績を取得します。町の最も有名なレストランの一つの本当に価値がある、値します。","reward_id":477},{"config_id":4,"star_min":0,"star_max":0,"rank_min":11,"rank_max":50,"title":"食品リーグ","mail_word":"おめでとう、あなたはここにあなたの報酬で、リーグの主題%dの名で良い成績を取得します。あなただけのトップシェフの間、偉大であり、いくつかのギャップがある、それを維持してください。","reward_id":478},{"config_id":5,"star_min":0,"star_max":0,"rank_min":51,"rank_max":200,"title":"食品リーグ","mail_word":"おめでとう、あなたはここにあなたの報酬で、リーグの主題%dの名で良い成績を取得します。あなただけのトップシェフの間、偉大であり、いくつかのギャップがある、それを維持してください。","reward_id":479},{"config_id":6,"star_min":0,"star_max":0,"rank_min":201,"rank_max":1000,"title":"食品リーグ","mail_word":"おめでとう、あなたはここにあなたの報酬で、リーグの主題%dの名で良い成績を取得します。","reward_id":480},{"config_id":7,"star_min":0,"star_max":0,"rank_min":1001,"rank_max":5000,"title":"食品リーグ","mail_word":"おめでとう、あなたはここにあなたの報酬で、リーグの主題%dの名で良い成績を取得します。","reward_id":481},{"config_id":8,"star_min":0,"star_max":0,"rank_min":5001,"rank_max":999999,"title":"食品リーグ","mail_word":"おめでとう、あなたはここにあなたの報酬で、リーグの主題%dの名で良い成績を取得します。","reward_id":482},{"config_id":101,"star_min":1,"star_max":3,"rank_min":0,"rank_max":0,"title":"食品リーグ","mail_word":"あなたの料理はここにあなたの報酬で、リーグのテーマに%d-星の基準に達しました。","reward_id":483},{"config_id":102,"star_min":4,"star_max":6,"rank_min":0,"rank_max":0,"title":"食品リーグ","mail_word":"あなたの料理はここにあなたの報酬で、リーグのテーマに%d-星の基準に達しました。","reward_id":484},{"config_id":103,"star_min":7,"star_max":10,"rank_min":0,"rank_max":0,"title":"食品リーグ","mail_word":"あなたの料理はここにあなたの報酬で、リーグのテーマに%d-星の基準に達しました。","reward_id":485},{"config_id":104,"star_min":11,"star_max":15,"rank_min":0,"rank_max":0,"title":"食品リーグ","mail_word":"あなたの料理はここにあなたの報酬で、リーグのテーマに%d-星の基準に達しました。","reward_id":486},{"config_id":105,"star_min":16,"star_max":20,"rank_min":0,"rank_max":0,"title":"食品リーグ","mail_word":"あなたの料理はここにあなたの報酬で、リーグのテーマに%d-星の基準に達しました。","reward_id":487},{"config_id":106,"star_min":21,"star_max":25,"rank_min":0,"rank_max":0,"title":"食品リーグ","mail_word":"あなたの料理はここにあなたの報酬で、リーグのテーマに%d-星の基準に達しました。","reward_id":488}]