[{"grade_id":1,"grade_icon":1,"grade_name":"見習いリーグ","if_jump":1,"popularity_need":50,"promote_effect":200,"demote_effect":200,"grade_reward":613},{"grade_id":2,"grade_icon":2,"grade_name":"下町リーグ","if_jump":1,"popularity_need":100,"promote_effect":200,"demote_effect":200,"grade_reward":614},{"grade_id":3,"grade_icon":3,"grade_name":"カフェリーグ","if_jump":1,"popularity_need":200,"promote_effect":200,"demote_effect":200,"grade_reward":615},{"grade_id":4,"grade_icon":4,"grade_name":"ブラッセリーリーグ","if_jump":1,"popularity_need":300,"promote_effect":200,"demote_effect":200,"grade_reward":616},{"grade_id":5,"grade_icon":5,"grade_name":"ビストロリーグ","if_jump":1,"popularity_need":400,"promote_effect":200,"demote_effect":200,"grade_reward":617},{"grade_id":6,"grade_icon":6,"grade_name":"リストランテリーグ","if_jump":1,"popularity_need":600,"promote_effect":70,"demote_effect":200,"grade_reward":618},{"grade_id":7,"grade_icon":7,"grade_name":"オーベルジュリーグ","if_jump":1,"popularity_need":800,"promote_effect":60,"demote_effect":200,"grade_reward":619},{"grade_id":8,"grade_icon":8,"grade_name":"グランメゾンリーグ","if_jump":1,"popularity_need":1000,"promote_effect":50,"demote_effect":200,"grade_reward":620},{"grade_id":9,"grade_icon":9,"grade_name":"一ツ星リーグ","if_jump":1,"popularity_need":1200,"promote_effect":40,"demote_effect":90,"grade_reward":621},{"grade_id":10,"grade_icon":10,"grade_name":"二ツ星リーグ","if_jump":1,"popularity_need":1400,"promote_effect":40,"demote_effect":90,"grade_reward":622},{"grade_id":11,"grade_icon":11,"grade_name":"三ツ星リーグ","if_jump":1,"popularity_need":1600,"promote_effect":40,"demote_effect":90,"grade_reward":623},{"grade_id":12,"grade_icon":12,"grade_name":"四ツ星リーグ","if_jump":0,"popularity_need":1800,"promote_effect":35,"demote_effect":80,"grade_reward":624},{"grade_id":13,"grade_icon":13,"grade_name":"五ツ星リーグ","if_jump":0,"popularity_need":2000,"promote_effect":35,"demote_effect":70,"grade_reward":625},{"grade_id":14,"grade_icon":14,"grade_name":"一ツ星グランドリーグ","if_jump":0,"popularity_need":2500,"promote_effect":30,"demote_effect":60,"grade_reward":626},{"grade_id":15,"grade_icon":15,"grade_name":"二ツ星グランドリーグ","if_jump":0,"popularity_need":3000,"promote_effect":30,"demote_effect":50,"grade_reward":627},{"grade_id":16,"grade_icon":16,"grade_name":"三ツ星グランドリーグ","if_jump":0,"popularity_need":3000,"promote_effect":30,"demote_effect":30,"grade_reward":628}]