[{"group_id":5001,"menu_id":20001,"match":4,"name":"砂糖","threshold":1},{"group_id":5002,"menu_id":20001,"match":3,"name":"塩","threshold":1},{"group_id":5003,"menu_id":20001,"match":9,"name":"酢","threshold":3},{"group_id":5004,"menu_id":20001,"match":1,"name":"味噌","threshold":1},{"group_id":5005,"menu_id":20001,"match":0,"name":"生姜","threshold":1},{"group_id":5006,"menu_id":20001,"match":0,"name":"ニンニク","threshold":1},{"group_id":5007,"menu_id":20001,"match":-5,"name":"コンソメ","threshold":3},{"group_id":5008,"menu_id":20001,"match":4,"name":"みりん","threshold":1},{"group_id":5009,"menu_id":20001,"match":-1,"name":"パセリ","threshold":3},{"group_id":5010,"menu_id":20001,"match":1,"name":"料理酒","threshold":1},{"group_id":5011,"menu_id":20001,"match":3,"name":"醤油","threshold":1},{"group_id":5012,"menu_id":20001,"match":-4,"name":"ラー油","threshold":3},{"group_id":5013,"menu_id":20001,"match":-6,"name":"ソース","threshold":3},{"group_id":5014,"menu_id":20001,"match":-7,"name":"ケチャップ","threshold":3},{"group_id":5015,"menu_id":20001,"match":-4,"name":"黒砂糖","threshold":3},{"group_id":5016,"menu_id":20001,"match":0,"name":"こしょう","threshold":1},{"group_id":5017,"menu_id":20001,"match":-6,"name":"クリーム","threshold":3},{"group_id":5018,"menu_id":20001,"match":-6,"name":"バター","threshold":3},{"group_id":5019,"menu_id":20001,"match":-6,"name":"練乳","threshold":3},{"group_id":5020,"menu_id":20001,"match":-7,"name":"はちみつ","threshold":3},{"group_id":5021,"menu_id":20001,"match":1,"name":"ラム酒","threshold":1},{"group_id":5022,"menu_id":20001,"match":4,"name":"カツオ節","threshold":2},{"group_id":5001,"menu_id":20002,"match":7,"name":"砂糖","threshold":1},{"group_id":5002,"menu_id":20002,"match":6,"name":"塩","threshold":1},{"group_id":5003,"menu_id":20002,"match":-6,"name":"酢","threshold":3},{"group_id":5004,"menu_id":20002,"match":-9,"name":"味噌","threshold":3},{"group_id":5005,"menu_id":20002,"match":1,"name":"生姜","threshold":1},{"group_id":5006,"menu_id":20002,"match":3,"name":"ニンニク","threshold":1},{"group_id":5007,"menu_id":20002,"match":6,"name":"コンソメ","threshold":1},{"group_id":5008,"menu_id":20002,"match":1,"name":"みりん","threshold":1},{"group_id":5009,"menu_id":20002,"match":4,"name":"パセリ","threshold":1},{"group_id":5010,"menu_id":20002,"match":-5,"name":"料理酒","threshold":3},{"group_id":5011,"menu_id":20002,"match":2,"name":"醤油","threshold":1},{"group_id":5012,"menu_id":20002,"match":3,"name":"ラー油","threshold":1},{"group_id":5013,"menu_id":20002,"match":-4,"name":"ソース","threshold":3},{"group_id":5014,"menu_id":20002,"match":-7,"name":"ケチャップ","threshold":3},{"group_id":5015,"menu_id":20002,"match":2,"name":"黒砂糖","threshold":1},{"group_id":5016,"menu_id":20002,"match":4,"name":"こしょう","threshold":1},{"group_id":5017,"menu_id":20002,"match":-1,"name":"クリーム","threshold":3},{"group_id":5018,"menu_id":20002,"match":4,"name":"バター","threshold":1},{"group_id":5019,"menu_id":20002,"match":-2,"name":"練乳","threshold":3},{"group_id":5020,"menu_id":20002,"match":-8,"name":"はちみつ","threshold":3},{"group_id":5021,"menu_id":20002,"match":-4,"name":"ラム酒","threshold":3},{"group_id":5022,"menu_id":20002,"match":8,"name":"カツオ節","threshold":1},{"group_id":5001,"menu_id":20003,"match":5,"name":"砂糖","threshold":1},{"group_id":5002,"menu_id":20003,"match":6,"name":"塩","threshold":1},{"group_id":5003,"menu_id":20003,"match":2,"name":"酢","threshold":1},{"group_id":5004,"menu_id":20003,"match":1,"name":"味噌","threshold":1},{"group_id":5005,"menu_id":20003,"match":-5,"name":"生姜","threshold":3},{"group_id":5006,"menu_id":20003,"match":1,"name":"ニンニク","threshold":1},{"group_id":5007,"menu_id":20003,"match":2,"name":"コンソメ","threshold":1},{"group_id":5008,"menu_id":20003,"match":4,"name":"みりん","threshold":1},{"group_id":5009,"menu_id":20003,"match":-2,"name":"パセリ","threshold":3},{"group_id":5010,"menu_id":20003,"match":4,"name":"料理酒","threshold":2},{"group_id":5011,"menu_id":20003,"match":6,"name":"醤油","threshold":1},{"group_id":5012,"menu_id":20003,"match":-8,"name":"ラー油","threshold":3},{"group_id":5013,"menu_id":20003,"match":-6,"name":"ソース","threshold":3},{"group_id":5014,"menu_id":20003,"match":-7,"name":"ケチャップ","threshold":3},{"group_id":5015,"menu_id":20003,"match":-4,"name":"黒砂糖","threshold":3},{"group_id":5016,"menu_id":20003,"match":2,"name":"こしょう","threshold":1},{"group_id":5017,"menu_id":20003,"match":-7,"name":"クリーム","threshold":3},{"group_id":5018,"menu_id":20003,"match":1,"name":"バター","threshold":1},{"group_id":5019,"menu_id":20003,"match":-2,"name":"練乳","threshold":3},{"group_id":5020,"menu_id":20003,"match":0,"name":"はちみつ","threshold":1},{"group_id":5021,"menu_id":20003,"match":-1,"name":"ラム酒","threshold":3},{"group_id":5022,"menu_id":20003,"match":6,"name":"カツオ節","threshold":1},{"group_id":5001,"menu_id":20004,"match":8,"name":"砂糖","threshold":3},{"group_id":5002,"menu_id":20004,"match":6,"name":"塩","threshold":1},{"group_id":5003,"menu_id":20004,"match":1,"name":"酢","threshold":1},{"group_id":5004,"menu_id":20004,"match":2,"name":"味噌","threshold":1},{"group_id":5005,"menu_id":20004,"match":5,"name":"生姜","threshold":1},{"group_id":5006,"menu_id":20004,"match":-2,"name":"ニンニク","threshold":3},{"group_id":5007,"menu_id":20004,"match":5,"name":"コンソメ","threshold":1},{"group_id":5008,"menu_id":20004,"match":2,"name":"みりん","threshold":1},{"group_id":5009,"menu_id":20004,"match":1,"name":"パセリ","threshold":1},{"group_id":5010,"menu_id":20004,"match":6,"name":"料理酒","threshold":2},{"group_id":5011,"menu_id":20004,"match":7,"name":"醤油","threshold":2},{"group_id":5012,"menu_id":20004,"match":-3,"name":"ラー油","threshold":3},{"group_id":5013,"menu_id":20004,"match":-6,"name":"ソース","threshold":3},{"group_id":5014,"menu_id":20004,"match":-5,"name":"ケチャップ","threshold":3},{"group_id":5015,"menu_id":20004,"match":4,"name":"黒砂糖","threshold":2},{"group_id":5016,"menu_id":20004,"match":-6,"name":"こしょう","threshold":3},{"group_id":5017,"menu_id":20004,"match":-7,"name":"クリーム","threshold":3},{"group_id":5018,"menu_id":20004,"match":1,"name":"バター","threshold":1},{"group_id":5019,"menu_id":20004,"match":-5,"name":"練乳","threshold":3},{"group_id":5020,"menu_id":20004,"match":-1,"name":"はちみつ","threshold":3},{"group_id":5021,"menu_id":20004,"match":0,"name":"ラム酒","threshold":1},{"group_id":5022,"menu_id":20004,"match":5,"name":"カツオ節","threshold":2},{"group_id":5001,"menu_id":20005,"match":-4,"name":"砂糖","threshold":3},{"group_id":5002,"menu_id":20005,"match":5,"name":"塩","threshold":1},{"group_id":5003,"menu_id":20005,"match":-1,"name":"酢","threshold":3},{"group_id":5004,"menu_id":20005,"match":-1,"name":"味噌","threshold":3},{"group_id":5005,"menu_id":20005,"match":3,"name":"生姜","threshold":1},{"group_id":5006,"menu_id":20005,"match":1,"name":"ニンニク","threshold":1},{"group_id":5007,"menu_id":20005,"match":3,"name":"コンソメ","threshold":1},{"group_id":5008,"menu_id":20005,"match":3,"name":"みりん","threshold":1},{"group_id":5009,"menu_id":20005,"match":1,"name":"パセリ","threshold":1},{"group_id":5010,"menu_id":20005,"match":4,"name":"料理酒","threshold":1},{"group_id":5011,"menu_id":20005,"match":7,"name":"醤油","threshold":1},{"group_id":5012,"menu_id":20005,"match":-2,"name":"ラー油","threshold":3},{"group_id":5013,"menu_id":20005,"match":-4,"name":"ソース","threshold":3},{"group_id":5014,"menu_id":20005,"match":-9,"name":"ケチャップ","threshold":3},{"group_id":5015,"menu_id":20005,"match":-4,"name":"黒砂糖","threshold":3},{"group_id":5016,"menu_id":20005,"match":1,"name":"こしょう","threshold":1},{"group_id":5017,"menu_id":20005,"match":-9,"name":"クリーム","threshold":3},{"group_id":5018,"menu_id":20005,"match":-4,"name":"バター","threshold":3},{"group_id":5019,"menu_id":20005,"match":-8,"name":"練乳","threshold":3},{"group_id":5020,"menu_id":20005,"match":-9,"name":"はちみつ","threshold":3},{"group_id":5021,"menu_id":20005,"match":-4,"name":"ラム酒","threshold":3},{"group_id":5022,"menu_id":20005,"match":8,"name":"カツオ節","threshold":3},{"group_id":5001,"menu_id":20006,"match":-2,"name":"砂糖","threshold":3},{"group_id":5002,"menu_id":20006,"match":6,"name":"塩","threshold":1},{"group_id":5003,"menu_id":20006,"match":-2,"name":"酢","threshold":3},{"group_id":5004,"menu_id":20006,"match":3,"name":"味噌","threshold":1},{"group_id":5005,"menu_id":20006,"match":6,"name":"生姜","threshold":1},{"group_id":5006,"menu_id":20006,"match":1,"name":"ニンニク","threshold":1},{"group_id":5007,"menu_id":20006,"match":-4,"name":"コンソメ","threshold":3},{"group_id":5008,"menu_id":20006,"match":7,"name":"みりん","threshold":1},{"group_id":5009,"menu_id":20006,"match":1,"name":"パセリ","threshold":1},{"group_id":5010,"menu_id":20006,"match":4,"name":"料理酒","threshold":1},{"group_id":5011,"menu_id":20006,"match":1,"name":"醤油","threshold":1},{"group_id":5012,"menu_id":20006,"match":2,"name":"ラー油","threshold":1},{"group_id":5013,"menu_id":20006,"match":-4,"name":"ソース","threshold":1},{"group_id":5014,"menu_id":20006,"match":-4,"name":"ケチャップ","threshold":3},{"group_id":5015,"menu_id":20006,"match":-6,"name":"黒砂糖","threshold":3},{"group_id":5016,"menu_id":20006,"match":4,"name":"こしょう","threshold":1},{"group_id":5017,"menu_id":20006,"match":-9,"name":"クリーム","threshold":3},{"group_id":5018,"menu_id":20006,"match":-8,"name":"バター","threshold":3},{"group_id":5019,"menu_id":20006,"match":-9,"name":"練乳","threshold":3},{"group_id":5020,"menu_id":20006,"match":-4,"name":"はちみつ","threshold":3},{"group_id":5021,"menu_id":20006,"match":1,"name":"ラム酒","threshold":1},{"group_id":5022,"menu_id":20006,"match":5,"name":"カツオ節","threshold":1},{"group_id":5001,"menu_id":20007,"match":-1,"name":"砂糖","threshold":3},{"group_id":5002,"menu_id":20007,"match":8,"name":"塩","threshold":1},{"group_id":5003,"menu_id":20007,"match":4,"name":"酢","threshold":1},{"group_id":5004,"menu_id":20007,"match":10,"name":"味噌","threshold":3},{"group_id":5005,"menu_id":20007,"match":-1,"name":"生姜","threshold":3},{"group_id":5006,"menu_id":20007,"match":-3,"name":"ニンニク","threshold":3},{"group_id":5007,"menu_id":20007,"match":-2,"name":"コンソメ","threshold":3},{"group_id":5008,"menu_id":20007,"match":-4,"name":"みりん","threshold":3},{"group_id":5009,"menu_id":20007,"match":-5,"name":"パセリ","threshold":3},{"group_id":5010,"menu_id":20007,"match":3,"name":"料理酒","threshold":1},{"group_id":5011,"menu_id":20007,"match":8,"name":"醤油","threshold":1},{"group_id":5012,"menu_id":20007,"match":-1,"name":"ラー油","threshold":3},{"group_id":5013,"menu_id":20007,"match":-6,"name":"ソース","threshold":3},{"group_id":5014,"menu_id":20007,"match":-7,"name":"ケチャップ","threshold":3},{"group_id":5015,"menu_id":20007,"match":-8,"name":"黒砂糖","threshold":3},{"group_id":5016,"menu_id":20007,"match":5,"name":"こしょう","threshold":1},{"group_id":5017,"menu_id":20007,"match":-8,"name":"クリーム","threshold":3},{"group_id":5018,"menu_id":20007,"match":2,"name":"バター","threshold":1},{"group_id":5019,"menu_id":20007,"match":-7,"name":"練乳","threshold":3},{"group_id":5020,"menu_id":20007,"match":-7,"name":"はちみつ","threshold":3},{"group_id":5021,"menu_id":20007,"match":-4,"name":"ラム酒","threshold":3},{"group_id":5022,"menu_id":20007,"match":9,"name":"カツオ節","threshold":2},{"group_id":5001,"menu_id":20008,"match":-4,"name":"砂糖","threshold":3},{"group_id":5002,"menu_id":20008,"match":0,"name":"塩","threshold":1},{"group_id":5003,"menu_id":20008,"match":-3,"name":"酢","threshold":3},{"group_id":5004,"menu_id":20008,"match":2,"name":"味噌","threshold":1},{"group_id":5005,"menu_id":20008,"match":-4,"name":"生姜","threshold":3},{"group_id":5006,"menu_id":20008,"match":-4,"name":"ニンニク","threshold":3},{"group_id":5007,"menu_id":20008,"match":-8,"name":"コンソメ","threshold":3},{"group_id":5008,"menu_id":20008,"match":1,"name":"みりん","threshold":1},{"group_id":5009,"menu_id":20008,"match":3,"name":"パセリ","threshold":1},{"group_id":5010,"menu_id":20008,"match":1,"name":"料理酒","threshold":1},{"group_id":5011,"menu_id":20008,"match":7,"name":"醤油","threshold":1},{"group_id":5012,"menu_id":20008,"match":-4,"name":"ラー油","threshold":3},{"group_id":5013,"menu_id":20008,"match":-7,"name":"ソース","threshold":3},{"group_id":5014,"menu_id":20008,"match":-2,"name":"ケチャップ","threshold":3},{"group_id":5015,"menu_id":20008,"match":-3,"name":"黒砂糖","threshold":3},{"group_id":5016,"menu_id":20008,"match":7,"name":"こしょう","threshold":1},{"group_id":5017,"menu_id":20008,"match":-6,"name":"クリーム","threshold":3},{"group_id":5018,"menu_id":20008,"match":2,"name":"バター","threshold":1},{"group_id":5019,"menu_id":20008,"match":-4,"name":"練乳","threshold":3},{"group_id":5020,"menu_id":20008,"match":-1,"name":"はちみつ","threshold":3},{"group_id":5021,"menu_id":20008,"match":-3,"name":"ラム酒","threshold":3},{"group_id":5022,"menu_id":20008,"match":5,"name":"カツオ節","threshold":2},{"group_id":5001,"menu_id":20009,"match":-4,"name":"砂糖","threshold":3},{"group_id":5002,"menu_id":20009,"match":4,"name":"塩","threshold":1},{"group_id":5003,"menu_id":20009,"match":-2,"name":"酢","threshold":3},{"group_id":5004,"menu_id":20009,"match":6,"name":"味噌","threshold":2},{"group_id":5005,"menu_id":20009,"match":4,"name":"生姜","threshold":1},{"group_id":5006,"menu_id":20009,"match":-1,"name":"ニンニク","threshold":3},{"group_id":5007,"menu_id":20009,"match":-2,"name":"コンソメ","threshold":3},{"group_id":5008,"menu_id":20009,"match":4,"name":"みりん","threshold":1},{"group_id":5009,"menu_id":20009,"match":-3,"name":"パセリ","threshold":3},{"group_id":5010,"menu_id":20009,"match":2,"name":"料理酒","threshold":1},{"group_id":5011,"menu_id":20009,"match":3,"name":"醤油","threshold":1},{"group_id":5012,"menu_id":20009,"match":-4,"name":"ラー油","threshold":3},{"group_id":5013,"menu_id":20009,"match":-6,"name":"ソース","threshold":3},{"group_id":5014,"menu_id":20009,"match":-8,"name":"ケチャップ","threshold":3},{"group_id":5015,"menu_id":20009,"match":-2,"name":"黒砂糖","threshold":3},{"group_id":5016,"menu_id":20009,"match":2,"name":"こしょう","threshold":1},{"group_id":5017,"menu_id":20009,"match":-4,"name":"クリーム","threshold":3},{"group_id":5018,"menu_id":20009,"match":1,"name":"バター","threshold":1},{"group_id":5019,"menu_id":20009,"match":-5,"name":"練乳","threshold":3},{"group_id":5020,"menu_id":20009,"match":-5,"name":"はちみつ","threshold":3},{"group_id":5021,"menu_id":20009,"match":-5,"name":"ラム酒","threshold":3},{"group_id":5022,"menu_id":20009,"match":9,"name":"カツオ節","threshold":2},{"group_id":5001,"menu_id":20010,"match":3,"name":"砂糖","threshold":1},{"group_id":5002,"menu_id":20010,"match":4,"name":"塩","threshold":1},{"group_id":5003,"menu_id":20010,"match":1,"name":"酢","threshold":1},{"group_id":5004,"menu_id":20010,"match":-5,"name":"味噌","threshold":3},{"group_id":5005,"menu_id":20010,"match":4,"name":"生姜","threshold":1},{"group_id":5006,"menu_id":20010,"match":-1,"name":"ニンニク","threshold":3},{"group_id":5007,"menu_id":20010,"match":5,"name":"コンソメ","threshold":1},{"group_id":5008,"menu_id":20010,"match":2,"name":"みりん","threshold":1},{"group_id":5009,"menu_id":20010,"match":1,"name":"パセリ","threshold":1},{"group_id":5010,"menu_id":20010,"match":4,"name":"料理酒","threshold":1},{"group_id":5011,"menu_id":20010,"match":1,"name":"醤油","threshold":1},{"group_id":5012,"menu_id":20010,"match":-8,"name":"ラー油","threshold":3},{"group_id":5013,"menu_id":20010,"match":-4,"name":"ソース","threshold":3},{"group_id":5014,"menu_id":20010,"match":-7,"name":"ケチャップ","threshold":3},{"group_id":5015,"menu_id":20010,"match":-2,"name":"黒砂糖","threshold":3},{"group_id":5016,"menu_id":20010,"match":4,"name":"こしょう","threshold":1},{"group_id":5017,"menu_id":20010,"match":-2,"name":"クリーム","threshold":3},{"group_id":5018,"menu_id":20010,"match":-3,"name":"バター","threshold":3},{"group_id":5019,"menu_id":20010,"match":-4,"name":"練乳","threshold":3},{"group_id":5020,"menu_id":20010,"match":-1,"name":"はちみつ","threshold":3},{"group_id":5021,"menu_id":20010,"match":-2,"name":"ラム酒","threshold":3},{"group_id":5022,"menu_id":20010,"match":3,"name":"カツオ節","threshold":1},{"group_id":5001,"menu_id":20011,"match":-1,"name":"砂糖","threshold":3},{"group_id":5002,"menu_id":20011,"match":4,"name":"塩","threshold":1},{"group_id":5003,"menu_id":20011,"match":-5,"name":"酢","threshold":3},{"group_id":5004,"menu_id":20011,"match":-6,"name":"味噌","threshold":3},{"group_id":5005,"menu_id":20011,"match":0,"name":"生姜","threshold":1},{"group_id":5006,"menu_id":20011,"match":6,"name":"ニンニク","threshold":1},{"group_id":5007,"menu_id":20011,"match":2,"name":"コンソメ","threshold":1},{"group_id":5008,"menu_id":20011,"match":3,"name":"みりん","threshold":1},{"group_id":5009,"menu_id":20011,"match":2,"name":"パセリ","threshold":1},{"group_id":5010,"menu_id":20011,"match":6,"name":"料理酒","threshold":1},{"group_id":5011,"menu_id":20011,"match":2,"name":"醤油","threshold":1},{"group_id":5012,"menu_id":20011,"match":-4,"name":"ラー油","threshold":3},{"group_id":5013,"menu_id":20011,"match":-8,"name":"ソース","threshold":1},{"group_id":5014,"menu_id":20011,"match":-2,"name":"ケチャップ","threshold":3},{"group_id":5015,"menu_id":20011,"match":-5,"name":"黒砂糖","threshold":3},{"group_id":5016,"menu_id":20011,"match":5,"name":"こしょう","threshold":1},{"group_id":5017,"menu_id":20011,"match":-7,"name":"クリーム","threshold":3},{"group_id":5018,"menu_id":20011,"match":6,"name":"バター","threshold":2},{"group_id":5019,"menu_id":20011,"match":-3,"name":"練乳","threshold":3},{"group_id":5020,"menu_id":20011,"match":-9,"name":"はちみつ","threshold":3},{"group_id":5021,"menu_id":20011,"match":4,"name":"ラム酒","threshold":1},{"group_id":5022,"menu_id":20011,"match":-4,"name":"カツオ節","threshold":3},{"group_id":5001,"menu_id":20012,"match":-1,"name":"砂糖","threshold":3},{"group_id":5002,"menu_id":20012,"match":6,"name":"塩","threshold":1},{"group_id":5003,"menu_id":20012,"match":-3,"name":"酢","threshold":3},{"group_id":5004,"menu_id":20012,"match":4,"name":"味噌","threshold":1},{"group_id":5005,"menu_id":20012,"match":-1,"name":"生姜","threshold":3},{"group_id":5006,"menu_id":20012,"match":4,"name":"ニンニク","threshold":1},{"group_id":5007,"menu_id":20012,"match":6,"name":"コンソメ","threshold":1},{"group_id":5008,"menu_id":20012,"match":4,"name":"みりん","threshold":1},{"group_id":5009,"menu_id":20012,"match":-1,"name":"パセリ","threshold":3},{"group_id":5010,"menu_id":20012,"match":-1,"name":"料理酒","threshold":3},{"group_id":5011,"menu_id":20012,"match":-5,"name":"醤油","threshold":3},{"group_id":5012,"menu_id":20012,"match":-8,"name":"ラー油","threshold":3},{"group_id":5013,"menu_id":20012,"match":-7,"name":"ソース","threshold":3},{"group_id":5014,"menu_id":20012,"match":-5,"name":"ケチャップ","threshold":3},{"group_id":5015,"menu_id":20012,"match":-4,"name":"黒砂糖","threshold":3},{"group_id":5016,"menu_id":20012,"match":4,"name":"こしょう","threshold":1},{"group_id":5017,"menu_id":20012,"match":4,"name":"クリーム","threshold":1},{"group_id":5018,"menu_id":20012,"match":3,"name":"バター","threshold":1},{"group_id":5019,"menu_id":20012,"match":2,"name":"練乳","threshold":1},{"group_id":5020,"menu_id":20012,"match":1,"name":"はちみつ","threshold":1},{"group_id":5021,"menu_id":20012,"match":4,"name":"ラム酒","threshold":1},{"group_id":5022,"menu_id":20012,"match":-8,"name":"カツオ節","threshold":3},{"group_id":5001,"menu_id":20013,"match":6,"name":"砂糖","threshold":1},{"group_id":5002,"menu_id":20013,"match":4,"name":"塩","threshold":1},{"group_id":5003,"menu_id":20013,"match":-4,"name":"酢","threshold":3},{"group_id":5004,"menu_id":20013,"match":-6,"name":"味噌","threshold":3},{"group_id":5005,"menu_id":20013,"match":-1,"name":"生姜","threshold":3},{"group_id":5006,"menu_id":20013,"match":2,"name":"ニンニク","threshold":1},{"group_id":5007,"menu_id":20013,"match":3,"name":"コンソメ","threshold":1},{"group_id":5008,"menu_id":20013,"match":-2,"name":"みりん","threshold":3},{"group_id":5009,"menu_id":20013,"match":6,"name":"パセリ","threshold":1},{"group_id":5010,"menu_id":20013,"match":-6,"name":"料理酒","threshold":3},{"group_id":5011,"menu_id":20013,"match":-4,"name":"醤油","threshold":3},{"group_id":5012,"menu_id":20013,"match":-8,"name":"ラー油","threshold":3},{"group_id":5013,"menu_id":20013,"match":-6,"name":"ソース","threshold":3},{"group_id":5014,"menu_id":20013,"match":10,"name":"ケチャップ","threshold":2},{"group_id":5015,"menu_id":20013,"match":-8,"name":"黒砂糖","threshold":3},{"group_id":5016,"menu_id":20013,"match":-4,"name":"こしょう","threshold":3},{"group_id":5017,"menu_id":20013,"match":1,"name":"クリーム","threshold":1},{"group_id":5018,"menu_id":20013,"match":4,"name":"バター","threshold":2},{"group_id":5019,"menu_id":20013,"match":-4,"name":"練乳","threshold":3},{"group_id":5020,"menu_id":20013,"match":-1,"name":"はちみつ","threshold":3},{"group_id":5021,"menu_id":20013,"match":-5,"name":"ラム酒","threshold":3},{"group_id":5022,"menu_id":20013,"match":-5,"name":"カツオ節","threshold":3},{"group_id":5001,"menu_id":20014,"match":4,"name":"砂糖","threshold":1},{"group_id":5002,"menu_id":20014,"match":2,"name":"塩","threshold":1},{"group_id":5003,"menu_id":20014,"match":-2,"name":"酢","threshold":3},{"group_id":5004,"menu_id":20014,"match":-8,"name":"味噌","threshold":3},{"group_id":5005,"menu_id":20014,"match":-1,"name":"生姜","threshold":3},{"group_id":5006,"menu_id":20014,"match":3,"name":"ニンニク","threshold":1},{"group_id":5007,"menu_id":20014,"match":4,"name":"コンソメ","threshold":1},{"group_id":5008,"menu_id":20014,"match":1,"name":"みりん","threshold":1},{"group_id":5009,"menu_id":20014,"match":2,"name":"パセリ","threshold":1},{"group_id":5010,"menu_id":20014,"match":-1,"name":"料理酒","threshold":3},{"group_id":5011,"menu_id":20014,"match":-2,"name":"醤油","threshold":3},{"group_id":5012,"menu_id":20014,"match":-8,"name":"ラー油","threshold":3},{"group_id":5013,"menu_id":20014,"match":-8,"name":"ソース","threshold":3},{"group_id":5014,"menu_id":20014,"match":-5,"name":"ケチャップ","threshold":3},{"group_id":5015,"menu_id":20014,"match":-4,"name":"黒砂糖","threshold":3},{"group_id":5016,"menu_id":20014,"match":3,"name":"こしょう","threshold":1},{"group_id":5017,"menu_id":20014,"match":9,"name":"クリーム","threshold":3},{"group_id":5018,"menu_id":20014,"match":6,"name":"バター","threshold":2},{"group_id":5019,"menu_id":20014,"match":8,"name":"練乳","threshold":1},{"group_id":5020,"menu_id":20014,"match":1,"name":"はちみつ","threshold":1},{"group_id":5021,"menu_id":20014,"match":1,"name":"ラム酒","threshold":1},{"group_id":5022,"menu_id":20014,"match":-2,"name":"カツオ節","threshold":3},{"group_id":5001,"menu_id":20015,"match":-1,"name":"砂糖","threshold":3},{"group_id":5002,"menu_id":20015,"match":4,"name":"塩","threshold":1},{"group_id":5003,"menu_id":20015,"match":1,"name":"酢","threshold":1},{"group_id":5004,"menu_id":20015,"match":-4,"name":"味噌","threshold":3},{"group_id":5005,"menu_id":20015,"match":-3,"name":"生姜","threshold":3},{"group_id":5006,"menu_id":20015,"match":3,"name":"ニンニク","threshold":1},{"group_id":5007,"menu_id":20015,"match":6,"name":"コンソメ","threshold":1},{"group_id":5008,"menu_id":20015,"match":1,"name":"みりん","threshold":1},{"group_id":5009,"menu_id":20015,"match":4,"name":"パセリ","threshold":1},{"group_id":5010,"menu_id":20015,"match":-4,"name":"料理酒","threshold":3},{"group_id":5011,"menu_id":20015,"match":-6,"name":"醤油","threshold":3},{"group_id":5012,"menu_id":20015,"match":-8,"name":"ラー油","threshold":3},{"group_id":5013,"menu_id":20015,"match":-8,"name":"ソース","threshold":1},{"group_id":5014,"menu_id":20015,"match":-4,"name":"ケチャップ","threshold":3},{"group_id":5015,"menu_id":20015,"match":-2,"name":"黒砂糖","threshold":3},{"group_id":5016,"menu_id":20015,"match":1,"name":"こしょう","threshold":1},{"group_id":5017,"menu_id":20015,"match":6,"name":"クリーム","threshold":2},{"group_id":5018,"menu_id":20015,"match":4,"name":"バター","threshold":1},{"group_id":5019,"menu_id":20015,"match":1,"name":"練乳","threshold":1},{"group_id":5020,"menu_id":20015,"match":1,"name":"はちみつ","threshold":1},{"group_id":5021,"menu_id":20015,"match":-4,"name":"ラム酒","threshold":3},{"group_id":5022,"menu_id":20015,"match":-6,"name":"カツオ節","threshold":3},{"group_id":5001,"menu_id":20016,"match":2,"name":"砂糖","threshold":1},{"group_id":5002,"menu_id":20016,"match":6,"name":"塩","threshold":2},{"group_id":5003,"menu_id":20016,"match":-6,"name":"酢","threshold":3},{"group_id":5004,"menu_id":20016,"match":-6,"name":"味噌","threshold":3},{"group_id":5005,"menu_id":20016,"match":-3,"name":"生姜","threshold":3},{"group_id":5006,"menu_id":20016,"match":4,"name":"ニンニク","threshold":2},{"group_id":5007,"menu_id":20016,"match":-1,"name":"コンソメ","threshold":3},{"group_id":5008,"menu_id":20016,"match":1,"name":"みりん","threshold":1},{"group_id":5009,"menu_id":20016,"match":4,"name":"パセリ","threshold":1},{"group_id":5010,"menu_id":20016,"match":2,"name":"料理酒","threshold":1},{"group_id":5011,"menu_id":20016,"match":-4,"name":"醤油","threshold":3},{"group_id":5012,"menu_id":20016,"match":-8,"name":"ラー油","threshold":3},{"group_id":5013,"menu_id":20016,"match":-7,"name":"ソース","threshold":1},{"group_id":5014,"menu_id":20016,"match":2,"name":"ケチャップ","threshold":1},{"group_id":5015,"menu_id":20016,"match":-7,"name":"黒砂糖","threshold":3},{"group_id":5016,"menu_id":20016,"match":6,"name":"こしょう","threshold":2},{"group_id":5017,"menu_id":20016,"match":-4,"name":"クリーム","threshold":3},{"group_id":5018,"menu_id":20016,"match":6,"name":"バター","threshold":2},{"group_id":5019,"menu_id":20016,"match":-4,"name":"練乳","threshold":3},{"group_id":5020,"menu_id":20016,"match":-8,"name":"はちみつ","threshold":3},{"group_id":5021,"menu_id":20016,"match":-6,"name":"ラム酒","threshold":3},{"group_id":5022,"menu_id":20016,"match":-5,"name":"カツオ節","threshold":3},{"group_id":5001,"menu_id":20017,"match":7,"name":"砂糖","threshold":1},{"group_id":5002,"menu_id":20017,"match":6,"name":"塩","threshold":1},{"group_id":5003,"menu_id":20017,"match":2,"name":"酢","threshold":1},{"group_id":5004,"menu_id":20017,"match":1,"name":"味噌","threshold":1},{"group_id":5005,"menu_id":20017,"match":1,"name":"生姜","threshold":1},{"group_id":5006,"menu_id":20017,"match":1,"name":"ニンニク","threshold":1},{"group_id":5007,"menu_id":20017,"match":0,"name":"コンソメ","threshold":1},{"group_id":5008,"menu_id":20017,"match":1,"name":"みりん","threshold":1},{"group_id":5009,"menu_id":20017,"match":0,"name":"パセリ","threshold":1},{"group_id":5010,"menu_id":20017,"match":1,"name":"料理酒","threshold":1},{"group_id":5011,"menu_id":20017,"match":-6,"name":"醤油","threshold":3},{"group_id":5012,"menu_id":20017,"match":-8,"name":"ラー油","threshold":3},{"group_id":5013,"menu_id":20017,"match":-7,"name":"ソース","threshold":1},{"group_id":5014,"menu_id":20017,"match":6,"name":"ケチャップ","threshold":2},{"group_id":5015,"menu_id":20017,"match":-5,"name":"黒砂糖","threshold":3},{"group_id":5016,"menu_id":20017,"match":-3,"name":"こしょう","threshold":3},{"group_id":5017,"menu_id":20017,"match":1,"name":"クリーム","threshold":1},{"group_id":5018,"menu_id":20017,"match":-5,"name":"バター","threshold":3},{"group_id":5019,"menu_id":20017,"match":-3,"name":"練乳","threshold":3},{"group_id":5020,"menu_id":20017,"match":-7,"name":"はちみつ","threshold":3},{"group_id":5021,"menu_id":20017,"match":1,"name":"ラム酒","threshold":1},{"group_id":5022,"menu_id":20017,"match":1,"name":"カツオ節","threshold":1},{"group_id":5001,"menu_id":20018,"match":-2,"name":"砂糖","threshold":3},{"group_id":5002,"menu_id":20018,"match":1,"name":"塩","threshold":1},{"group_id":5003,"menu_id":20018,"match":-5,"name":"酢","threshold":3},{"group_id":5004,"menu_id":20018,"match":-4,"name":"味噌","threshold":3},{"group_id":5005,"menu_id":20018,"match":4,"name":"生姜","threshold":1},{"group_id":5006,"menu_id":20018,"match":6,"name":"ニンニク","threshold":1},{"group_id":5007,"menu_id":20018,"match":2,"name":"コンソメ","threshold":1},{"group_id":5008,"menu_id":20018,"match":-3,"name":"みりん","threshold":3},{"group_id":5009,"menu_id":20018,"match":3,"name":"パセリ","threshold":1},{"group_id":5010,"menu_id":20018,"match":3,"name":"料理酒","threshold":1},{"group_id":5011,"menu_id":20018,"match":1,"name":"醤油","threshold":1},{"group_id":5012,"menu_id":20018,"match":2,"name":"ラー油","threshold":1},{"group_id":5013,"menu_id":20018,"match":-8,"name":"ソース","threshold":3},{"group_id":5014,"menu_id":20018,"match":-7,"name":"ケチャップ","threshold":3},{"group_id":5015,"menu_id":20018,"match":-6,"name":"黒砂糖","threshold":3},{"group_id":5016,"menu_id":20018,"match":-4,"name":"こしょう","threshold":3},{"group_id":5017,"menu_id":20018,"match":-1,"name":"クリーム","threshold":3},{"group_id":5018,"menu_id":20018,"match":6,"name":"バター","threshold":2},{"group_id":5019,"menu_id":20018,"match":1,"name":"練乳","threshold":1},{"group_id":5020,"menu_id":20018,"match":-7,"name":"はちみつ","threshold":3},{"group_id":5021,"menu_id":20018,"match":-4,"name":"ラム酒","threshold":3},{"group_id":5022,"menu_id":20018,"match":1,"name":"カツオ節","threshold":1},{"group_id":5001,"menu_id":20019,"match":-4,"name":"砂糖","threshold":3},{"group_id":5002,"menu_id":20019,"match":2,"name":"塩","threshold":1},{"group_id":5003,"menu_id":20019,"match":4,"name":"酢","threshold":1},{"group_id":5004,"menu_id":20019,"match":-6,"name":"味噌","threshold":3},{"group_id":5005,"menu_id":20019,"match":-8,"name":"生姜","threshold":3},{"group_id":5006,"menu_id":20019,"match":-4,"name":"ニンニク","threshold":3},{"group_id":5007,"menu_id":20019,"match":-6,"name":"コンソメ","threshold":3},{"group_id":5008,"menu_id":20019,"match":-4,"name":"みりん","threshold":3},{"group_id":5009,"menu_id":20019,"match":6,"name":"パセリ","threshold":1},{"group_id":5010,"menu_id":20019,"match":1,"name":"料理酒","threshold":1},{"group_id":5011,"menu_id":20019,"match":2,"name":"醤油","threshold":1},{"group_id":5012,"menu_id":20019,"match":-6,"name":"ラー油","threshold":3},{"group_id":5013,"menu_id":20019,"match":-7,"name":"ソース","threshold":1},{"group_id":5014,"menu_id":20019,"match":8,"name":"ケチャップ","threshold":3},{"group_id":5015,"menu_id":20019,"match":-4,"name":"黒砂糖","threshold":3},{"group_id":5016,"menu_id":20019,"match":1,"name":"こしょう","threshold":1},{"group_id":5017,"menu_id":20019,"match":-5,"name":"クリーム","threshold":3},{"group_id":5018,"menu_id":20019,"match":6,"name":"バター","threshold":2},{"group_id":5019,"menu_id":20019,"match":-4,"name":"練乳","threshold":3},{"group_id":5020,"menu_id":20019,"match":-8,"name":"はちみつ","threshold":3},{"group_id":5021,"menu_id":20019,"match":-4,"name":"ラム酒","threshold":3},{"group_id":5022,"menu_id":20019,"match":3,"name":"カツオ節","threshold":1},{"group_id":5001,"menu_id":20020,"match":-1,"name":"砂糖","threshold":3},{"group_id":5002,"menu_id":20020,"match":8,"name":"塩","threshold":2},{"group_id":5003,"menu_id":20020,"match":6,"name":"酢","threshold":2},{"group_id":5004,"menu_id":20020,"match":-4,"name":"味噌","threshold":3},{"group_id":5005,"menu_id":20020,"match":1,"name":"生姜","threshold":1},{"group_id":5006,"menu_id":20020,"match":1,"name":"ニンニク","threshold":1},{"group_id":5007,"menu_id":20020,"match":2,"name":"コンソメ","threshold":1},{"group_id":5008,"menu_id":20020,"match":3,"name":"みりん","threshold":1},{"group_id":5009,"menu_id":20020,"match":6,"name":"パセリ","threshold":1},{"group_id":5010,"menu_id":20020,"match":-1,"name":"料理酒","threshold":3},{"group_id":5011,"menu_id":20020,"match":-8,"name":"醤油","threshold":3},{"group_id":5012,"menu_id":20020,"match":-8,"name":"ラー油","threshold":3},{"group_id":5013,"menu_id":20020,"match":-8,"name":"ソース","threshold":3},{"group_id":5014,"menu_id":20020,"match":-6,"name":"ケチャップ","threshold":3},{"group_id":5015,"menu_id":20020,"match":-3,"name":"黒砂糖","threshold":3},{"group_id":5016,"menu_id":20020,"match":4,"name":"こしょう","threshold":1},{"group_id":5017,"menu_id":20020,"match":0,"name":"クリーム","threshold":1},{"group_id":5018,"menu_id":20020,"match":-1,"name":"バター","threshold":3},{"group_id":5019,"menu_id":20020,"match":-3,"name":"練乳","threshold":3},{"group_id":5020,"menu_id":20020,"match":-6,"name":"はちみつ","threshold":3},{"group_id":5021,"menu_id":20020,"match":-1,"name":"ラム酒","threshold":3},{"group_id":5022,"menu_id":20020,"match":0,"name":"カツオ節","threshold":1},{"group_id":5001,"menu_id":20021,"match":0,"name":"砂糖","threshold":3},{"group_id":5002,"menu_id":20021,"match":7,"name":"塩","threshold":1},{"group_id":5003,"menu_id":20021,"match":3,"name":"酢","threshold":1},{"group_id":5004,"menu_id":20021,"match":-1,"name":"味噌","threshold":3},{"group_id":5005,"menu_id":20021,"match":1,"name":"生姜","threshold":1},{"group_id":5006,"menu_id":20021,"match":-3,"name":"ニンニク","threshold":3},{"group_id":5007,"menu_id":20021,"match":5,"name":"コンソメ","threshold":1},{"group_id":5008,"menu_id":20021,"match":1,"name":"みりん","threshold":1},{"group_id":5009,"menu_id":20021,"match":2,"name":"パセリ","threshold":1},{"group_id":5010,"menu_id":20021,"match":2,"name":"料理酒","threshold":1},{"group_id":5011,"menu_id":20021,"match":1,"name":"醤油","threshold":1},{"group_id":5012,"menu_id":20021,"match":-3,"name":"ラー油","threshold":3},{"group_id":5013,"menu_id":20021,"match":-5,"name":"ソース","threshold":3},{"group_id":5014,"menu_id":20021,"match":0,"name":"ケチャップ","threshold":1},{"group_id":5015,"menu_id":20021,"match":-5,"name":"黒砂糖","threshold":3},{"group_id":5016,"menu_id":20021,"match":1,"name":"こしょう","threshold":1},{"group_id":5017,"menu_id":20021,"match":-3,"name":"クリーム","threshold":3},{"group_id":5018,"menu_id":20021,"match":-3,"name":"バター","threshold":3},{"group_id":5019,"menu_id":20021,"match":-3,"name":"練乳","threshold":3},{"group_id":5020,"menu_id":20021,"match":-7,"name":"はちみつ","threshold":3},{"group_id":5021,"menu_id":20021,"match":3,"name":"ラム酒","threshold":1},{"group_id":5022,"menu_id":20021,"match":0,"name":"カツオ節","threshold":1},{"group_id":5001,"menu_id":20022,"match":6,"name":"砂糖","threshold":2},{"group_id":5002,"menu_id":20022,"match":2,"name":"塩","threshold":1},{"group_id":5003,"menu_id":20022,"match":-1,"name":"酢","threshold":3},{"group_id":5004,"menu_id":20022,"match":-6,"name":"味噌","threshold":3},{"group_id":5005,"menu_id":20022,"match":4,"name":"生姜","threshold":1},{"group_id":5006,"menu_id":20022,"match":1,"name":"ニンニク","threshold":1},{"group_id":5007,"menu_id":20022,"match":8,"name":"コンソメ","threshold":1},{"group_id":5008,"menu_id":20022,"match":4,"name":"みりん","threshold":1},{"group_id":5009,"menu_id":20022,"match":3,"name":"パセリ","threshold":2},{"group_id":5010,"menu_id":20022,"match":4,"name":"料理酒","threshold":1},{"group_id":5011,"menu_id":20022,"match":1,"name":"醤油","threshold":1},{"group_id":5012,"menu_id":20022,"match":-1,"name":"ラー油","threshold":3},{"group_id":5013,"menu_id":20022,"match":-4,"name":"ソース","threshold":3},{"group_id":5014,"menu_id":20022,"match":1,"name":"ケチャップ","threshold":1},{"group_id":5015,"menu_id":20022,"match":2,"name":"黒砂糖","threshold":1},{"group_id":5016,"menu_id":20022,"match":3,"name":"こしょう","threshold":1},{"group_id":5017,"menu_id":20022,"match":-8,"name":"クリーム","threshold":3},{"group_id":5018,"menu_id":20022,"match":-2,"name":"バター","threshold":3},{"group_id":5019,"menu_id":20022,"match":-8,"name":"練乳","threshold":3},{"group_id":5020,"menu_id":20022,"match":-8,"name":"はちみつ","threshold":3},{"group_id":5021,"menu_id":20022,"match":2,"name":"ラム酒","threshold":1},{"group_id":5022,"menu_id":20022,"match":4,"name":"カツオ節","threshold":1},{"group_id":5001,"menu_id":20023,"match":3,"name":"砂糖","threshold":3},{"group_id":5002,"menu_id":20023,"match":2,"name":"塩","threshold":1},{"group_id":5003,"menu_id":20023,"match":6,"name":"酢","threshold":1},{"group_id":5004,"menu_id":20023,"match":0,"name":"味噌","threshold":1},{"group_id":5005,"menu_id":20023,"match":2,"name":"生姜","threshold":1},{"group_id":5006,"menu_id":20023,"match":2,"name":"ニンニク","threshold":3},{"group_id":5007,"menu_id":20023,"match":-2,"name":"コンソメ","threshold":1},{"group_id":5008,"menu_id":20023,"match":4,"name":"みりん","threshold":1},{"group_id":5009,"menu_id":20023,"match":3,"name":"パセリ","threshold":1},{"group_id":5010,"menu_id":20023,"match":3,"name":"料理酒","threshold":1},{"group_id":5011,"menu_id":20023,"match":-2,"name":"醤油","threshold":1},{"group_id":5012,"menu_id":20023,"match":-4,"name":"ラー油","threshold":1},{"group_id":5013,"menu_id":20023,"match":-5,"name":"ソース","threshold":1},{"group_id":5014,"menu_id":20023,"match":-4,"name":"ケチャップ","threshold":1},{"group_id":5015,"menu_id":20023,"match":-5,"name":"黒砂糖","threshold":3},{"group_id":5016,"menu_id":20023,"match":-1,"name":"こしょう","threshold":1},{"group_id":5017,"menu_id":20023,"match":-7,"name":"クリーム","threshold":3},{"group_id":5018,"menu_id":20023,"match":2,"name":"バター","threshold":1},{"group_id":5019,"menu_id":20023,"match":-5,"name":"練乳","threshold":3},{"group_id":5020,"menu_id":20023,"match":-4,"name":"はちみつ","threshold":3},{"group_id":5021,"menu_id":20023,"match":0,"name":"ラム酒","threshold":1},{"group_id":5022,"menu_id":20023,"match":3,"name":"カツオ節","threshold":1},{"group_id":5001,"menu_id":20024,"match":5,"name":"砂糖","threshold":1},{"group_id":5002,"menu_id":20024,"match":8,"name":"塩","threshold":1},{"group_id":5003,"menu_id":20024,"match":2,"name":"酢","threshold":1},{"group_id":5004,"menu_id":20024,"match":-1,"name":"味噌","threshold":3},{"group_id":5005,"menu_id":20024,"match":-1,"name":"生姜","threshold":3},{"group_id":5006,"menu_id":20024,"match":1,"name":"ニンニク","threshold":1},{"group_id":5007,"menu_id":20024,"match":3,"name":"コンソメ","threshold":1},{"group_id":5008,"menu_id":20024,"match":1,"name":"みりん","threshold":1},{"group_id":5009,"menu_id":20024,"match":2,"name":"パセリ","threshold":1},{"group_id":5010,"menu_id":20024,"match":0,"name":"料理酒","threshold":1},{"group_id":5011,"menu_id":20024,"match":5,"name":"醤油","threshold":2},{"group_id":5012,"menu_id":20024,"match":2,"name":"ラー油","threshold":1},{"group_id":5013,"menu_id":20024,"match":-4,"name":"ソース","threshold":3},{"group_id":5014,"menu_id":20024,"match":-3,"name":"ケチャップ","threshold":3},{"group_id":5015,"menu_id":20024,"match":-5,"name":"黒砂糖","threshold":3},{"group_id":5016,"menu_id":20024,"match":3,"name":"こしょう","threshold":1},{"group_id":5017,"menu_id":20024,"match":-5,"name":"クリーム","threshold":3},{"group_id":5018,"menu_id":20024,"match":-3,"name":"バター","threshold":3},{"group_id":5019,"menu_id":20024,"match":-5,"name":"練乳","threshold":3},{"group_id":5020,"menu_id":20024,"match":-8,"name":"はちみつ","threshold":3},{"group_id":5021,"menu_id":20024,"match":1,"name":"ラム酒","threshold":1},{"group_id":5022,"menu_id":20024,"match":3,"name":"カツオ節","threshold":1},{"group_id":5001,"menu_id":20025,"match":2,"name":"砂糖","threshold":1},{"group_id":5002,"menu_id":20025,"match":7,"name":"塩","threshold":1},{"group_id":5003,"menu_id":20025,"match":2,"name":"酢","threshold":1},{"group_id":5004,"menu_id":20025,"match":3,"name":"味噌","threshold":1},{"group_id":5005,"menu_id":20025,"match":5,"name":"生姜","threshold":1},{"group_id":5006,"menu_id":20025,"match":4,"name":"ニンニク","threshold":1},{"group_id":5007,"menu_id":20025,"match":5,"name":"コンソメ","threshold":1},{"group_id":5008,"menu_id":20025,"match":4,"name":"みりん","threshold":1},{"group_id":5009,"menu_id":20025,"match":3,"name":"パセリ","threshold":1},{"group_id":5010,"menu_id":20025,"match":4,"name":"料理酒","threshold":1},{"group_id":5011,"menu_id":20025,"match":5,"name":"醤油","threshold":1},{"group_id":5012,"menu_id":20025,"match":2,"name":"ラー油","threshold":1},{"group_id":5013,"menu_id":20025,"match":-8,"name":"ソース","threshold":3},{"group_id":5014,"menu_id":20025,"match":-5,"name":"ケチャップ","threshold":3},{"group_id":5015,"menu_id":20025,"match":2,"name":"黒砂糖","threshold":1},{"group_id":5016,"menu_id":20025,"match":-1,"name":"こしょう","threshold":3},{"group_id":5017,"menu_id":20025,"match":-6,"name":"クリーム","threshold":3},{"group_id":5018,"menu_id":20025,"match":2,"name":"バター","threshold":1},{"group_id":5019,"menu_id":20025,"match":-7,"name":"練乳","threshold":3},{"group_id":5020,"menu_id":20025,"match":-9,"name":"はちみつ","threshold":3},{"group_id":5021,"menu_id":20025,"match":2,"name":"ラム酒","threshold":1},{"group_id":5022,"menu_id":20025,"match":1,"name":"カツオ節","threshold":1},{"group_id":5001,"menu_id":20026,"match":10,"name":"砂糖","threshold":1},{"group_id":5002,"menu_id":20026,"match":6,"name":"塩","threshold":1},{"group_id":5003,"menu_id":20026,"match":5,"name":"酢","threshold":1},{"group_id":5004,"menu_id":20026,"match":-3,"name":"味噌","threshold":3},{"group_id":5005,"menu_id":20026,"match":1,"name":"生姜","threshold":1},{"group_id":5006,"menu_id":20026,"match":1,"name":"ニンニク","threshold":1},{"group_id":5007,"menu_id":20026,"match":3,"name":"コンソメ","threshold":1},{"group_id":5008,"menu_id":20026,"match":2,"name":"みりん","threshold":1},{"group_id":5009,"menu_id":20026,"match":2,"name":"パセリ","threshold":1},{"group_id":5010,"menu_id":20026,"match":3,"name":"料理酒","threshold":1},{"group_id":5011,"menu_id":20026,"match":1,"name":"醤油","threshold":1},{"group_id":5012,"menu_id":20026,"match":1,"name":"ラー油","threshold":1},{"group_id":5013,"menu_id":20026,"match":-4,"name":"ソース","threshold":3},{"group_id":5014,"menu_id":20026,"match":3,"name":"ケチャップ","threshold":1},{"group_id":5015,"menu_id":20026,"match":2,"name":"黒砂糖","threshold":1},{"group_id":5016,"menu_id":20026,"match":-1,"name":"こしょう","threshold":3},{"group_id":5017,"menu_id":20026,"match":-5,"name":"クリーム","threshold":3},{"group_id":5018,"menu_id":20026,"match":-2,"name":"バター","threshold":3},{"group_id":5019,"menu_id":20026,"match":-5,"name":"練乳","threshold":3},{"group_id":5020,"menu_id":20026,"match":6,"name":"はちみつ","threshold":1},{"group_id":5021,"menu_id":20026,"match":1,"name":"ラム酒","threshold":1},{"group_id":5022,"menu_id":20026,"match":0,"name":"カツオ節","threshold":1},{"group_id":5001,"menu_id":20027,"match":-5,"name":"砂糖","threshold":3},{"group_id":5002,"menu_id":20027,"match":6,"name":"塩","threshold":1},{"group_id":5003,"menu_id":20027,"match":4,"name":"酢","threshold":1},{"group_id":5004,"menu_id":20027,"match":1,"name":"味噌","threshold":1},{"group_id":5005,"menu_id":20027,"match":1,"name":"生姜","threshold":1},{"group_id":5006,"menu_id":20027,"match":4,"name":"ニンニク","threshold":1},{"group_id":5007,"menu_id":20027,"match":5,"name":"コンソメ","threshold":1},{"group_id":5008,"menu_id":20027,"match":3,"name":"みりん","threshold":2},{"group_id":5009,"menu_id":20027,"match":2,"name":"パセリ","threshold":1},{"group_id":5010,"menu_id":20027,"match":1,"name":"料理酒","threshold":1},{"group_id":5011,"menu_id":20027,"match":4,"name":"醤油","threshold":2},{"group_id":5012,"menu_id":20027,"match":8,"name":"ラー油","threshold":2},{"group_id":5013,"menu_id":20027,"match":-4,"name":"ソース","threshold":3},{"group_id":5014,"menu_id":20027,"match":-3,"name":"ケチャップ","threshold":3},{"group_id":5015,"menu_id":20027,"match":1,"name":"黒砂糖","threshold":1},{"group_id":5016,"menu_id":20027,"match":3,"name":"こしょう","threshold":1},{"group_id":5017,"menu_id":20027,"match":-5,"name":"クリーム","threshold":3},{"group_id":5018,"menu_id":20027,"match":1,"name":"バター","threshold":1},{"group_id":5019,"menu_id":20027,"match":-5,"name":"練乳","threshold":3},{"group_id":5020,"menu_id":20027,"match":-7,"name":"はちみつ","threshold":3},{"group_id":5021,"menu_id":20027,"match":1,"name":"ラム酒","threshold":1},{"group_id":5022,"menu_id":20027,"match":1,"name":"カツオ節","threshold":1},{"group_id":5001,"menu_id":20028,"match":-2,"name":"砂糖","threshold":3},{"group_id":5002,"menu_id":20028,"match":7,"name":"塩","threshold":1},{"group_id":5003,"menu_id":20028,"match":2,"name":"酢","threshold":1},{"group_id":5004,"menu_id":20028,"match":1,"name":"味噌","threshold":1},{"group_id":5005,"menu_id":20028,"match":2,"name":"生姜","threshold":1},{"group_id":5006,"menu_id":20028,"match":1,"name":"ニンニク","threshold":1},{"group_id":5007,"menu_id":20028,"match":5,"name":"コンソメ","threshold":1},{"group_id":5008,"menu_id":20028,"match":2,"name":"みりん","threshold":1},{"group_id":5009,"menu_id":20028,"match":0,"name":"パセリ","threshold":1},{"group_id":5010,"menu_id":20028,"match":2,"name":"料理酒","threshold":1},{"group_id":5011,"menu_id":20028,"match":5,"name":"醤油","threshold":2},{"group_id":5012,"menu_id":20028,"match":-2,"name":"ラー油","threshold":3},{"group_id":5013,"menu_id":20028,"match":-6,"name":"ソース","threshold":3},{"group_id":5014,"menu_id":20028,"match":-2,"name":"ケチャップ","threshold":3},{"group_id":5015,"menu_id":20028,"match":-5,"name":"黒砂糖","threshold":3},{"group_id":5016,"menu_id":20028,"match":4,"name":"こしょう","threshold":1},{"group_id":5017,"menu_id":20028,"match":-5,"name":"クリーム","threshold":3},{"group_id":5018,"menu_id":20028,"match":-5,"name":"バター","threshold":3},{"group_id":5019,"menu_id":20028,"match":-6,"name":"練乳","threshold":3},{"group_id":5020,"menu_id":20028,"match":0,"name":"はちみつ","threshold":1},{"group_id":5021,"menu_id":20028,"match":2,"name":"ラム酒","threshold":1},{"group_id":5022,"menu_id":20028,"match":3,"name":"カツオ節","threshold":1},{"group_id":5001,"menu_id":20029,"match":6,"name":"砂糖","threshold":1},{"group_id":5002,"menu_id":20029,"match":6,"name":"塩","threshold":1},{"group_id":5003,"menu_id":20029,"match":2,"name":"酢","threshold":1},{"group_id":5004,"menu_id":20029,"match":8,"name":"味噌","threshold":2},{"group_id":5005,"menu_id":20029,"match":3,"name":"生姜","threshold":1},{"group_id":5006,"menu_id":20029,"match":3,"name":"ニンニク","threshold":1},{"group_id":5007,"menu_id":20029,"match":5,"name":"コンソメ","threshold":1},{"group_id":5008,"menu_id":20029,"match":6,"name":"みりん","threshold":1},{"group_id":5009,"menu_id":20029,"match":3,"name":"パセリ","threshold":1},{"group_id":5010,"menu_id":20029,"match":3,"name":"料理酒","threshold":1},{"group_id":5011,"menu_id":20029,"match":5,"name":"醤油","threshold":1},{"group_id":5012,"menu_id":20029,"match":3,"name":"ラー油","threshold":1},{"group_id":5013,"menu_id":20029,"match":-3,"name":"ソース","threshold":3},{"group_id":5014,"menu_id":20029,"match":-5,"name":"ケチャップ","threshold":3},{"group_id":5015,"menu_id":20029,"match":3,"name":"黒砂糖","threshold":1},{"group_id":5016,"menu_id":20029,"match":1,"name":"こしょう","threshold":1},{"group_id":5017,"menu_id":20029,"match":-8,"name":"クリーム","threshold":3},{"group_id":5018,"menu_id":20029,"match":3,"name":"バター","threshold":1},{"group_id":5019,"menu_id":20029,"match":-7,"name":"練乳","threshold":3},{"group_id":5020,"menu_id":20029,"match":-8,"name":"はちみつ","threshold":3},{"group_id":5021,"menu_id":20029,"match":1,"name":"ラム酒","threshold":1},{"group_id":5022,"menu_id":20029,"match":2,"name":"カツオ節","threshold":1},{"group_id":5001,"menu_id":20030,"match":1,"name":"砂糖","threshold":3},{"group_id":5002,"menu_id":20030,"match":6,"name":"塩","threshold":1},{"group_id":5003,"menu_id":20030,"match":-2,"name":"酢","threshold":3},{"group_id":5004,"menu_id":20030,"match":1,"name":"味噌","threshold":1},{"group_id":5005,"menu_id":20030,"match":4,"name":"生姜","threshold":1},{"group_id":5006,"menu_id":20030,"match":1,"name":"ニンニク","threshold":1},{"group_id":5007,"menu_id":20030,"match":0,"name":"コンソメ","threshold":1},{"group_id":5008,"menu_id":20030,"match":-2,"name":"みりん","threshold":3},{"group_id":5009,"menu_id":20030,"match":0,"name":"パセリ","threshold":1},{"group_id":5010,"menu_id":20030,"match":7,"name":"料理酒","threshold":1},{"group_id":5011,"menu_id":20030,"match":2,"name":"醤油","threshold":1},{"group_id":5012,"menu_id":20030,"match":2,"name":"ラー油","threshold":1},{"group_id":5013,"menu_id":20030,"match":-2,"name":"ソース","threshold":3},{"group_id":5014,"menu_id":20030,"match":3,"name":"ケチャップ","threshold":1},{"group_id":5015,"menu_id":20030,"match":-5,"name":"黒砂糖","threshold":3},{"group_id":5016,"menu_id":20030,"match":4,"name":"こしょう","threshold":1},{"group_id":5017,"menu_id":20030,"match":-5,"name":"クリーム","threshold":3},{"group_id":5018,"menu_id":20030,"match":3,"name":"バター","threshold":1},{"group_id":5019,"menu_id":20030,"match":-5,"name":"練乳","threshold":3},{"group_id":5020,"menu_id":20030,"match":-8,"name":"はちみつ","threshold":3},{"group_id":5021,"menu_id":20030,"match":4,"name":"ラム酒","threshold":1},{"group_id":5022,"menu_id":20030,"match":1,"name":"カツオ節","threshold":1},{"group_id":5001,"menu_id":20031,"match":8,"name":"砂糖","threshold":3},{"group_id":5002,"menu_id":20031,"match":2,"name":"塩","threshold":1},{"group_id":5003,"menu_id":20031,"match":-4,"name":"酢","threshold":3},{"group_id":5004,"menu_id":20031,"match":-8,"name":"味噌","threshold":3},{"group_id":5005,"menu_id":20031,"match":-5,"name":"生姜","threshold":3},{"group_id":5006,"menu_id":20031,"match":-5,"name":"ニンニク","threshold":3},{"group_id":5007,"menu_id":20031,"match":-5,"name":"コンソメ","threshold":3},{"group_id":5008,"menu_id":20031,"match":-4,"name":"みりん","threshold":3},{"group_id":5009,"menu_id":20031,"match":-2,"name":"パセリ","threshold":3},{"group_id":5010,"menu_id":20031,"match":-5,"name":"料理酒","threshold":3},{"group_id":5011,"menu_id":20031,"match":-8,"name":"醤油","threshold":3},{"group_id":5012,"menu_id":20031,"match":-6,"name":"ラー油","threshold":3},{"group_id":5013,"menu_id":20031,"match":-8,"name":"ソース","threshold":3},{"group_id":5014,"menu_id":20031,"match":-6,"name":"ケチャップ","threshold":3},{"group_id":5015,"menu_id":20031,"match":4,"name":"黒砂糖","threshold":1},{"group_id":5016,"menu_id":20031,"match":-4,"name":"こしょう","threshold":3},{"group_id":5017,"menu_id":20031,"match":10,"name":"クリーム","threshold":3},{"group_id":5018,"menu_id":20031,"match":6,"name":"バター","threshold":3},{"group_id":5019,"menu_id":20031,"match":4,"name":"練乳","threshold":1},{"group_id":5020,"menu_id":20031,"match":4,"name":"はちみつ","threshold":3},{"group_id":5021,"menu_id":20031,"match":7,"name":"ラム酒","threshold":3},{"group_id":5022,"menu_id":20031,"match":-8,"name":"カツオ節","threshold":3},{"group_id":5001,"menu_id":20032,"match":8,"name":"砂糖","threshold":3},{"group_id":5002,"menu_id":20032,"match":3,"name":"塩","threshold":1},{"group_id":5003,"menu_id":20032,"match":-8,"name":"酢","threshold":3},{"group_id":5004,"menu_id":20032,"match":-1,"name":"味噌","threshold":3},{"group_id":5005,"menu_id":20032,"match":-5,"name":"生姜","threshold":3},{"group_id":5006,"menu_id":20032,"match":-5,"name":"ニンニク","threshold":3},{"group_id":5007,"menu_id":20032,"match":-5,"name":"コンソメ","threshold":3},{"group_id":5008,"menu_id":20032,"match":-3,"name":"みりん","threshold":3},{"group_id":5009,"menu_id":20032,"match":-3,"name":"パセリ","threshold":3},{"group_id":5010,"menu_id":20032,"match":-5,"name":"料理酒","threshold":3},{"group_id":5011,"menu_id":20032,"match":-8,"name":"醤油","threshold":3},{"group_id":5012,"menu_id":20032,"match":-6,"name":"ラー油","threshold":3},{"group_id":5013,"menu_id":20032,"match":-4,"name":"ソース","threshold":3},{"group_id":5014,"menu_id":20032,"match":-2,"name":"ケチャップ","threshold":3},{"group_id":5015,"menu_id":20032,"match":3,"name":"黒砂糖","threshold":1},{"group_id":5016,"menu_id":20032,"match":-6,"name":"こしょう","threshold":3},{"group_id":5017,"menu_id":20032,"match":1,"name":"クリーム","threshold":1},{"group_id":5018,"menu_id":20032,"match":-3,"name":"バター","threshold":3},{"group_id":5019,"menu_id":20032,"match":3,"name":"練乳","threshold":1},{"group_id":5020,"menu_id":20032,"match":6,"name":"はちみつ","threshold":2},{"group_id":5021,"menu_id":20032,"match":2,"name":"ラム酒","threshold":1},{"group_id":5022,"menu_id":20032,"match":-6,"name":"カツオ節","threshold":3},{"group_id":5001,"menu_id":20033,"match":6,"name":"砂糖","threshold":3},{"group_id":5002,"menu_id":20033,"match":4,"name":"塩","threshold":1},{"group_id":5003,"menu_id":20033,"match":-2,"name":"酢","threshold":3},{"group_id":5004,"menu_id":20033,"match":-4,"name":"味噌","threshold":3},{"group_id":5005,"menu_id":20033,"match":-5,"name":"生姜","threshold":3},{"group_id":5006,"menu_id":20033,"match":-5,"name":"ニンニク","threshold":3},{"group_id":5007,"menu_id":20033,"match":-5,"name":"コンソメ","threshold":3},{"group_id":5008,"menu_id":20033,"match":-4,"name":"みりん","threshold":3},{"group_id":5009,"menu_id":20033,"match":-3,"name":"パセリ","threshold":3},{"group_id":5010,"menu_id":20033,"match":-5,"name":"料理酒","threshold":3},{"group_id":5011,"menu_id":20033,"match":-8,"name":"醤油","threshold":3},{"group_id":5012,"menu_id":20033,"match":-6,"name":"ラー油","threshold":3},{"group_id":5013,"menu_id":20033,"match":-8,"name":"ソース","threshold":3},{"group_id":5014,"menu_id":20033,"match":1,"name":"ケチャップ","threshold":1},{"group_id":5015,"menu_id":20033,"match":3,"name":"黒砂糖","threshold":1},{"group_id":5016,"menu_id":20033,"match":-4,"name":"こしょう","threshold":3},{"group_id":5017,"menu_id":20033,"match":3,"name":"クリーム","threshold":1},{"group_id":5018,"menu_id":20033,"match":5,"name":"バター","threshold":1},{"group_id":5019,"menu_id":20033,"match":4,"name":"練乳","threshold":1},{"group_id":5020,"menu_id":20033,"match":8,"name":"はちみつ","threshold":3},{"group_id":5021,"menu_id":20033,"match":2,"name":"ラム酒","threshold":1},{"group_id":5022,"menu_id":20033,"match":-6,"name":"カツオ節","threshold":3},{"group_id":5001,"menu_id":20034,"match":8,"name":"砂糖","threshold":3},{"group_id":5002,"menu_id":20034,"match":3,"name":"塩","threshold":1},{"group_id":5003,"menu_id":20034,"match":-5,"name":"酢","threshold":3},{"group_id":5004,"menu_id":20034,"match":-3,"name":"味噌","threshold":3},{"group_id":5005,"menu_id":20034,"match":-5,"name":"生姜","threshold":3},{"group_id":5006,"menu_id":20034,"match":-5,"name":"ニンニク","threshold":3},{"group_id":5007,"menu_id":20034,"match":-5,"name":"コンソメ","threshold":3},{"group_id":5008,"menu_id":20034,"match":-2,"name":"みりん","threshold":3},{"group_id":5009,"menu_id":20034,"match":-3,"name":"パセリ","threshold":3},{"group_id":5010,"menu_id":20034,"match":-5,"name":"料理酒","threshold":3},{"group_id":5011,"menu_id":20034,"match":-8,"name":"醤油","threshold":3},{"group_id":5012,"menu_id":20034,"match":-6,"name":"ラー油","threshold":3},{"group_id":5013,"menu_id":20034,"match":-8,"name":"ソース","threshold":3},{"group_id":5014,"menu_id":20034,"match":-3,"name":"ケチャップ","threshold":3},{"group_id":5015,"menu_id":20034,"match":2,"name":"黒砂糖","threshold":1},{"group_id":5016,"menu_id":20034,"match":-4,"name":"こしょう","threshold":3},{"group_id":5017,"menu_id":20034,"match":10,"name":"クリーム","threshold":3},{"group_id":5018,"menu_id":20034,"match":4,"name":"バター","threshold":1},{"group_id":5019,"menu_id":20034,"match":2,"name":"練乳","threshold":1},{"group_id":5020,"menu_id":20034,"match":4,"name":"はちみつ","threshold":2},{"group_id":5021,"menu_id":20034,"match":1,"name":"ラム酒","threshold":1},{"group_id":5022,"menu_id":20034,"match":-6,"name":"カツオ節","threshold":3},{"group_id":5001,"menu_id":20035,"match":10,"name":"砂糖","threshold":3},{"group_id":5002,"menu_id":20035,"match":6,"name":"塩","threshold":1},{"group_id":5003,"menu_id":20035,"match":-8,"name":"酢","threshold":3},{"group_id":5004,"menu_id":20035,"match":-4,"name":"味噌","threshold":3},{"group_id":5005,"menu_id":20035,"match":-5,"name":"生姜","threshold":3},{"group_id":5006,"menu_id":20035,"match":-5,"name":"ニンニク","threshold":3},{"group_id":5007,"menu_id":20035,"match":-5,"name":"コンソメ","threshold":3},{"group_id":5008,"menu_id":20035,"match":-4,"name":"みりん","threshold":3},{"group_id":5009,"menu_id":20035,"match":-3,"name":"パセリ","threshold":3},{"group_id":5010,"menu_id":20035,"match":-5,"name":"料理酒","threshold":3},{"group_id":5011,"menu_id":20035,"match":-8,"name":"醤油","threshold":3},{"group_id":5012,"menu_id":20035,"match":-6,"name":"ラー油","threshold":3},{"group_id":5013,"menu_id":20035,"match":-8,"name":"ソース","threshold":3},{"group_id":5014,"menu_id":20035,"match":-3,"name":"ケチャップ","threshold":3},{"group_id":5015,"menu_id":20035,"match":3,"name":"黒砂糖","threshold":1},{"group_id":5016,"menu_id":20035,"match":-1,"name":"こしょう","threshold":3},{"group_id":5017,"menu_id":20035,"match":6,"name":"クリーム","threshold":2},{"group_id":5018,"menu_id":20035,"match":3,"name":"バター","threshold":1},{"group_id":5019,"menu_id":20035,"match":2,"name":"練乳","threshold":1},{"group_id":5020,"menu_id":20035,"match":1,"name":"はちみつ","threshold":1},{"group_id":5021,"menu_id":20035,"match":6,"name":"ラム酒","threshold":1},{"group_id":5022,"menu_id":20035,"match":-6,"name":"カツオ節","threshold":3},{"group_id":5001,"menu_id":20036,"match":8,"name":"砂糖","threshold":2},{"group_id":5002,"menu_id":20036,"match":3,"name":"塩","threshold":1},{"group_id":5003,"menu_id":20036,"match":-5,"name":"酢","threshold":3},{"group_id":5004,"menu_id":20036,"match":-4,"name":"味噌","threshold":3},{"group_id":5005,"menu_id":20036,"match":-5,"name":"生姜","threshold":3},{"group_id":5006,"menu_id":20036,"match":-5,"name":"ニンニク","threshold":3},{"group_id":5007,"menu_id":20036,"match":-5,"name":"コンソメ","threshold":3},{"group_id":5008,"menu_id":20036,"match":-4,"name":"みりん","threshold":3},{"group_id":5009,"menu_id":20036,"match":-3,"name":"パセリ","threshold":3},{"group_id":5010,"menu_id":20036,"match":-5,"name":"料理酒","threshold":3},{"group_id":5011,"menu_id":20036,"match":-8,"name":"醤油","threshold":3},{"group_id":5012,"menu_id":20036,"match":-6,"name":"ラー油","threshold":3},{"group_id":5013,"menu_id":20036,"match":-6,"name":"ソース","threshold":3},{"group_id":5014,"menu_id":20036,"match":-3,"name":"ケチャップ","threshold":3},{"group_id":5015,"menu_id":20036,"match":0,"name":"黒砂糖","threshold":1},{"group_id":5016,"menu_id":20036,"match":-6,"name":"こしょう","threshold":3},{"group_id":5017,"menu_id":20036,"match":10,"name":"クリーム","threshold":3},{"group_id":5018,"menu_id":20036,"match":4,"name":"バター","threshold":1},{"group_id":5019,"menu_id":20036,"match":4,"name":"練乳","threshold":1},{"group_id":5020,"menu_id":20036,"match":4,"name":"はちみつ","threshold":2},{"group_id":5021,"menu_id":20036,"match":-2,"name":"ラム酒","threshold":3},{"group_id":5022,"menu_id":20036,"match":-5,"name":"カツオ節","threshold":3},{"group_id":5001,"menu_id":20037,"match":10,"name":"砂糖","threshold":3},{"group_id":5002,"menu_id":20037,"match":8,"name":"塩","threshold":1},{"group_id":5003,"menu_id":20037,"match":-4,"name":"酢","threshold":3},{"group_id":5004,"menu_id":20037,"match":-7,"name":"味噌","threshold":3},{"group_id":5005,"menu_id":20037,"match":-5,"name":"生姜","threshold":3},{"group_id":5006,"menu_id":20037,"match":-4,"name":"ニンニク","threshold":3},{"group_id":5007,"menu_id":20037,"match":-4,"name":"コンソメ","threshold":3},{"group_id":5008,"menu_id":20037,"match":-4,"name":"みりん","threshold":3},{"group_id":5009,"menu_id":20037,"match":-3,"name":"パセリ","threshold":3},{"group_id":5010,"menu_id":20037,"match":-1,"name":"料理酒","threshold":3},{"group_id":5011,"menu_id":20037,"match":-8,"name":"醤油","threshold":3},{"group_id":5012,"menu_id":20037,"match":-6,"name":"ラー油","threshold":3},{"group_id":5013,"menu_id":20037,"match":-8,"name":"ソース","threshold":3},{"group_id":5014,"menu_id":20037,"match":-6,"name":"ケチャップ","threshold":3},{"group_id":5015,"menu_id":20037,"match":6,"name":"黒砂糖","threshold":2},{"group_id":5016,"menu_id":20037,"match":-4,"name":"こしょう","threshold":3},{"group_id":5017,"menu_id":20037,"match":6,"name":"クリーム","threshold":1},{"group_id":5018,"menu_id":20037,"match":4,"name":"バター","threshold":1},{"group_id":5019,"menu_id":20037,"match":4,"name":"練乳","threshold":1},{"group_id":5020,"menu_id":20037,"match":7,"name":"はちみつ","threshold":3},{"group_id":5021,"menu_id":20037,"match":4,"name":"ラム酒","threshold":1},{"group_id":5022,"menu_id":20037,"match":-6,"name":"カツオ節","threshold":3},{"group_id":5001,"menu_id":20038,"match":8,"name":"砂糖","threshold":3},{"group_id":5002,"menu_id":20038,"match":6,"name":"塩","threshold":1},{"group_id":5003,"menu_id":20038,"match":-8,"name":"酢","threshold":3},{"group_id":5004,"menu_id":20038,"match":-6,"name":"味噌","threshold":3},{"group_id":5005,"menu_id":20038,"match":-5,"name":"生姜","threshold":3},{"group_id":5006,"menu_id":20038,"match":-5,"name":"ニンニク","threshold":3},{"group_id":5007,"menu_id":20038,"match":-5,"name":"コンソメ","threshold":3},{"group_id":5008,"menu_id":20038,"match":-4,"name":"みりん","threshold":3},{"group_id":5009,"menu_id":20038,"match":-3,"name":"パセリ","threshold":3},{"group_id":5010,"menu_id":20038,"match":-5,"name":"料理酒","threshold":3},{"group_id":5011,"menu_id":20038,"match":-8,"name":"醤油","threshold":3},{"group_id":5012,"menu_id":20038,"match":-6,"name":"ラー油","threshold":3},{"group_id":5013,"menu_id":20038,"match":-8,"name":"ソース","threshold":3},{"group_id":5014,"menu_id":20038,"match":-3,"name":"ケチャップ","threshold":3},{"group_id":5015,"menu_id":20038,"match":3,"name":"黒砂糖","threshold":1},{"group_id":5016,"menu_id":20038,"match":-3,"name":"こしょう","threshold":3},{"group_id":5017,"menu_id":20038,"match":5,"name":"クリーム","threshold":1},{"group_id":5018,"menu_id":20038,"match":5,"name":"バター","threshold":2},{"group_id":5019,"menu_id":20038,"match":2,"name":"練乳","threshold":1},{"group_id":5020,"menu_id":20038,"match":3,"name":"はちみつ","threshold":2},{"group_id":5021,"menu_id":20038,"match":8,"name":"ラム酒","threshold":2},{"group_id":5022,"menu_id":20038,"match":-6,"name":"カツオ節","threshold":3},{"group_id":5001,"menu_id":20039,"match":10,"name":"砂糖","threshold":3},{"group_id":5002,"menu_id":20039,"match":-7,"name":"塩","threshold":3},{"group_id":5003,"menu_id":20039,"match":-10,"name":"酢","threshold":3},{"group_id":5004,"menu_id":20039,"match":-7,"name":"味噌","threshold":3},{"group_id":5005,"menu_id":20039,"match":-3,"name":"生姜","threshold":3},{"group_id":5006,"menu_id":20039,"match":-5,"name":"ニンニク","threshold":3},{"group_id":5007,"menu_id":20039,"match":-5,"name":"コンソメ","threshold":3},{"group_id":5008,"menu_id":20039,"match":-5,"name":"みりん","threshold":3},{"group_id":5009,"menu_id":20039,"match":-3,"name":"パセリ","threshold":3},{"group_id":5010,"menu_id":20039,"match":-5,"name":"料理酒","threshold":3},{"group_id":5011,"menu_id":20039,"match":-8,"name":"醤油","threshold":3},{"group_id":5012,"menu_id":20039,"match":-6,"name":"ラー油","threshold":3},{"group_id":5013,"menu_id":20039,"match":-7,"name":"ソース","threshold":3},{"group_id":5014,"menu_id":20039,"match":-3,"name":"ケチャップ","threshold":3},{"group_id":5015,"menu_id":20039,"match":1,"name":"黒砂糖","threshold":1},{"group_id":5016,"menu_id":20039,"match":-5,"name":"こしょう","threshold":3},{"group_id":5017,"menu_id":20039,"match":5,"name":"クリーム","threshold":1},{"group_id":5018,"menu_id":20039,"match":1,"name":"バター","threshold":3},{"group_id":5019,"menu_id":20039,"match":6,"name":"練乳","threshold":1},{"group_id":5020,"menu_id":20039,"match":10,"name":"はちみつ","threshold":2},{"group_id":5021,"menu_id":20039,"match":6,"name":"ラム酒","threshold":1},{"group_id":5022,"menu_id":20039,"match":-4,"name":"カツオ節","threshold":3},{"group_id":5001,"menu_id":20040,"match":8,"name":"砂糖","threshold":3},{"group_id":5002,"menu_id":20040,"match":4,"name":"塩","threshold":1},{"group_id":5003,"menu_id":20040,"match":-3,"name":"酢","threshold":3},{"group_id":5004,"menu_id":20040,"match":-8,"name":"味噌","threshold":3},{"group_id":5005,"menu_id":20040,"match":-5,"name":"生姜","threshold":3},{"group_id":5006,"menu_id":20040,"match":-5,"name":"ニンニク","threshold":3},{"group_id":5007,"menu_id":20040,"match":-5,"name":"コンソメ","threshold":3},{"group_id":5008,"menu_id":20040,"match":-3,"name":"みりん","threshold":3},{"group_id":5009,"menu_id":20040,"match":-3,"name":"パセリ","threshold":3},{"group_id":5010,"menu_id":20040,"match":-5,"name":"料理酒","threshold":3},{"group_id":5011,"menu_id":20040,"match":-8,"name":"醤油","threshold":3},{"group_id":5012,"menu_id":20040,"match":-6,"name":"ラー油","threshold":3},{"group_id":5013,"menu_id":20040,"match":-8,"name":"ソース","threshold":3},{"group_id":5014,"menu_id":20040,"match":-3,"name":"ケチャップ","threshold":3},{"group_id":5015,"menu_id":20040,"match":2,"name":"黒砂糖","threshold":1},{"group_id":5016,"menu_id":20040,"match":-6,"name":"こしょう","threshold":3},{"group_id":5017,"menu_id":20040,"match":1,"name":"クリーム","threshold":1},{"group_id":5018,"menu_id":20040,"match":4,"name":"バター","threshold":1},{"group_id":5019,"menu_id":20040,"match":3,"name":"練乳","threshold":1},{"group_id":5020,"menu_id":20040,"match":4,"name":"はちみつ","threshold":3},{"group_id":5021,"menu_id":20040,"match":1,"name":"ラム酒","threshold":1},{"group_id":5022,"menu_id":20040,"match":-6,"name":"カツオ節","threshold":3},{"group_id":5001,"menu_id":20041,"match":8,"name":"砂糖","threshold":2},{"group_id":5002,"menu_id":20041,"match":6,"name":"塩","threshold":1},{"group_id":5003,"menu_id":20041,"match":-3,"name":"酢","threshold":3},{"group_id":5004,"menu_id":20041,"match":-7,"name":"味噌","threshold":3},{"group_id":5005,"menu_id":20041,"match":-4,"name":"生姜","threshold":3},{"group_id":5006,"menu_id":20041,"match":-5,"name":"ニンニク","threshold":3},{"group_id":5007,"menu_id":20041,"match":-5,"name":"コンソメ","threshold":3},{"group_id":5008,"menu_id":20041,"match":-4,"name":"みりん","threshold":3},{"group_id":5009,"menu_id":20041,"match":-3,"name":"パセリ","threshold":3},{"group_id":5010,"menu_id":20041,"match":-5,"name":"料理酒","threshold":3},{"group_id":5011,"menu_id":20041,"match":-6,"name":"醤油","threshold":3},{"group_id":5012,"menu_id":20041,"match":-6,"name":"ラー油","threshold":3},{"group_id":5013,"menu_id":20041,"match":-8,"name":"ソース","threshold":3},{"group_id":5014,"menu_id":20041,"match":-3,"name":"ケチャップ","threshold":3},{"group_id":5015,"menu_id":20041,"match":3,"name":"黒砂糖","threshold":1},{"group_id":5016,"menu_id":20041,"match":-3,"name":"こしょう","threshold":3},{"group_id":5017,"menu_id":20041,"match":6,"name":"クリーム","threshold":1},{"group_id":5018,"menu_id":20041,"match":-1,"name":"バター","threshold":3},{"group_id":5019,"menu_id":20041,"match":6,"name":"練乳","threshold":1},{"group_id":5020,"menu_id":20041,"match":4,"name":"はちみつ","threshold":1},{"group_id":5021,"menu_id":20041,"match":5,"name":"ラム酒","threshold":1},{"group_id":5022,"menu_id":20041,"match":-6,"name":"カツオ節","threshold":3},{"group_id":5001,"menu_id":20042,"match":4,"name":"砂糖","threshold":1},{"group_id":5002,"menu_id":20042,"match":8,"name":"塩","threshold":1},{"group_id":5003,"menu_id":20042,"match":-4,"name":"酢","threshold":3},{"group_id":5004,"menu_id":20042,"match":-7,"name":"味噌","threshold":3},{"group_id":5005,"menu_id":20042,"match":1,"name":"生姜","threshold":1},{"group_id":5006,"menu_id":20042,"match":-5,"name":"ニンニク","threshold":3},{"group_id":5007,"menu_id":20042,"match":-5,"name":"コンソメ","threshold":3},{"group_id":5008,"menu_id":20042,"match":-1,"name":"みりん","threshold":3},{"group_id":5009,"menu_id":20042,"match":7,"name":"パセリ","threshold":2},{"group_id":5010,"menu_id":20042,"match":-1,"name":"料理酒","threshold":3},{"group_id":5011,"menu_id":20042,"match":-7,"name":"醤油","threshold":3},{"group_id":5012,"menu_id":20042,"match":-8,"name":"ラー油","threshold":3},{"group_id":5013,"menu_id":20042,"match":-7,"name":"ソース","threshold":3},{"group_id":5014,"menu_id":20042,"match":-5,"name":"ケチャップ","threshold":3},{"group_id":5015,"menu_id":20042,"match":4,"name":"黒砂糖","threshold":1},{"group_id":5016,"menu_id":20042,"match":-5,"name":"こしょう","threshold":3},{"group_id":5017,"menu_id":20042,"match":4,"name":"クリーム","threshold":2},{"group_id":5018,"menu_id":20042,"match":-3,"name":"バター","threshold":3},{"group_id":5019,"menu_id":20042,"match":3,"name":"練乳","threshold":1},{"group_id":5020,"menu_id":20042,"match":4,"name":"はちみつ","threshold":1},{"group_id":5021,"menu_id":20042,"match":0,"name":"ラム酒","threshold":1},{"group_id":5022,"menu_id":20042,"match":-4,"name":"カツオ節","threshold":3},{"group_id":5001,"menu_id":20043,"match":7,"name":"砂糖","threshold":2},{"group_id":5002,"menu_id":20043,"match":3,"name":"塩","threshold":1},{"group_id":5003,"menu_id":20043,"match":-6,"name":"酢","threshold":3},{"group_id":5004,"menu_id":20043,"match":-8,"name":"味噌","threshold":3},{"group_id":5005,"menu_id":20043,"match":-6,"name":"生姜","threshold":3},{"group_id":5006,"menu_id":20043,"match":-5,"name":"ニンニク","threshold":3},{"group_id":5007,"menu_id":20043,"match":-6,"name":"コンソメ","threshold":3},{"group_id":5008,"menu_id":20043,"match":-6,"name":"みりん","threshold":3},{"group_id":5009,"menu_id":20043,"match":-4,"name":"パセリ","threshold":3},{"group_id":5010,"menu_id":20043,"match":-4,"name":"料理酒","threshold":3},{"group_id":5011,"menu_id":20043,"match":-7,"name":"醤油","threshold":3},{"group_id":5012,"menu_id":20043,"match":-8,"name":"ラー油","threshold":3},{"group_id":5013,"menu_id":20043,"match":-7,"name":"ソース","threshold":3},{"group_id":5014,"menu_id":20043,"match":-3,"name":"ケチャップ","threshold":3},{"group_id":5015,"menu_id":20043,"match":3,"name":"黒砂糖","threshold":1},{"group_id":5016,"menu_id":20043,"match":-3,"name":"こしょう","threshold":3},{"group_id":5017,"menu_id":20043,"match":8,"name":"クリーム","threshold":2},{"group_id":5018,"menu_id":20043,"match":-2,"name":"バター","threshold":3},{"group_id":5019,"menu_id":20043,"match":5,"name":"練乳","threshold":2},{"group_id":5020,"menu_id":20043,"match":4,"name":"はちみつ","threshold":1},{"group_id":5021,"menu_id":20043,"match":2,"name":"ラム酒","threshold":1},{"group_id":5022,"menu_id":20043,"match":-6,"name":"カツオ節","threshold":3},{"group_id":5001,"menu_id":20044,"match":8,"name":"砂糖","threshold":2},{"group_id":5002,"menu_id":20044,"match":8,"name":"塩","threshold":1},{"group_id":5003,"menu_id":20044,"match":-5,"name":"酢","threshold":3},{"group_id":5004,"menu_id":20044,"match":-7,"name":"味噌","threshold":3},{"group_id":5005,"menu_id":20044,"match":3,"name":"生姜","threshold":1},{"group_id":5006,"menu_id":20044,"match":-4,"name":"ニンニク","threshold":3},{"group_id":5007,"menu_id":20044,"match":-5,"name":"コンソメ","threshold":3},{"group_id":5008,"menu_id":20044,"match":-2,"name":"みりん","threshold":3},{"group_id":5009,"menu_id":20044,"match":3,"name":"パセリ","threshold":1},{"group_id":5010,"menu_id":20044,"match":1,"name":"料理酒","threshold":1},{"group_id":5011,"menu_id":20044,"match":-8,"name":"醤油","threshold":3},{"group_id":5012,"menu_id":20044,"match":-8,"name":"ラー油","threshold":3},{"group_id":5013,"menu_id":20044,"match":-8,"name":"ソース","threshold":3},{"group_id":5014,"menu_id":20044,"match":-4,"name":"ケチャップ","threshold":3},{"group_id":5015,"menu_id":20044,"match":0,"name":"黒砂糖","threshold":1},{"group_id":5016,"menu_id":20044,"match":-1,"name":"こしょう","threshold":3},{"group_id":5017,"menu_id":20044,"match":-2,"name":"クリーム","threshold":3},{"group_id":5018,"menu_id":20044,"match":-8,"name":"バター","threshold":3},{"group_id":5019,"menu_id":20044,"match":-4,"name":"練乳","threshold":3},{"group_id":5020,"menu_id":20044,"match":8,"name":"はちみつ","threshold":2},{"group_id":5021,"menu_id":20044,"match":6,"name":"ラム酒","threshold":1},{"group_id":5022,"menu_id":20044,"match":-7,"name":"カツオ節","threshold":3},{"group_id":5001,"menu_id":20045,"match":9,"name":"砂糖","threshold":2},{"group_id":5002,"menu_id":20045,"match":5,"name":"塩","threshold":1},{"group_id":5003,"menu_id":20045,"match":-5,"name":"酢","threshold":3},{"group_id":5004,"menu_id":20045,"match":-7,"name":"味噌","threshold":3},{"group_id":5005,"menu_id":20045,"match":-1,"name":"生姜","threshold":3},{"group_id":5006,"menu_id":20045,"match":-4,"name":"ニンニク","threshold":3},{"group_id":5007,"menu_id":20045,"match":-5,"name":"コンソメ","threshold":3},{"group_id":5008,"menu_id":20045,"match":-4,"name":"みりん","threshold":3},{"group_id":5009,"menu_id":20045,"match":-1,"name":"パセリ","threshold":3},{"group_id":5010,"menu_id":20045,"match":0,"name":"料理酒","threshold":1},{"group_id":5011,"menu_id":20045,"match":-8,"name":"醤油","threshold":3},{"group_id":5012,"menu_id":20045,"match":-8,"name":"ラー油","threshold":3},{"group_id":5013,"menu_id":20045,"match":-8,"name":"ソース","threshold":3},{"group_id":5014,"menu_id":20045,"match":-4,"name":"ケチャップ","threshold":3},{"group_id":5015,"menu_id":20045,"match":-1,"name":"黒砂糖","threshold":3},{"group_id":5016,"menu_id":20045,"match":-4,"name":"こしょう","threshold":3},{"group_id":5017,"menu_id":20045,"match":8,"name":"クリーム","threshold":3},{"group_id":5018,"menu_id":20045,"match":-6,"name":"バター","threshold":3},{"group_id":5019,"menu_id":20045,"match":4,"name":"練乳","threshold":1},{"group_id":5020,"menu_id":20045,"match":6,"name":"はちみつ","threshold":1},{"group_id":5021,"menu_id":20045,"match":4,"name":"ラム酒","threshold":1},{"group_id":5022,"menu_id":20045,"match":-7,"name":"カツオ節","threshold":3},{"group_id":5001,"menu_id":20046,"match":9,"name":"砂糖","threshold":3},{"group_id":5002,"menu_id":20046,"match":5,"name":"塩","threshold":1},{"group_id":5003,"menu_id":20046,"match":-4,"name":"酢","threshold":3},{"group_id":5004,"menu_id":20046,"match":-8,"name":"味噌","threshold":3},{"group_id":5005,"menu_id":20046,"match":-4,"name":"生姜","threshold":3},{"group_id":5006,"menu_id":20046,"match":-5,"name":"ニンニク","threshold":3},{"group_id":5007,"menu_id":20046,"match":-5,"name":"コンソメ","threshold":3},{"group_id":5008,"menu_id":20046,"match":-4,"name":"みりん","threshold":3},{"group_id":5009,"menu_id":20046,"match":-1,"name":"パセリ","threshold":3},{"group_id":5010,"menu_id":20046,"match":-3,"name":"料理酒","threshold":3},{"group_id":5011,"menu_id":20046,"match":-8,"name":"醤油","threshold":3},{"group_id":5012,"menu_id":20046,"match":-8,"name":"ラー油","threshold":3},{"group_id":5013,"menu_id":20046,"match":-8,"name":"ソース","threshold":3},{"group_id":5014,"menu_id":20046,"match":-3,"name":"ケチャップ","threshold":3},{"group_id":5015,"menu_id":20046,"match":4,"name":"黒砂糖","threshold":1},{"group_id":5016,"menu_id":20046,"match":-5,"name":"こしょう","threshold":3},{"group_id":5017,"menu_id":20046,"match":7,"name":"クリーム","threshold":1},{"group_id":5018,"menu_id":20046,"match":-3,"name":"バター","threshold":3},{"group_id":5019,"menu_id":20046,"match":6,"name":"練乳","threshold":2},{"group_id":5020,"menu_id":20046,"match":6,"name":"はちみつ","threshold":1},{"group_id":5021,"menu_id":20046,"match":3,"name":"ラム酒","threshold":1},{"group_id":5022,"menu_id":20046,"match":-5,"name":"カツオ節","threshold":3},{"group_id":5001,"menu_id":20047,"match":10,"name":"砂糖","threshold":2},{"group_id":5002,"menu_id":20047,"match":4,"name":"塩","threshold":1},{"group_id":5003,"menu_id":20047,"match":-6,"name":"酢","threshold":3},{"group_id":5004,"menu_id":20047,"match":-7,"name":"味噌","threshold":3},{"group_id":5005,"menu_id":20047,"match":-3,"name":"生姜","threshold":3},{"group_id":5006,"menu_id":20047,"match":-8,"name":"ニンニク","threshold":3},{"group_id":5007,"menu_id":20047,"match":-3,"name":"コンソメ","threshold":3},{"group_id":5008,"menu_id":20047,"match":-8,"name":"みりん","threshold":3},{"group_id":5009,"menu_id":20047,"match":-1,"name":"パセリ","threshold":3},{"group_id":5010,"menu_id":20047,"match":-3,"name":"料理酒","threshold":3},{"group_id":5011,"menu_id":20047,"match":-8,"name":"醤油","threshold":3},{"group_id":5012,"menu_id":20047,"match":-8,"name":"ラー油","threshold":3},{"group_id":5013,"menu_id":20047,"match":-8,"name":"ソース","threshold":3},{"group_id":5014,"menu_id":20047,"match":-4,"name":"ケチャップ","threshold":3},{"group_id":5015,"menu_id":20047,"match":5,"name":"黒砂糖","threshold":1},{"group_id":5016,"menu_id":20047,"match":-6,"name":"こしょう","threshold":3},{"group_id":5017,"menu_id":20047,"match":6,"name":"クリーム","threshold":1},{"group_id":5018,"menu_id":20047,"match":-4,"name":"バター","threshold":3},{"group_id":5019,"menu_id":20047,"match":8,"name":"練乳","threshold":3},{"group_id":5020,"menu_id":20047,"match":7,"name":"はちみつ","threshold":2},{"group_id":5021,"menu_id":20047,"match":0,"name":"ラム酒","threshold":1},{"group_id":5022,"menu_id":20047,"match":-5,"name":"カツオ節","threshold":3},{"group_id":5001,"menu_id":20048,"match":8,"name":"砂糖","threshold":2},{"group_id":5002,"menu_id":20048,"match":2,"name":"塩","threshold":1},{"group_id":5003,"menu_id":20048,"match":-4,"name":"酢","threshold":3},{"group_id":5004,"menu_id":20048,"match":-9,"name":"味噌","threshold":3},{"group_id":5005,"menu_id":20048,"match":10,"name":"生姜","threshold":3},{"group_id":5006,"menu_id":20048,"match":-5,"name":"ニンニク","threshold":3},{"group_id":5007,"menu_id":20048,"match":-5,"name":"コンソメ","threshold":3},{"group_id":5008,"menu_id":20048,"match":-3,"name":"みりん","threshold":3},{"group_id":5009,"menu_id":20048,"match":-6,"name":"パセリ","threshold":3},{"group_id":5010,"menu_id":20048,"match":-1,"name":"料理酒","threshold":3},{"group_id":5011,"menu_id":20048,"match":-6,"name":"醤油","threshold":3},{"group_id":5012,"menu_id":20048,"match":-8,"name":"ラー油","threshold":3},{"group_id":5013,"menu_id":20048,"match":-7,"name":"ソース","threshold":3},{"group_id":5014,"menu_id":20048,"match":-5,"name":"ケチャップ","threshold":3},{"group_id":5015,"menu_id":20048,"match":5,"name":"黒砂糖","threshold":2},{"group_id":5016,"menu_id":20048,"match":-6,"name":"こしょう","threshold":3},{"group_id":5017,"menu_id":20048,"match":-2,"name":"クリーム","threshold":3},{"group_id":5018,"menu_id":20048,"match":-4,"name":"バター","threshold":3},{"group_id":5019,"menu_id":20048,"match":-1,"name":"練乳","threshold":3},{"group_id":5020,"menu_id":20048,"match":8,"name":"はちみつ","threshold":2},{"group_id":5021,"menu_id":20048,"match":0,"name":"ラム酒","threshold":1},{"group_id":5022,"menu_id":20048,"match":-4,"name":"カツオ節","threshold":3},{"group_id":5001,"menu_id":20049,"match":10,"name":"砂糖","threshold":2},{"group_id":5002,"menu_id":20049,"match":3,"name":"塩","threshold":1},{"group_id":5003,"menu_id":20049,"match":-6,"name":"酢","threshold":3},{"group_id":5004,"menu_id":20049,"match":-7,"name":"味噌","threshold":3},{"group_id":5005,"menu_id":20049,"match":-3,"name":"生姜","threshold":3},{"group_id":5006,"menu_id":20049,"match":-6,"name":"ニンニク","threshold":3},{"group_id":5007,"menu_id":20049,"match":-5,"name":"コンソメ","threshold":3},{"group_id":5008,"menu_id":20049,"match":-1,"name":"みりん","threshold":3},{"group_id":5009,"menu_id":20049,"match":-4,"name":"パセリ","threshold":3},{"group_id":5010,"menu_id":20049,"match":-1,"name":"料理酒","threshold":3},{"group_id":5011,"menu_id":20049,"match":-7,"name":"醤油","threshold":3},{"group_id":5012,"menu_id":20049,"match":-8,"name":"ラー油","threshold":3},{"group_id":5013,"menu_id":20049,"match":-7,"name":"ソース","threshold":3},{"group_id":5014,"menu_id":20049,"match":-4,"name":"ケチャップ","threshold":3},{"group_id":5015,"menu_id":20049,"match":8,"name":"黒砂糖","threshold":2},{"group_id":5016,"menu_id":20049,"match":-5,"name":"こしょう","threshold":3},{"group_id":5017,"menu_id":20049,"match":6,"name":"クリーム","threshold":2},{"group_id":5018,"menu_id":20049,"match":-3,"name":"バター","threshold":3},{"group_id":5019,"menu_id":20049,"match":6,"name":"練乳","threshold":1},{"group_id":5020,"menu_id":20049,"match":6,"name":"はちみつ","threshold":1},{"group_id":5021,"menu_id":20049,"match":-2,"name":"ラム酒","threshold":3},{"group_id":5022,"menu_id":20049,"match":-1,"name":"カツオ節","threshold":3},{"group_id":5001,"menu_id":20050,"match":10,"name":"砂糖","threshold":3},{"group_id":5002,"menu_id":20050,"match":3,"name":"塩","threshold":1},{"group_id":5003,"menu_id":20050,"match":-6,"name":"酢","threshold":3},{"group_id":5004,"menu_id":20050,"match":-7,"name":"味噌","threshold":3},{"group_id":5005,"menu_id":20050,"match":-3,"name":"生姜","threshold":3},{"group_id":5006,"menu_id":20050,"match":-5,"name":"ニンニク","threshold":3},{"group_id":5007,"menu_id":20050,"match":-5,"name":"コンソメ","threshold":3},{"group_id":5008,"menu_id":20050,"match":-5,"name":"みりん","threshold":3},{"group_id":5009,"menu_id":20050,"match":-4,"name":"パセリ","threshold":3},{"group_id":5010,"menu_id":20050,"match":-1,"name":"料理酒","threshold":3},{"group_id":5011,"menu_id":20050,"match":-8,"name":"醤油","threshold":3},{"group_id":5012,"menu_id":20050,"match":-8,"name":"ラー油","threshold":3},{"group_id":5013,"menu_id":20050,"match":-8,"name":"ソース","threshold":3},{"group_id":5014,"menu_id":20050,"match":-5,"name":"ケチャップ","threshold":3},{"group_id":5015,"menu_id":20050,"match":0,"name":"黒砂糖","threshold":1},{"group_id":5016,"menu_id":20050,"match":-5,"name":"こしょう","threshold":3},{"group_id":5017,"menu_id":20050,"match":7,"name":"クリーム","threshold":2},{"group_id":5018,"menu_id":20050,"match":-7,"name":"バター","threshold":3},{"group_id":5019,"menu_id":20050,"match":6,"name":"練乳","threshold":2},{"group_id":5020,"menu_id":20050,"match":7,"name":"はちみつ","threshold":1},{"group_id":5021,"menu_id":20050,"match":3,"name":"ラム酒","threshold":1},{"group_id":5022,"menu_id":20050,"match":-6,"name":"カツオ節","threshold":3}]