[{"config_id":800011,"icon_id":80001,"group_id":1,"type":1,"quality":1,"name":"ご飯","color":0,"smell":0,"taste":0,"size":0,"model":0,"sour":0,"sweet":0,"bitter":0,"spicy":0,"sault":0,"fresh":0,"cost":5},{"config_id":800012,"icon_id":80001,"group_id":1,"type":1,"quality":2,"name":"ご飯","color":0,"smell":0,"taste":0,"size":0,"model":0,"sour":0,"sweet":0,"bitter":0,"spicy":0,"sault":0,"fresh":0,"cost":10},{"config_id":800013,"icon_id":80001,"group_id":1,"type":1,"quality":3,"name":"ご飯","color":0,"smell":0,"taste":0,"size":0,"model":0,"sour":0,"sweet":0,"bitter":0,"spicy":0,"sault":0,"fresh":0,"cost":15},{"config_id":800014,"icon_id":80001,"group_id":1,"type":1,"quality":4,"name":"ご飯","color":0,"smell":0,"taste":0,"size":0,"model":0,"sour":0,"sweet":0,"bitter":0,"spicy":0,"sault":0,"fresh":0,"cost":20},{"config_id":800015,"icon_id":80001,"group_id":1,"type":1,"quality":5,"name":"ご飯","color":0,"smell":0,"taste":0,"size":0,"model":0,"sour":0,"sweet":0,"bitter":0,"spicy":0,"sault":0,"fresh":0,"cost":25},{"config_id":800021,"icon_id":80002,"group_id":2,"type":1,"quality":1,"name":"栗","color":0,"smell":0,"taste":0,"size":0,"model":0,"sour":0,"sweet":0,"bitter":0,"spicy":0,"sault":0,"fresh":0,"cost":25},{"config_id":800022,"icon_id":80002,"group_id":2,"type":1,"quality":2,"name":"栗","color":0,"smell":0,"taste":0,"size":0,"model":0,"sour":0,"sweet":0,"bitter":0,"spicy":0,"sault":0,"fresh":0,"cost":50},{"config_id":800023,"icon_id":80002,"group_id":2,"type":1,"quality":3,"name":"栗","color":0,"smell":0,"taste":0,"size":0,"model":0,"sour":0,"sweet":0,"bitter":0,"spicy":0,"sault":0,"fresh":0,"cost":75},{"config_id":800024,"icon_id":80002,"group_id":2,"type":1,"quality":4,"name":"栗","color":0,"smell":0,"taste":0,"size":0,"model":0,"sour":0,"sweet":0,"bitter":0,"spicy":0,"sault":0,"fresh":0,"cost":100},{"config_id":800025,"icon_id":80002,"group_id":2,"type":1,"quality":5,"name":"栗","color":0,"smell":0,"taste":0,"size":0,"model":0,"sour":0,"sweet":0,"bitter":0,"spicy":0,"sault":0,"fresh":0,"cost":125},{"config_id":800031,"icon_id":80003,"group_id":3,"type":1,"quality":1,"name":"トマト","color":0,"smell":0,"taste":0,"size":0,"model":0,"sour":0,"sweet":0,"bitter":0,"spicy":0,"sault":0,"fresh":0,"cost":10},{"config_id":800032,"icon_id":80003,"group_id":3,"type":1,"quality":2,"name":"トマト","color":0,"smell":0,"taste":0,"size":0,"model":0,"sour":0,"sweet":0,"bitter":0,"spicy":0,"sault":0,"fresh":0,"cost":20},{"config_id":800033,"icon_id":80003,"group_id":3,"type":1,"quality":3,"name":"トマト","color":0,"smell":0,"taste":0,"size":0,"model":0,"sour":0,"sweet":0,"bitter":0,"spicy":0,"sault":0,"fresh":0,"cost":30},{"config_id":800034,"icon_id":80003,"group_id":3,"type":1,"quality":4,"name":"トマト","color":0,"smell":0,"taste":0,"size":0,"model":0,"sour":0,"sweet":0,"bitter":0,"spicy":0,"sault":0,"fresh":0,"cost":40},{"config_id":800035,"icon_id":80003,"group_id":3,"type":1,"quality":5,"name":"トマト","color":0,"smell":0,"taste":0,"size":0,"model":0,"sour":0,"sweet":0,"bitter":0,"spicy":0,"sault":0,"fresh":0,"cost":50},{"config_id":800041,"icon_id":80004,"group_id":4,"type":1,"quality":1,"name":"ジャガイモ","color":0,"smell":0,"taste":0,"size":0,"model":0,"sour":0,"sweet":0,"bitter":0,"spicy":0,"sault":0,"fresh":0,"cost":10},{"config_id":800042,"icon_id":80004,"group_id":4,"type":1,"quality":2,"name":"ジャガイモ","color":0,"smell":0,"taste":0,"size":0,"model":0,"sour":0,"sweet":0,"bitter":0,"spicy":0,"sault":0,"fresh":0,"cost":20},{"config_id":800043,"icon_id":80004,"group_id":4,"type":1,"quality":3,"name":"ジャガイモ","color":0,"smell":0,"taste":0,"size":0,"model":0,"sour":0,"sweet":0,"bitter":0,"spicy":0,"sault":0,"fresh":0,"cost":30},{"config_id":800044,"icon_id":80004,"group_id":4,"type":1,"quality":4,"name":"ジャガイモ","color":0,"smell":0,"taste":0,"size":0,"model":0,"sour":0,"sweet":0,"bitter":0,"spicy":0,"sault":0,"fresh":0,"cost":40},{"config_id":800045,"icon_id":80004,"group_id":4,"type":1,"quality":5,"name":"ジャガイモ","color":0,"smell":0,"taste":0,"size":0,"model":0,"sour":0,"sweet":0,"bitter":0,"spicy":0,"sault":0,"fresh":0,"cost":50},{"config_id":800051,"icon_id":80005,"group_id":5,"type":1,"quality":1,"name":"唐辛子","color":0,"smell":0,"taste":0,"size":0,"model":0,"sour":0,"sweet":0,"bitter":0,"spicy":0,"sault":0,"fresh":0,"cost":15},{"config_id":800052,"icon_id":80005,"group_id":5,"type":1,"quality":2,"name":"唐辛子","color":0,"smell":0,"taste":0,"size":0,"model":0,"sour":0,"sweet":0,"bitter":0,"spicy":0,"sault":0,"fresh":0,"cost":30},{"config_id":800053,"icon_id":80005,"group_id":5,"type":1,"quality":3,"name":"唐辛子","color":0,"smell":0,"taste":0,"size":0,"model":0,"sour":0,"sweet":0,"bitter":0,"spicy":0,"sault":0,"fresh":0,"cost":45},{"config_id":800054,"icon_id":80005,"group_id":5,"type":1,"quality":4,"name":"唐辛子","color":0,"smell":0,"taste":0,"size":0,"model":0,"sour":0,"sweet":0,"bitter":0,"spicy":0,"sault":0,"fresh":0,"cost":60},{"config_id":800055,"icon_id":80005,"group_id":5,"type":1,"quality":5,"name":"唐辛子","color":0,"smell":0,"taste":0,"size":0,"model":0,"sour":0,"sweet":0,"bitter":0,"spicy":0,"sault":0,"fresh":0,"cost":75},{"config_id":800061,"icon_id":80006,"group_id":6,"type":1,"quality":1,"name":"コーン","color":0,"smell":0,"taste":0,"size":0,"model":0,"sour":0,"sweet":0,"bitter":0,"spicy":0,"sault":0,"fresh":0,"cost":12},{"config_id":800062,"icon_id":80006,"group_id":6,"type":1,"quality":2,"name":"コーン","color":0,"smell":0,"taste":0,"size":0,"model":0,"sour":0,"sweet":0,"bitter":0,"spicy":0,"sault":0,"fresh":0,"cost":24},{"config_id":800063,"icon_id":80006,"group_id":6,"type":1,"quality":3,"name":"コーン","color":0,"smell":0,"taste":0,"size":0,"model":0,"sour":0,"sweet":0,"bitter":0,"spicy":0,"sault":0,"fresh":0,"cost":36},{"config_id":800064,"icon_id":80006,"group_id":6,"type":1,"quality":4,"name":"コーン","color":0,"smell":0,"taste":0,"size":0,"model":0,"sour":0,"sweet":0,"bitter":0,"spicy":0,"sault":0,"fresh":0,"cost":48},{"config_id":800065,"icon_id":80006,"group_id":6,"type":1,"quality":5,"name":"コーン","color":0,"smell":0,"taste":0,"size":0,"model":0,"sour":0,"sweet":0,"bitter":0,"spicy":0,"sault":0,"fresh":0,"cost":60},{"config_id":800071,"icon_id":80007,"group_id":7,"type":1,"quality":1,"name":"しいたけ","color":0,"smell":0,"taste":0,"size":0,"model":0,"sour":0,"sweet":0,"bitter":0,"spicy":0,"sault":0,"fresh":0,"cost":30},{"config_id":800072,"icon_id":80007,"group_id":7,"type":1,"quality":2,"name":"しいたけ","color":0,"smell":0,"taste":0,"size":0,"model":0,"sour":0,"sweet":0,"bitter":0,"spicy":0,"sault":0,"fresh":0,"cost":60},{"config_id":800073,"icon_id":80007,"group_id":7,"type":1,"quality":3,"name":"しいたけ","color":0,"smell":0,"taste":0,"size":0,"model":0,"sour":0,"sweet":0,"bitter":0,"spicy":0,"sault":0,"fresh":0,"cost":90},{"config_id":800074,"icon_id":80007,"group_id":7,"type":1,"quality":4,"name":"しいたけ","color":0,"smell":0,"taste":0,"size":0,"model":0,"sour":0,"sweet":0,"bitter":0,"spicy":0,"sault":0,"fresh":0,"cost":120},{"config_id":800075,"icon_id":80007,"group_id":7,"type":1,"quality":5,"name":"しいたけ","color":0,"smell":0,"taste":0,"size":0,"model":0,"sour":0,"sweet":0,"bitter":0,"spicy":0,"sault":0,"fresh":0,"cost":150},{"config_id":800081,"icon_id":80008,"group_id":8,"type":1,"quality":1,"name":"レタス","color":0,"smell":0,"taste":0,"size":0,"model":0,"sour":0,"sweet":0,"bitter":0,"spicy":0,"sault":0,"fresh":0,"cost":15},{"config_id":800082,"icon_id":80008,"group_id":8,"type":1,"quality":2,"name":"レタス","color":0,"smell":0,"taste":0,"size":0,"model":0,"sour":0,"sweet":0,"bitter":0,"spicy":0,"sault":0,"fresh":0,"cost":30},{"config_id":800083,"icon_id":80008,"group_id":8,"type":1,"quality":3,"name":"レタス","color":0,"smell":0,"taste":0,"size":0,"model":0,"sour":0,"sweet":0,"bitter":0,"spicy":0,"sault":0,"fresh":0,"cost":45},{"config_id":800084,"icon_id":80008,"group_id":8,"type":1,"quality":4,"name":"レタス","color":0,"smell":0,"taste":0,"size":0,"model":0,"sour":0,"sweet":0,"bitter":0,"spicy":0,"sault":0,"fresh":0,"cost":60},{"config_id":800085,"icon_id":80008,"group_id":8,"type":1,"quality":5,"name":"レタス","color":0,"smell":0,"taste":0,"size":0,"model":0,"sour":0,"sweet":0,"bitter":0,"spicy":0,"sault":0,"fresh":0,"cost":75},{"config_id":800091,"icon_id":80009,"group_id":9,"type":1,"quality":1,"name":"きくらげ","color":0,"smell":0,"taste":0,"size":0,"model":0,"sour":0,"sweet":0,"bitter":0,"spicy":0,"sault":0,"fresh":0,"cost":25},{"config_id":800092,"icon_id":80009,"group_id":9,"type":1,"quality":2,"name":"きくらげ","color":0,"smell":0,"taste":0,"size":0,"model":0,"sour":0,"sweet":0,"bitter":0,"spicy":0,"sault":0,"fresh":0,"cost":50},{"config_id":800093,"icon_id":80009,"group_id":9,"type":1,"quality":3,"name":"きくらげ","color":0,"smell":0,"taste":0,"size":0,"model":0,"sour":0,"sweet":0,"bitter":0,"spicy":0,"sault":0,"fresh":0,"cost":75},{"config_id":800094,"icon_id":80009,"group_id":9,"type":1,"quality":4,"name":"きくらげ","color":0,"smell":0,"taste":0,"size":0,"model":0,"sour":0,"sweet":0,"bitter":0,"spicy":0,"sault":0,"fresh":0,"cost":100},{"config_id":800095,"icon_id":80009,"group_id":9,"type":1,"quality":5,"name":"きくらげ","color":0,"smell":0,"taste":0,"size":0,"model":0,"sour":0,"sweet":0,"bitter":0,"spicy":0,"sault":0,"fresh":0,"cost":125},{"config_id":800101,"icon_id":80010,"group_id":10,"type":1,"quality":1,"name":"ほうれん草","color":0,"smell":0,"taste":0,"size":0,"model":0,"sour":0,"sweet":0,"bitter":0,"spicy":0,"sault":0,"fresh":0,"cost":5},{"config_id":800102,"icon_id":80010,"group_id":10,"type":1,"quality":2,"name":"ほうれん草","color":0,"smell":0,"taste":0,"size":0,"model":0,"sour":0,"sweet":0,"bitter":0,"spicy":0,"sault":0,"fresh":0,"cost":10},{"config_id":800103,"icon_id":80010,"group_id":10,"type":1,"quality":3,"name":"ほうれん草","color":0,"smell":0,"taste":0,"size":0,"model":0,"sour":0,"sweet":0,"bitter":0,"spicy":0,"sault":0,"fresh":0,"cost":15},{"config_id":800104,"icon_id":80010,"group_id":10,"type":1,"quality":4,"name":"ほうれん草","color":0,"smell":0,"taste":0,"size":0,"model":0,"sour":0,"sweet":0,"bitter":0,"spicy":0,"sault":0,"fresh":0,"cost":20},{"config_id":800105,"icon_id":80010,"group_id":10,"type":1,"quality":5,"name":"ほうれん草","color":0,"smell":0,"taste":0,"size":0,"model":0,"sour":0,"sweet":0,"bitter":0,"spicy":0,"sault":0,"fresh":0,"cost":25},{"config_id":800111,"icon_id":80011,"group_id":11,"type":1,"quality":1,"name":"エンドウ豆","color":0,"smell":0,"taste":0,"size":0,"model":0,"sour":0,"sweet":0,"bitter":0,"spicy":0,"sault":0,"fresh":0,"cost":8},{"config_id":800112,"icon_id":80011,"group_id":11,"type":1,"quality":2,"name":"エンドウ豆","color":0,"smell":0,"taste":0,"size":0,"model":0,"sour":0,"sweet":0,"bitter":0,"spicy":0,"sault":0,"fresh":0,"cost":16},{"config_id":800113,"icon_id":80011,"group_id":11,"type":1,"quality":3,"name":"エンドウ豆","color":0,"smell":0,"taste":0,"size":0,"model":0,"sour":0,"sweet":0,"bitter":0,"spicy":0,"sault":0,"fresh":0,"cost":24},{"config_id":800114,"icon_id":80011,"group_id":11,"type":1,"quality":4,"name":"エンドウ豆","color":0,"smell":0,"taste":0,"size":0,"model":0,"sour":0,"sweet":0,"bitter":0,"spicy":0,"sault":0,"fresh":0,"cost":32},{"config_id":800115,"icon_id":80011,"group_id":11,"type":1,"quality":5,"name":"エンドウ豆","color":0,"smell":0,"taste":0,"size":0,"model":0,"sour":0,"sweet":0,"bitter":0,"spicy":0,"sault":0,"fresh":0,"cost":40},{"config_id":800121,"icon_id":80012,"group_id":12,"type":1,"quality":1,"name":"タケノコ","color":0,"smell":0,"taste":0,"size":0,"model":0,"sour":0,"sweet":0,"bitter":0,"spicy":0,"sault":0,"fresh":0,"cost":18},{"config_id":800122,"icon_id":80012,"group_id":12,"type":1,"quality":2,"name":"タケノコ","color":0,"smell":0,"taste":0,"size":0,"model":0,"sour":0,"sweet":0,"bitter":0,"spicy":0,"sault":0,"fresh":0,"cost":36},{"config_id":800123,"icon_id":80012,"group_id":12,"type":1,"quality":3,"name":"タケノコ","color":0,"smell":0,"taste":0,"size":0,"model":0,"sour":0,"sweet":0,"bitter":0,"spicy":0,"sault":0,"fresh":0,"cost":54},{"config_id":800124,"icon_id":80012,"group_id":12,"type":1,"quality":4,"name":"タケノコ","color":0,"smell":0,"taste":0,"size":0,"model":0,"sour":0,"sweet":0,"bitter":0,"spicy":0,"sault":0,"fresh":0,"cost":72},{"config_id":800125,"icon_id":80012,"group_id":12,"type":1,"quality":5,"name":"タケノコ","color":0,"smell":0,"taste":0,"size":0,"model":0,"sour":0,"sweet":0,"bitter":0,"spicy":0,"sault":0,"fresh":0,"cost":90},{"config_id":800131,"icon_id":80013,"group_id":13,"type":1,"quality":1,"name":"芽ニンニク","color":0,"smell":0,"taste":0,"size":0,"model":0,"sour":0,"sweet":0,"bitter":0,"spicy":0,"sault":0,"fresh":0,"cost":12},{"config_id":800132,"icon_id":80013,"group_id":13,"type":1,"quality":2,"name":"芽ニンニク","color":0,"smell":0,"taste":0,"size":0,"model":0,"sour":0,"sweet":0,"bitter":0,"spicy":0,"sault":0,"fresh":0,"cost":24},{"config_id":800133,"icon_id":80013,"group_id":13,"type":1,"quality":3,"name":"芽ニンニク","color":0,"smell":0,"taste":0,"size":0,"model":0,"sour":0,"sweet":0,"bitter":0,"spicy":0,"sault":0,"fresh":0,"cost":36},{"config_id":800134,"icon_id":80013,"group_id":13,"type":1,"quality":4,"name":"芽ニンニク","color":0,"smell":0,"taste":0,"size":0,"model":0,"sour":0,"sweet":0,"bitter":0,"spicy":0,"sault":0,"fresh":0,"cost":48},{"config_id":800135,"icon_id":80013,"group_id":13,"type":1,"quality":5,"name":"芽ニンニク","color":0,"smell":0,"taste":0,"size":0,"model":0,"sour":0,"sweet":0,"bitter":0,"spicy":0,"sault":0,"fresh":0,"cost":60},{"config_id":800141,"icon_id":80014,"group_id":14,"type":1,"quality":1,"name":"豆腐","color":0,"smell":0,"taste":0,"size":0,"model":0,"sour":0,"sweet":0,"bitter":0,"spicy":0,"sault":0,"fresh":0,"cost":10},{"config_id":800142,"icon_id":80014,"group_id":14,"type":1,"quality":2,"name":"豆腐","color":0,"smell":0,"taste":0,"size":0,"model":0,"sour":0,"sweet":0,"bitter":0,"spicy":0,"sault":0,"fresh":0,"cost":20},{"config_id":800143,"icon_id":80014,"group_id":14,"type":1,"quality":3,"name":"豆腐","color":0,"smell":0,"taste":0,"size":0,"model":0,"sour":0,"sweet":0,"bitter":0,"spicy":0,"sault":0,"fresh":0,"cost":30},{"config_id":800144,"icon_id":80014,"group_id":14,"type":1,"quality":4,"name":"豆腐","color":0,"smell":0,"taste":0,"size":0,"model":0,"sour":0,"sweet":0,"bitter":0,"spicy":0,"sault":0,"fresh":0,"cost":40},{"config_id":800145,"icon_id":80014,"group_id":14,"type":1,"quality":5,"name":"豆腐","color":0,"smell":0,"taste":0,"size":0,"model":0,"sour":0,"sweet":0,"bitter":0,"spicy":0,"sault":0,"fresh":0,"cost":50},{"config_id":800151,"icon_id":80015,"group_id":15,"type":1,"quality":1,"name":"春雨","color":0,"smell":0,"taste":0,"size":0,"model":0,"sour":0,"sweet":0,"bitter":0,"spicy":0,"sault":0,"fresh":0,"cost":5},{"config_id":800152,"icon_id":80015,"group_id":15,"type":1,"quality":2,"name":"春雨","color":0,"smell":0,"taste":0,"size":0,"model":0,"sour":0,"sweet":0,"bitter":0,"spicy":0,"sault":0,"fresh":0,"cost":10},{"config_id":800153,"icon_id":80015,"group_id":15,"type":1,"quality":3,"name":"春雨","color":0,"smell":0,"taste":0,"size":0,"model":0,"sour":0,"sweet":0,"bitter":0,"spicy":0,"sault":0,"fresh":0,"cost":15},{"config_id":800154,"icon_id":80015,"group_id":15,"type":1,"quality":4,"name":"春雨","color":0,"smell":0,"taste":0,"size":0,"model":0,"sour":0,"sweet":0,"bitter":0,"spicy":0,"sault":0,"fresh":0,"cost":20},{"config_id":800155,"icon_id":80015,"group_id":15,"type":1,"quality":5,"name":"春雨","color":0,"smell":0,"taste":0,"size":0,"model":0,"sour":0,"sweet":0,"bitter":0,"spicy":0,"sault":0,"fresh":0,"cost":25},{"config_id":800161,"icon_id":80016,"group_id":16,"type":1,"quality":1,"name":"ピーナツ","color":0,"smell":0,"taste":0,"size":0,"model":0,"sour":0,"sweet":0,"bitter":0,"spicy":0,"sault":0,"fresh":0,"cost":20},{"config_id":800162,"icon_id":80016,"group_id":16,"type":1,"quality":2,"name":"ピーナツ","color":0,"smell":0,"taste":0,"size":0,"model":0,"sour":0,"sweet":0,"bitter":0,"spicy":0,"sault":0,"fresh":0,"cost":40},{"config_id":800163,"icon_id":80016,"group_id":16,"type":1,"quality":3,"name":"ピーナツ","color":0,"smell":0,"taste":0,"size":0,"model":0,"sour":0,"sweet":0,"bitter":0,"spicy":0,"sault":0,"fresh":0,"cost":60},{"config_id":800164,"icon_id":80016,"group_id":16,"type":1,"quality":4,"name":"ピーナツ","color":0,"smell":0,"taste":0,"size":0,"model":0,"sour":0,"sweet":0,"bitter":0,"spicy":0,"sault":0,"fresh":0,"cost":80},{"config_id":800165,"icon_id":80016,"group_id":16,"type":1,"quality":5,"name":"ピーナツ","color":0,"smell":0,"taste":0,"size":0,"model":0,"sour":0,"sweet":0,"bitter":0,"spicy":0,"sault":0,"fresh":0,"cost":100},{"config_id":800171,"icon_id":80017,"group_id":17,"type":1,"quality":1,"name":"人参","color":0,"smell":0,"taste":0,"size":0,"model":0,"sour":0,"sweet":0,"bitter":0,"spicy":0,"sault":0,"fresh":0,"cost":6},{"config_id":800172,"icon_id":80017,"group_id":17,"type":1,"quality":2,"name":"人参","color":0,"smell":0,"taste":0,"size":0,"model":0,"sour":0,"sweet":0,"bitter":0,"spicy":0,"sault":0,"fresh":0,"cost":12},{"config_id":800173,"icon_id":80017,"group_id":17,"type":1,"quality":3,"name":"人参","color":0,"smell":0,"taste":0,"size":0,"model":0,"sour":0,"sweet":0,"bitter":0,"spicy":0,"sault":0,"fresh":0,"cost":18},{"config_id":800174,"icon_id":80017,"group_id":17,"type":1,"quality":4,"name":"人参","color":0,"smell":0,"taste":0,"size":0,"model":0,"sour":0,"sweet":0,"bitter":0,"spicy":0,"sault":0,"fresh":0,"cost":24},{"config_id":800175,"icon_id":80017,"group_id":17,"type":1,"quality":5,"name":"人参","color":0,"smell":0,"taste":0,"size":0,"model":0,"sour":0,"sweet":0,"bitter":0,"spicy":0,"sault":0,"fresh":0,"cost":30},{"config_id":800181,"icon_id":80018,"group_id":18,"type":1,"quality":1,"name":"しらたき","color":0,"smell":0,"taste":0,"size":0,"model":0,"sour":0,"sweet":0,"bitter":0,"spicy":0,"sault":0,"fresh":0,"cost":8},{"config_id":800182,"icon_id":80018,"group_id":18,"type":1,"quality":2,"name":"しらたき","color":0,"smell":0,"taste":0,"size":0,"model":0,"sour":0,"sweet":0,"bitter":0,"spicy":0,"sault":0,"fresh":0,"cost":16},{"config_id":800183,"icon_id":80018,"group_id":18,"type":1,"quality":3,"name":"しらたき","color":0,"smell":0,"taste":0,"size":0,"model":0,"sour":0,"sweet":0,"bitter":0,"spicy":0,"sault":0,"fresh":0,"cost":24},{"config_id":800184,"icon_id":80018,"group_id":18,"type":1,"quality":4,"name":"しらたき","color":0,"smell":0,"taste":0,"size":0,"model":0,"sour":0,"sweet":0,"bitter":0,"spicy":0,"sault":0,"fresh":0,"cost":32},{"config_id":800185,"icon_id":80018,"group_id":18,"type":1,"quality":5,"name":"しらたき","color":0,"smell":0,"taste":0,"size":0,"model":0,"sour":0,"sweet":0,"bitter":0,"spicy":0,"sault":0,"fresh":0,"cost":40},{"config_id":800191,"icon_id":80019,"group_id":19,"type":1,"quality":1,"name":"ベーコン","color":0,"smell":0,"taste":0,"size":0,"model":0,"sour":0,"sweet":0,"bitter":0,"spicy":0,"sault":0,"fresh":0,"cost":18},{"config_id":800192,"icon_id":80019,"group_id":19,"type":1,"quality":2,"name":"ベーコン","color":0,"smell":0,"taste":0,"size":0,"model":0,"sour":0,"sweet":0,"bitter":0,"spicy":0,"sault":0,"fresh":0,"cost":36},{"config_id":800193,"icon_id":80019,"group_id":19,"type":1,"quality":3,"name":"ベーコン","color":0,"smell":0,"taste":0,"size":0,"model":0,"sour":0,"sweet":0,"bitter":0,"spicy":0,"sault":0,"fresh":0,"cost":54},{"config_id":800194,"icon_id":80019,"group_id":19,"type":1,"quality":4,"name":"ベーコン","color":0,"smell":0,"taste":0,"size":0,"model":0,"sour":0,"sweet":0,"bitter":0,"spicy":0,"sault":0,"fresh":0,"cost":72},{"config_id":800195,"icon_id":80019,"group_id":19,"type":1,"quality":5,"name":"ベーコン","color":0,"smell":0,"taste":0,"size":0,"model":0,"sour":0,"sweet":0,"bitter":0,"spicy":0,"sault":0,"fresh":0,"cost":90},{"config_id":800201,"icon_id":80020,"group_id":20,"type":1,"quality":1,"name":"卵","color":0,"smell":0,"taste":0,"size":0,"model":0,"sour":0,"sweet":0,"bitter":0,"spicy":0,"sault":0,"fresh":0,"cost":10},{"config_id":800202,"icon_id":80020,"group_id":20,"type":1,"quality":2,"name":"卵","color":0,"smell":0,"taste":0,"size":0,"model":0,"sour":0,"sweet":0,"bitter":0,"spicy":0,"sault":0,"fresh":0,"cost":20},{"config_id":800203,"icon_id":80020,"group_id":20,"type":1,"quality":3,"name":"卵","color":0,"smell":0,"taste":0,"size":0,"model":0,"sour":0,"sweet":0,"bitter":0,"spicy":0,"sault":0,"fresh":0,"cost":30},{"config_id":800204,"icon_id":80020,"group_id":20,"type":1,"quality":4,"name":"卵","color":0,"smell":0,"taste":0,"size":0,"model":0,"sour":0,"sweet":0,"bitter":0,"spicy":0,"sault":0,"fresh":0,"cost":40},{"config_id":800205,"icon_id":80020,"group_id":20,"type":1,"quality":5,"name":"卵","color":0,"smell":0,"taste":0,"size":0,"model":0,"sour":0,"sweet":0,"bitter":0,"spicy":0,"sault":0,"fresh":0,"cost":50},{"config_id":800211,"icon_id":80021,"group_id":21,"type":1,"quality":1,"name":"三つ葉","color":0,"smell":0,"taste":0,"size":0,"model":0,"sour":0,"sweet":0,"bitter":0,"spicy":0,"sault":0,"fresh":0,"cost":10},{"config_id":800212,"icon_id":80021,"group_id":21,"type":1,"quality":2,"name":"三つ葉","color":0,"smell":0,"taste":0,"size":0,"model":0,"sour":0,"sweet":0,"bitter":0,"spicy":0,"sault":0,"fresh":0,"cost":20},{"config_id":800213,"icon_id":80021,"group_id":21,"type":1,"quality":3,"name":"三つ葉","color":0,"smell":0,"taste":0,"size":0,"model":0,"sour":0,"sweet":0,"bitter":0,"spicy":0,"sault":0,"fresh":0,"cost":30},{"config_id":800214,"icon_id":80021,"group_id":21,"type":1,"quality":4,"name":"三つ葉","color":0,"smell":0,"taste":0,"size":0,"model":0,"sour":0,"sweet":0,"bitter":0,"spicy":0,"sault":0,"fresh":0,"cost":40},{"config_id":800215,"icon_id":80021,"group_id":21,"type":1,"quality":5,"name":"三つ葉","color":0,"smell":0,"taste":0,"size":0,"model":0,"sour":0,"sweet":0,"bitter":0,"spicy":0,"sault":0,"fresh":0,"cost":50},{"config_id":800221,"icon_id":80022,"group_id":22,"type":1,"quality":1,"name":"焼きのり","color":0,"smell":0,"taste":0,"size":0,"model":0,"sour":0,"sweet":0,"bitter":0,"spicy":0,"sault":0,"fresh":0,"cost":15},{"config_id":800222,"icon_id":80022,"group_id":22,"type":1,"quality":2,"name":"焼きのり","color":0,"smell":0,"taste":0,"size":0,"model":0,"sour":0,"sweet":0,"bitter":0,"spicy":0,"sault":0,"fresh":0,"cost":30},{"config_id":800223,"icon_id":80022,"group_id":22,"type":1,"quality":3,"name":"焼きのり","color":0,"smell":0,"taste":0,"size":0,"model":0,"sour":0,"sweet":0,"bitter":0,"spicy":0,"sault":0,"fresh":0,"cost":45},{"config_id":800224,"icon_id":80022,"group_id":22,"type":1,"quality":4,"name":"焼きのり","color":0,"smell":0,"taste":0,"size":0,"model":0,"sour":0,"sweet":0,"bitter":0,"spicy":0,"sault":0,"fresh":0,"cost":60},{"config_id":800225,"icon_id":80022,"group_id":22,"type":1,"quality":5,"name":"焼きのり","color":0,"smell":0,"taste":0,"size":0,"model":0,"sour":0,"sweet":0,"bitter":0,"spicy":0,"sault":0,"fresh":0,"cost":75},{"config_id":800231,"icon_id":80023,"group_id":23,"type":1,"quality":1,"name":"牛ひき肉","color":0,"smell":0,"taste":0,"size":0,"model":0,"sour":0,"sweet":0,"bitter":0,"spicy":0,"sault":0,"fresh":0,"cost":32},{"config_id":800232,"icon_id":80023,"group_id":23,"type":1,"quality":2,"name":"牛ひき肉","color":0,"smell":0,"taste":0,"size":0,"model":0,"sour":0,"sweet":0,"bitter":0,"spicy":0,"sault":0,"fresh":0,"cost":64},{"config_id":800233,"icon_id":80023,"group_id":23,"type":1,"quality":3,"name":"牛ひき肉","color":0,"smell":0,"taste":0,"size":0,"model":0,"sour":0,"sweet":0,"bitter":0,"spicy":0,"sault":0,"fresh":0,"cost":96},{"config_id":800234,"icon_id":80023,"group_id":23,"type":1,"quality":4,"name":"牛ひき肉","color":0,"smell":0,"taste":0,"size":0,"model":0,"sour":0,"sweet":0,"bitter":0,"spicy":0,"sault":0,"fresh":0,"cost":128},{"config_id":800235,"icon_id":80023,"group_id":23,"type":1,"quality":5,"name":"牛ひき肉","color":0,"smell":0,"taste":0,"size":0,"model":0,"sour":0,"sweet":0,"bitter":0,"spicy":0,"sault":0,"fresh":0,"cost":160},{"config_id":800241,"icon_id":80024,"group_id":24,"type":1,"quality":1,"name":"豚肉","color":0,"smell":0,"taste":0,"size":0,"model":0,"sour":0,"sweet":0,"bitter":0,"spicy":0,"sault":0,"fresh":0,"cost":20},{"config_id":800242,"icon_id":80024,"group_id":24,"type":1,"quality":2,"name":"豚肉","color":0,"smell":0,"taste":0,"size":0,"model":0,"sour":0,"sweet":0,"bitter":0,"spicy":0,"sault":0,"fresh":0,"cost":40},{"config_id":800243,"icon_id":80024,"group_id":24,"type":1,"quality":3,"name":"豚肉","color":0,"smell":0,"taste":0,"size":0,"model":0,"sour":0,"sweet":0,"bitter":0,"spicy":0,"sault":0,"fresh":0,"cost":60},{"config_id":800244,"icon_id":80024,"group_id":24,"type":1,"quality":4,"name":"豚肉","color":0,"smell":0,"taste":0,"size":0,"model":0,"sour":0,"sweet":0,"bitter":0,"spicy":0,"sault":0,"fresh":0,"cost":80},{"config_id":800245,"icon_id":80024,"group_id":24,"type":1,"quality":5,"name":"豚肉","color":0,"smell":0,"taste":0,"size":0,"model":0,"sour":0,"sweet":0,"bitter":0,"spicy":0,"sault":0,"fresh":0,"cost":100},{"config_id":800251,"icon_id":80025,"group_id":25,"type":1,"quality":1,"name":"牛肉","color":0,"smell":0,"taste":0,"size":0,"model":0,"sour":0,"sweet":0,"bitter":0,"spicy":0,"sault":0,"fresh":0,"cost":40},{"config_id":800252,"icon_id":80025,"group_id":25,"type":1,"quality":2,"name":"牛肉","color":0,"smell":0,"taste":0,"size":0,"model":0,"sour":0,"sweet":0,"bitter":0,"spicy":0,"sault":0,"fresh":0,"cost":80},{"config_id":800253,"icon_id":80025,"group_id":25,"type":1,"quality":3,"name":"牛肉","color":0,"smell":0,"taste":0,"size":0,"model":0,"sour":0,"sweet":0,"bitter":0,"spicy":0,"sault":0,"fresh":0,"cost":120},{"config_id":800254,"icon_id":80025,"group_id":25,"type":1,"quality":4,"name":"牛肉","color":0,"smell":0,"taste":0,"size":0,"model":0,"sour":0,"sweet":0,"bitter":0,"spicy":0,"sault":0,"fresh":0,"cost":160},{"config_id":800255,"icon_id":80025,"group_id":25,"type":1,"quality":5,"name":"牛肉","color":0,"smell":0,"taste":0,"size":0,"model":0,"sour":0,"sweet":0,"bitter":0,"spicy":0,"sault":0,"fresh":0,"cost":200},{"config_id":800261,"icon_id":80026,"group_id":26,"type":1,"quality":1,"name":"リンゴ","color":0,"smell":0,"taste":0,"size":0,"model":0,"sour":0,"sweet":0,"bitter":0,"spicy":0,"sault":0,"fresh":0,"cost":25},{"config_id":800262,"icon_id":80026,"group_id":26,"type":1,"quality":2,"name":"リンゴ","color":0,"smell":0,"taste":0,"size":0,"model":0,"sour":0,"sweet":0,"bitter":0,"spicy":0,"sault":0,"fresh":0,"cost":50},{"config_id":800263,"icon_id":80026,"group_id":26,"type":1,"quality":3,"name":"リンゴ","color":0,"smell":0,"taste":0,"size":0,"model":0,"sour":0,"sweet":0,"bitter":0,"spicy":0,"sault":0,"fresh":0,"cost":75},{"config_id":800264,"icon_id":80026,"group_id":26,"type":1,"quality":4,"name":"リンゴ","color":0,"smell":0,"taste":0,"size":0,"model":0,"sour":0,"sweet":0,"bitter":0,"spicy":0,"sault":0,"fresh":0,"cost":100},{"config_id":800265,"icon_id":80026,"group_id":26,"type":1,"quality":5,"name":"リンゴ","color":0,"smell":0,"taste":0,"size":0,"model":0,"sour":0,"sweet":0,"bitter":0,"spicy":0,"sault":0,"fresh":0,"cost":125},{"config_id":800271,"icon_id":80027,"group_id":27,"type":1,"quality":1,"name":"エビ","color":0,"smell":0,"taste":0,"size":0,"model":0,"sour":0,"sweet":0,"bitter":0,"spicy":0,"sault":0,"fresh":0,"cost":25},{"config_id":800272,"icon_id":80027,"group_id":27,"type":1,"quality":2,"name":"エビ","color":0,"smell":0,"taste":0,"size":0,"model":0,"sour":0,"sweet":0,"bitter":0,"spicy":0,"sault":0,"fresh":0,"cost":50},{"config_id":800273,"icon_id":80027,"group_id":27,"type":1,"quality":3,"name":"エビ","color":0,"smell":0,"taste":0,"size":0,"model":0,"sour":0,"sweet":0,"bitter":0,"spicy":0,"sault":0,"fresh":0,"cost":75},{"config_id":800274,"icon_id":80027,"group_id":27,"type":1,"quality":4,"name":"エビ","color":0,"smell":0,"taste":0,"size":0,"model":0,"sour":0,"sweet":0,"bitter":0,"spicy":0,"sault":0,"fresh":0,"cost":100},{"config_id":800275,"icon_id":80027,"group_id":27,"type":1,"quality":5,"name":"エビ","color":0,"smell":0,"taste":0,"size":0,"model":0,"sour":0,"sweet":0,"bitter":0,"spicy":0,"sault":0,"fresh":0,"cost":125},{"config_id":800281,"icon_id":80028,"group_id":28,"type":1,"quality":1,"name":"鶏肉","color":0,"smell":0,"taste":0,"size":0,"model":0,"sour":0,"sweet":0,"bitter":0,"spicy":0,"sault":0,"fresh":0,"cost":18},{"config_id":800282,"icon_id":80028,"group_id":28,"type":1,"quality":2,"name":"鶏肉","color":0,"smell":0,"taste":0,"size":0,"model":0,"sour":0,"sweet":0,"bitter":0,"spicy":0,"sault":0,"fresh":0,"cost":36},{"config_id":800283,"icon_id":80028,"group_id":28,"type":1,"quality":3,"name":"鶏肉","color":0,"smell":0,"taste":0,"size":0,"model":0,"sour":0,"sweet":0,"bitter":0,"spicy":0,"sault":0,"fresh":0,"cost":54},{"config_id":800284,"icon_id":80028,"group_id":28,"type":1,"quality":4,"name":"鶏肉","color":0,"smell":0,"taste":0,"size":0,"model":0,"sour":0,"sweet":0,"bitter":0,"spicy":0,"sault":0,"fresh":0,"cost":72},{"config_id":800285,"icon_id":80028,"group_id":28,"type":1,"quality":5,"name":"鶏肉","color":0,"smell":0,"taste":0,"size":0,"model":0,"sour":0,"sweet":0,"bitter":0,"spicy":0,"sault":0,"fresh":0,"cost":90},{"config_id":800291,"icon_id":80029,"group_id":29,"type":1,"quality":1,"name":"小麦粉","color":0,"smell":0,"taste":0,"size":0,"model":0,"sour":0,"sweet":0,"bitter":0,"spicy":0,"sault":0,"fresh":0,"cost":6},{"config_id":800292,"icon_id":80029,"group_id":29,"type":1,"quality":2,"name":"小麦粉","color":0,"smell":0,"taste":0,"size":0,"model":0,"sour":0,"sweet":0,"bitter":0,"spicy":0,"sault":0,"fresh":0,"cost":12},{"config_id":800293,"icon_id":80029,"group_id":29,"type":1,"quality":3,"name":"小麦粉","color":0,"smell":0,"taste":0,"size":0,"model":0,"sour":0,"sweet":0,"bitter":0,"spicy":0,"sault":0,"fresh":0,"cost":18},{"config_id":800294,"icon_id":80029,"group_id":29,"type":1,"quality":4,"name":"小麦粉","color":0,"smell":0,"taste":0,"size":0,"model":0,"sour":0,"sweet":0,"bitter":0,"spicy":0,"sault":0,"fresh":0,"cost":24},{"config_id":800295,"icon_id":80029,"group_id":29,"type":1,"quality":5,"name":"小麦粉","color":0,"smell":0,"taste":0,"size":0,"model":0,"sour":0,"sweet":0,"bitter":0,"spicy":0,"sault":0,"fresh":0,"cost":30},{"config_id":800301,"icon_id":80030,"group_id":30,"type":1,"quality":1,"name":"白玉粉","color":0,"smell":0,"taste":0,"size":0,"model":0,"sour":0,"sweet":0,"bitter":0,"spicy":0,"sault":0,"fresh":0,"cost":13},{"config_id":800302,"icon_id":80030,"group_id":30,"type":1,"quality":2,"name":"白玉粉","color":0,"smell":0,"taste":0,"size":0,"model":0,"sour":0,"sweet":0,"bitter":0,"spicy":0,"sault":0,"fresh":0,"cost":26},{"config_id":800303,"icon_id":80030,"group_id":30,"type":1,"quality":3,"name":"白玉粉","color":0,"smell":0,"taste":0,"size":0,"model":0,"sour":0,"sweet":0,"bitter":0,"spicy":0,"sault":0,"fresh":0,"cost":39},{"config_id":800304,"icon_id":80030,"group_id":30,"type":1,"quality":4,"name":"白玉粉","color":0,"smell":0,"taste":0,"size":0,"model":0,"sour":0,"sweet":0,"bitter":0,"spicy":0,"sault":0,"fresh":0,"cost":52},{"config_id":800305,"icon_id":80030,"group_id":30,"type":1,"quality":5,"name":"白玉粉","color":0,"smell":0,"taste":0,"size":0,"model":0,"sour":0,"sweet":0,"bitter":0,"spicy":0,"sault":0,"fresh":0,"cost":65},{"config_id":800311,"icon_id":80031,"group_id":31,"type":1,"quality":1,"name":"レモン","color":0,"smell":0,"taste":0,"size":0,"model":0,"sour":0,"sweet":0,"bitter":0,"spicy":0,"sault":0,"fresh":0,"cost":33},{"config_id":800312,"icon_id":80031,"group_id":31,"type":1,"quality":2,"name":"レモン","color":0,"smell":0,"taste":0,"size":0,"model":0,"sour":0,"sweet":0,"bitter":0,"spicy":0,"sault":0,"fresh":0,"cost":66},{"config_id":800313,"icon_id":80031,"group_id":31,"type":1,"quality":3,"name":"レモン","color":0,"smell":0,"taste":0,"size":0,"model":0,"sour":0,"sweet":0,"bitter":0,"spicy":0,"sault":0,"fresh":0,"cost":99},{"config_id":800314,"icon_id":80031,"group_id":31,"type":1,"quality":4,"name":"レモン","color":0,"smell":0,"taste":0,"size":0,"model":0,"sour":0,"sweet":0,"bitter":0,"spicy":0,"sault":0,"fresh":0,"cost":132},{"config_id":800315,"icon_id":80031,"group_id":31,"type":1,"quality":5,"name":"レモン","color":0,"smell":0,"taste":0,"size":0,"model":0,"sour":0,"sweet":0,"bitter":0,"spicy":0,"sault":0,"fresh":0,"cost":165},{"config_id":800321,"icon_id":80032,"group_id":32,"type":1,"quality":1,"name":"アーモンド","color":0,"smell":0,"taste":0,"size":0,"model":0,"sour":0,"sweet":0,"bitter":0,"spicy":0,"sault":0,"fresh":0,"cost":28},{"config_id":800322,"icon_id":80032,"group_id":32,"type":1,"quality":2,"name":"アーモンド","color":0,"smell":0,"taste":0,"size":0,"model":0,"sour":0,"sweet":0,"bitter":0,"spicy":0,"sault":0,"fresh":0,"cost":56},{"config_id":800323,"icon_id":80032,"group_id":32,"type":1,"quality":3,"name":"アーモンド","color":0,"smell":0,"taste":0,"size":0,"model":0,"sour":0,"sweet":0,"bitter":0,"spicy":0,"sault":0,"fresh":0,"cost":84},{"config_id":800324,"icon_id":80032,"group_id":32,"type":1,"quality":4,"name":"アーモンド","color":0,"smell":0,"taste":0,"size":0,"model":0,"sour":0,"sweet":0,"bitter":0,"spicy":0,"sault":0,"fresh":0,"cost":112},{"config_id":800325,"icon_id":80032,"group_id":32,"type":1,"quality":5,"name":"アーモンド","color":0,"smell":0,"taste":0,"size":0,"model":0,"sour":0,"sweet":0,"bitter":0,"spicy":0,"sault":0,"fresh":0,"cost":140},{"config_id":800331,"icon_id":80033,"group_id":33,"type":1,"quality":1,"name":"タピオカ","color":0,"smell":0,"taste":0,"size":0,"model":0,"sour":0,"sweet":0,"bitter":0,"spicy":0,"sault":0,"fresh":0,"cost":20},{"config_id":800332,"icon_id":80033,"group_id":33,"type":1,"quality":2,"name":"タピオカ","color":0,"smell":0,"taste":0,"size":0,"model":0,"sour":0,"sweet":0,"bitter":0,"spicy":0,"sault":0,"fresh":0,"cost":40},{"config_id":800333,"icon_id":80033,"group_id":33,"type":1,"quality":3,"name":"タピオカ","color":0,"smell":0,"taste":0,"size":0,"model":0,"sour":0,"sweet":0,"bitter":0,"spicy":0,"sault":0,"fresh":0,"cost":60},{"config_id":800334,"icon_id":80033,"group_id":33,"type":1,"quality":4,"name":"タピオカ","color":0,"smell":0,"taste":0,"size":0,"model":0,"sour":0,"sweet":0,"bitter":0,"spicy":0,"sault":0,"fresh":0,"cost":80},{"config_id":800335,"icon_id":80033,"group_id":33,"type":1,"quality":5,"name":"タピオカ","color":0,"smell":0,"taste":0,"size":0,"model":0,"sour":0,"sweet":0,"bitter":0,"spicy":0,"sault":0,"fresh":0,"cost":100},{"config_id":800341,"icon_id":80034,"group_id":34,"type":1,"quality":1,"name":"かぼちゃ","color":0,"smell":0,"taste":0,"size":0,"model":0,"sour":0,"sweet":0,"bitter":0,"spicy":0,"sault":0,"fresh":0,"cost":120},{"config_id":800342,"icon_id":80034,"group_id":34,"type":1,"quality":2,"name":"かぼちゃ","color":0,"smell":0,"taste":0,"size":0,"model":0,"sour":0,"sweet":0,"bitter":0,"spicy":0,"sault":0,"fresh":0,"cost":240},{"config_id":800343,"icon_id":80034,"group_id":34,"type":1,"quality":3,"name":"かぼちゃ","color":0,"smell":0,"taste":0,"size":0,"model":0,"sour":0,"sweet":0,"bitter":0,"spicy":0,"sault":0,"fresh":0,"cost":360},{"config_id":800344,"icon_id":80034,"group_id":34,"type":1,"quality":4,"name":"かぼちゃ","color":0,"smell":0,"taste":0,"size":0,"model":0,"sour":0,"sweet":0,"bitter":0,"spicy":0,"sault":0,"fresh":0,"cost":480},{"config_id":800345,"icon_id":80034,"group_id":34,"type":1,"quality":5,"name":"かぼちゃ","color":0,"smell":0,"taste":0,"size":0,"model":0,"sour":0,"sweet":0,"bitter":0,"spicy":0,"sault":0,"fresh":0,"cost":600},{"config_id":800351,"icon_id":80035,"group_id":35,"type":1,"quality":1,"name":"中華麺","color":0,"smell":0,"taste":0,"size":0,"model":0,"sour":0,"sweet":0,"bitter":0,"spicy":0,"sault":0,"fresh":0,"cost":90},{"config_id":800352,"icon_id":80035,"group_id":35,"type":1,"quality":2,"name":"中華麺","color":0,"smell":0,"taste":0,"size":0,"model":0,"sour":0,"sweet":0,"bitter":0,"spicy":0,"sault":0,"fresh":0,"cost":180},{"config_id":800353,"icon_id":80035,"group_id":35,"type":1,"quality":3,"name":"中華麺","color":0,"smell":0,"taste":0,"size":0,"model":0,"sour":0,"sweet":0,"bitter":0,"spicy":0,"sault":0,"fresh":0,"cost":240},{"config_id":800354,"icon_id":80035,"group_id":35,"type":1,"quality":4,"name":"中華麺","color":0,"smell":0,"taste":0,"size":0,"model":0,"sour":0,"sweet":0,"bitter":0,"spicy":0,"sault":0,"fresh":0,"cost":360},{"config_id":800355,"icon_id":80035,"group_id":35,"type":1,"quality":5,"name":"中華麺","color":0,"smell":0,"taste":0,"size":0,"model":0,"sour":0,"sweet":0,"bitter":0,"spicy":0,"sault":0,"fresh":0,"cost":450},{"config_id":800361,"icon_id":80036,"group_id":36,"type":1,"quality":1,"name":"イチゴ","color":0,"smell":0,"taste":0,"size":0,"model":0,"sour":0,"sweet":0,"bitter":0,"spicy":0,"sault":0,"fresh":0,"cost":25},{"config_id":800362,"icon_id":80036,"group_id":36,"type":1,"quality":2,"name":"イチゴ","color":0,"smell":0,"taste":0,"size":0,"model":0,"sour":0,"sweet":0,"bitter":0,"spicy":0,"sault":0,"fresh":0,"cost":50},{"config_id":800363,"icon_id":80036,"group_id":36,"type":1,"quality":3,"name":"イチゴ","color":0,"smell":0,"taste":0,"size":0,"model":0,"sour":0,"sweet":0,"bitter":0,"spicy":0,"sault":0,"fresh":0,"cost":75},{"config_id":800364,"icon_id":80036,"group_id":36,"type":1,"quality":4,"name":"イチゴ","color":0,"smell":0,"taste":0,"size":0,"model":0,"sour":0,"sweet":0,"bitter":0,"spicy":0,"sault":0,"fresh":0,"cost":100},{"config_id":800365,"icon_id":80036,"group_id":36,"type":1,"quality":5,"name":"イチゴ","color":0,"smell":0,"taste":0,"size":0,"model":0,"sour":0,"sweet":0,"bitter":0,"spicy":0,"sault":0,"fresh":0,"cost":125},{"config_id":800371,"icon_id":80037,"group_id":37,"type":1,"quality":1,"name":"マンゴー","color":0,"smell":0,"taste":0,"size":0,"model":0,"sour":0,"sweet":0,"bitter":0,"spicy":0,"sault":0,"fresh":0,"cost":32},{"config_id":800372,"icon_id":80037,"group_id":37,"type":1,"quality":2,"name":"マンゴー","color":0,"smell":0,"taste":0,"size":0,"model":0,"sour":0,"sweet":0,"bitter":0,"spicy":0,"sault":0,"fresh":0,"cost":64},{"config_id":800373,"icon_id":80037,"group_id":37,"type":1,"quality":3,"name":"マンゴー","color":0,"smell":0,"taste":0,"size":0,"model":0,"sour":0,"sweet":0,"bitter":0,"spicy":0,"sault":0,"fresh":0,"cost":96},{"config_id":800374,"icon_id":80037,"group_id":37,"type":1,"quality":4,"name":"マンゴー","color":0,"smell":0,"taste":0,"size":0,"model":0,"sour":0,"sweet":0,"bitter":0,"spicy":0,"sault":0,"fresh":0,"cost":128},{"config_id":800375,"icon_id":80037,"group_id":37,"type":1,"quality":5,"name":"マンゴー","color":0,"smell":0,"taste":0,"size":0,"model":0,"sour":0,"sweet":0,"bitter":0,"spicy":0,"sault":0,"fresh":0,"cost":160},{"config_id":800381,"icon_id":80038,"group_id":38,"type":1,"quality":1,"name":"バナナ","color":0,"smell":0,"taste":0,"size":0,"model":0,"sour":0,"sweet":0,"bitter":0,"spicy":0,"sault":0,"fresh":0,"cost":15},{"config_id":800382,"icon_id":80038,"group_id":38,"type":1,"quality":2,"name":"バナナ","color":0,"smell":0,"taste":0,"size":0,"model":0,"sour":0,"sweet":0,"bitter":0,"spicy":0,"sault":0,"fresh":0,"cost":30},{"config_id":800383,"icon_id":80038,"group_id":38,"type":1,"quality":3,"name":"バナナ","color":0,"smell":0,"taste":0,"size":0,"model":0,"sour":0,"sweet":0,"bitter":0,"spicy":0,"sault":0,"fresh":0,"cost":45},{"config_id":800384,"icon_id":80038,"group_id":38,"type":1,"quality":4,"name":"バナナ","color":0,"smell":0,"taste":0,"size":0,"model":0,"sour":0,"sweet":0,"bitter":0,"spicy":0,"sault":0,"fresh":0,"cost":60},{"config_id":800385,"icon_id":80038,"group_id":38,"type":1,"quality":5,"name":"バナナ","color":0,"smell":0,"taste":0,"size":0,"model":0,"sour":0,"sweet":0,"bitter":0,"spicy":0,"sault":0,"fresh":0,"cost":75},{"config_id":800391,"icon_id":80039,"group_id":39,"type":1,"quality":1,"name":"みず飴","color":0,"smell":0,"taste":0,"size":0,"model":0,"sour":0,"sweet":0,"bitter":0,"spicy":0,"sault":0,"fresh":0,"cost":27},{"config_id":800392,"icon_id":80039,"group_id":39,"type":1,"quality":2,"name":"みず飴","color":0,"smell":0,"taste":0,"size":0,"model":0,"sour":0,"sweet":0,"bitter":0,"spicy":0,"sault":0,"fresh":0,"cost":54},{"config_id":800393,"icon_id":80039,"group_id":39,"type":1,"quality":3,"name":"みず飴","color":0,"smell":0,"taste":0,"size":0,"model":0,"sour":0,"sweet":0,"bitter":0,"spicy":0,"sault":0,"fresh":0,"cost":81},{"config_id":800394,"icon_id":80039,"group_id":39,"type":1,"quality":4,"name":"みず飴","color":0,"smell":0,"taste":0,"size":0,"model":0,"sour":0,"sweet":0,"bitter":0,"spicy":0,"sault":0,"fresh":0,"cost":108},{"config_id":800395,"icon_id":80039,"group_id":39,"type":1,"quality":5,"name":"みず飴","color":0,"smell":0,"taste":0,"size":0,"model":0,"sour":0,"sweet":0,"bitter":0,"spicy":0,"sault":0,"fresh":0,"cost":135},{"config_id":800401,"icon_id":80040,"group_id":40,"type":1,"quality":1,"name":"抹茶","color":0,"smell":0,"taste":0,"size":0,"model":0,"sour":0,"sweet":0,"bitter":0,"spicy":0,"sault":0,"fresh":0,"cost":45},{"config_id":800402,"icon_id":80040,"group_id":40,"type":1,"quality":2,"name":"抹茶","color":0,"smell":0,"taste":0,"size":0,"model":0,"sour":0,"sweet":0,"bitter":0,"spicy":0,"sault":0,"fresh":0,"cost":90},{"config_id":800403,"icon_id":80040,"group_id":40,"type":1,"quality":3,"name":"抹茶","color":0,"smell":0,"taste":0,"size":0,"model":0,"sour":0,"sweet":0,"bitter":0,"spicy":0,"sault":0,"fresh":0,"cost":135},{"config_id":800404,"icon_id":80040,"group_id":40,"type":1,"quality":4,"name":"抹茶","color":0,"smell":0,"taste":0,"size":0,"model":0,"sour":0,"sweet":0,"bitter":0,"spicy":0,"sault":0,"fresh":0,"cost":180},{"config_id":800405,"icon_id":80040,"group_id":40,"type":1,"quality":5,"name":"抹茶","color":0,"smell":0,"taste":0,"size":0,"model":0,"sour":0,"sweet":0,"bitter":0,"spicy":0,"sault":0,"fresh":0,"cost":225},{"config_id":800411,"icon_id":80041,"group_id":41,"type":1,"quality":1,"name":"さくらんぼ","color":0,"smell":0,"taste":0,"size":0,"model":0,"sour":0,"sweet":0,"bitter":0,"spicy":0,"sault":0,"fresh":0,"cost":25},{"config_id":800412,"icon_id":80041,"group_id":41,"type":1,"quality":2,"name":"さくらんぼ","color":0,"smell":0,"taste":0,"size":0,"model":0,"sour":0,"sweet":0,"bitter":0,"spicy":0,"sault":0,"fresh":0,"cost":50},{"config_id":800413,"icon_id":80041,"group_id":41,"type":1,"quality":3,"name":"さくらんぼ","color":0,"smell":0,"taste":0,"size":0,"model":0,"sour":0,"sweet":0,"bitter":0,"spicy":0,"sault":0,"fresh":0,"cost":75},{"config_id":800414,"icon_id":80041,"group_id":41,"type":1,"quality":4,"name":"さくらんぼ","color":0,"smell":0,"taste":0,"size":0,"model":0,"sour":0,"sweet":0,"bitter":0,"spicy":0,"sault":0,"fresh":0,"cost":100},{"config_id":800415,"icon_id":80041,"group_id":41,"type":1,"quality":5,"name":"さくらんぼ","color":0,"smell":0,"taste":0,"size":0,"model":0,"sour":0,"sweet":0,"bitter":0,"spicy":0,"sault":0,"fresh":0,"cost":125},{"config_id":800421,"icon_id":80042,"group_id":42,"type":1,"quality":1,"name":"白あん","color":0,"smell":0,"taste":0,"size":0,"model":0,"sour":0,"sweet":0,"bitter":0,"spicy":0,"sault":0,"fresh":0,"cost":60},{"config_id":800422,"icon_id":80042,"group_id":42,"type":1,"quality":2,"name":"白あん","color":0,"smell":0,"taste":0,"size":0,"model":0,"sour":0,"sweet":0,"bitter":0,"spicy":0,"sault":0,"fresh":0,"cost":120},{"config_id":800423,"icon_id":80042,"group_id":42,"type":1,"quality":3,"name":"白あん","color":0,"smell":0,"taste":0,"size":0,"model":0,"sour":0,"sweet":0,"bitter":0,"spicy":0,"sault":0,"fresh":0,"cost":180},{"config_id":800424,"icon_id":80042,"group_id":42,"type":1,"quality":4,"name":"白あん","color":0,"smell":0,"taste":0,"size":0,"model":0,"sour":0,"sweet":0,"bitter":0,"spicy":0,"sault":0,"fresh":0,"cost":240},{"config_id":800425,"icon_id":80042,"group_id":42,"type":1,"quality":5,"name":"白あん","color":0,"smell":0,"taste":0,"size":0,"model":0,"sour":0,"sweet":0,"bitter":0,"spicy":0,"sault":0,"fresh":0,"cost":300},{"config_id":800431,"icon_id":80043,"group_id":43,"type":1,"quality":1,"name":"キャベツ","color":0,"smell":0,"taste":0,"size":0,"model":0,"sour":0,"sweet":0,"bitter":0,"spicy":0,"sault":0,"fresh":0,"cost":18},{"config_id":800432,"icon_id":80043,"group_id":43,"type":1,"quality":2,"name":"キャベツ","color":0,"smell":0,"taste":0,"size":0,"model":0,"sour":0,"sweet":0,"bitter":0,"spicy":0,"sault":0,"fresh":0,"cost":36},{"config_id":800433,"icon_id":80043,"group_id":43,"type":1,"quality":3,"name":"キャベツ","color":0,"smell":0,"taste":0,"size":0,"model":0,"sour":0,"sweet":0,"bitter":0,"spicy":0,"sault":0,"fresh":0,"cost":54},{"config_id":800434,"icon_id":80043,"group_id":43,"type":1,"quality":4,"name":"キャベツ","color":0,"smell":0,"taste":0,"size":0,"model":0,"sour":0,"sweet":0,"bitter":0,"spicy":0,"sault":0,"fresh":0,"cost":72},{"config_id":800435,"icon_id":80043,"group_id":43,"type":1,"quality":5,"name":"キャベツ","color":0,"smell":0,"taste":0,"size":0,"model":0,"sour":0,"sweet":0,"bitter":0,"spicy":0,"sault":0,"fresh":0,"cost":90},{"config_id":800441,"icon_id":80044,"group_id":44,"type":1,"quality":1,"name":"牛乳","color":0,"smell":0,"taste":0,"size":0,"model":0,"sour":0,"sweet":0,"bitter":0,"spicy":0,"sault":0,"fresh":0,"cost":11},{"config_id":800442,"icon_id":80044,"group_id":44,"type":1,"quality":2,"name":"牛乳","color":0,"smell":0,"taste":0,"size":0,"model":0,"sour":0,"sweet":0,"bitter":0,"spicy":0,"sault":0,"fresh":0,"cost":22},{"config_id":800443,"icon_id":80044,"group_id":44,"type":1,"quality":3,"name":"牛乳","color":0,"smell":0,"taste":0,"size":0,"model":0,"sour":0,"sweet":0,"bitter":0,"spicy":0,"sault":0,"fresh":0,"cost":33},{"config_id":800444,"icon_id":80044,"group_id":44,"type":1,"quality":4,"name":"牛乳","color":0,"smell":0,"taste":0,"size":0,"model":0,"sour":0,"sweet":0,"bitter":0,"spicy":0,"sault":0,"fresh":0,"cost":44},{"config_id":800445,"icon_id":80044,"group_id":44,"type":1,"quality":5,"name":"牛乳","color":0,"smell":0,"taste":0,"size":0,"model":0,"sour":0,"sweet":0,"bitter":0,"spicy":0,"sault":0,"fresh":0,"cost":55},{"config_id":800451,"icon_id":80045,"group_id":45,"type":1,"quality":1,"name":"紅茶","color":0,"smell":0,"taste":0,"size":0,"model":0,"sour":0,"sweet":0,"bitter":0,"spicy":0,"sault":0,"fresh":0,"cost":7},{"config_id":800452,"icon_id":80045,"group_id":45,"type":1,"quality":2,"name":"紅茶","color":0,"smell":0,"taste":0,"size":0,"model":0,"sour":0,"sweet":0,"bitter":0,"spicy":0,"sault":0,"fresh":0,"cost":14},{"config_id":800453,"icon_id":80045,"group_id":45,"type":1,"quality":3,"name":"紅茶","color":0,"smell":0,"taste":0,"size":0,"model":0,"sour":0,"sweet":0,"bitter":0,"spicy":0,"sault":0,"fresh":0,"cost":21},{"config_id":800454,"icon_id":80045,"group_id":45,"type":1,"quality":4,"name":"紅茶","color":0,"smell":0,"taste":0,"size":0,"model":0,"sour":0,"sweet":0,"bitter":0,"spicy":0,"sault":0,"fresh":0,"cost":28},{"config_id":800455,"icon_id":80045,"group_id":45,"type":1,"quality":5,"name":"紅茶","color":0,"smell":0,"taste":0,"size":0,"model":0,"sour":0,"sweet":0,"bitter":0,"spicy":0,"sault":0,"fresh":0,"cost":35},{"config_id":800461,"icon_id":80046,"group_id":46,"type":1,"quality":1,"name":"珈琲","color":0,"smell":0,"taste":0,"size":0,"model":0,"sour":0,"sweet":0,"bitter":0,"spicy":0,"sault":0,"fresh":0,"cost":7},{"config_id":800462,"icon_id":80046,"group_id":46,"type":1,"quality":2,"name":"珈琲","color":0,"smell":0,"taste":0,"size":0,"model":0,"sour":0,"sweet":0,"bitter":0,"spicy":0,"sault":0,"fresh":0,"cost":14},{"config_id":800463,"icon_id":80046,"group_id":46,"type":1,"quality":3,"name":"珈琲","color":0,"smell":0,"taste":0,"size":0,"model":0,"sour":0,"sweet":0,"bitter":0,"spicy":0,"sault":0,"fresh":0,"cost":21},{"config_id":800464,"icon_id":80046,"group_id":46,"type":1,"quality":4,"name":"珈琲","color":0,"smell":0,"taste":0,"size":0,"model":0,"sour":0,"sweet":0,"bitter":0,"spicy":0,"sault":0,"fresh":0,"cost":28},{"config_id":800465,"icon_id":80046,"group_id":46,"type":1,"quality":5,"name":"珈琲","color":0,"smell":0,"taste":0,"size":0,"model":0,"sour":0,"sweet":0,"bitter":0,"spicy":0,"sault":0,"fresh":0,"cost":35},{"config_id":800471,"icon_id":80047,"group_id":47,"type":1,"quality":1,"name":"パスタ","color":0,"smell":0,"taste":0,"size":0,"model":0,"sour":0,"sweet":0,"bitter":0,"spicy":0,"sault":0,"fresh":0,"cost":90},{"config_id":800472,"icon_id":80047,"group_id":47,"type":1,"quality":2,"name":"パスタ","color":0,"smell":0,"taste":0,"size":0,"model":0,"sour":0,"sweet":0,"bitter":0,"spicy":0,"sault":0,"fresh":0,"cost":180},{"config_id":800473,"icon_id":80047,"group_id":47,"type":1,"quality":3,"name":"パスタ","color":0,"smell":0,"taste":0,"size":0,"model":0,"sour":0,"sweet":0,"bitter":0,"spicy":0,"sault":0,"fresh":0,"cost":240},{"config_id":800474,"icon_id":80047,"group_id":47,"type":1,"quality":4,"name":"パスタ","color":0,"smell":0,"taste":0,"size":0,"model":0,"sour":0,"sweet":0,"bitter":0,"spicy":0,"sault":0,"fresh":0,"cost":360},{"config_id":800475,"icon_id":80047,"group_id":47,"type":1,"quality":5,"name":"パスタ","color":0,"smell":0,"taste":0,"size":0,"model":0,"sour":0,"sweet":0,"bitter":0,"spicy":0,"sault":0,"fresh":0,"cost":450},{"config_id":800481,"icon_id":80048,"group_id":48,"type":1,"quality":1,"name":"チョコ","color":0,"smell":0,"taste":0,"size":0,"model":0,"sour":0,"sweet":0,"bitter":0,"spicy":0,"sault":0,"fresh":0,"cost":21},{"config_id":800482,"icon_id":80048,"group_id":48,"type":1,"quality":2,"name":"チョコ","color":0,"smell":0,"taste":0,"size":0,"model":0,"sour":0,"sweet":0,"bitter":0,"spicy":0,"sault":0,"fresh":0,"cost":42},{"config_id":800483,"icon_id":80048,"group_id":48,"type":1,"quality":3,"name":"チョコ","color":0,"smell":0,"taste":0,"size":0,"model":0,"sour":0,"sweet":0,"bitter":0,"spicy":0,"sault":0,"fresh":0,"cost":63},{"config_id":800484,"icon_id":80048,"group_id":48,"type":1,"quality":4,"name":"チョコ","color":0,"smell":0,"taste":0,"size":0,"model":0,"sour":0,"sweet":0,"bitter":0,"spicy":0,"sault":0,"fresh":0,"cost":84},{"config_id":800485,"icon_id":80048,"group_id":48,"type":1,"quality":5,"name":"チョコ","color":0,"smell":0,"taste":0,"size":0,"model":0,"sour":0,"sweet":0,"bitter":0,"spicy":0,"sault":0,"fresh":0,"cost":105},{"config_id":800491,"icon_id":80049,"group_id":49,"type":1,"quality":1,"name":"ビスケット","color":0,"smell":0,"taste":0,"size":0,"model":0,"sour":0,"sweet":0,"bitter":0,"spicy":0,"sault":0,"fresh":0,"cost":12},{"config_id":800492,"icon_id":80049,"group_id":49,"type":1,"quality":2,"name":"ビスケット","color":0,"smell":0,"taste":0,"size":0,"model":0,"sour":0,"sweet":0,"bitter":0,"spicy":0,"sault":0,"fresh":0,"cost":24},{"config_id":800493,"icon_id":80049,"group_id":49,"type":1,"quality":3,"name":"ビスケット","color":0,"smell":0,"taste":0,"size":0,"model":0,"sour":0,"sweet":0,"bitter":0,"spicy":0,"sault":0,"fresh":0,"cost":36},{"config_id":800494,"icon_id":80049,"group_id":49,"type":1,"quality":4,"name":"ビスケット","color":0,"smell":0,"taste":0,"size":0,"model":0,"sour":0,"sweet":0,"bitter":0,"spicy":0,"sault":0,"fresh":0,"cost":48},{"config_id":800495,"icon_id":80049,"group_id":49,"type":1,"quality":5,"name":"ビスケット","color":0,"smell":0,"taste":0,"size":0,"model":0,"sour":0,"sweet":0,"bitter":0,"spicy":0,"sault":0,"fresh":0,"cost":60},{"config_id":800501,"icon_id":80050,"group_id":50,"type":1,"quality":1,"name":"ピーマン","color":0,"smell":0,"taste":0,"size":0,"model":0,"sour":0,"sweet":0,"bitter":0,"spicy":0,"sault":0,"fresh":0,"cost":8},{"config_id":800502,"icon_id":80050,"group_id":50,"type":1,"quality":2,"name":"ピーマン","color":0,"smell":0,"taste":0,"size":0,"model":0,"sour":0,"sweet":0,"bitter":0,"spicy":0,"sault":0,"fresh":0,"cost":16},{"config_id":800503,"icon_id":80050,"group_id":50,"type":1,"quality":3,"name":"ピーマン","color":0,"smell":0,"taste":0,"size":0,"model":0,"sour":0,"sweet":0,"bitter":0,"spicy":0,"sault":0,"fresh":0,"cost":24},{"config_id":800504,"icon_id":80050,"group_id":50,"type":1,"quality":4,"name":"ピーマン","color":0,"smell":0,"taste":0,"size":0,"model":0,"sour":0,"sweet":0,"bitter":0,"spicy":0,"sault":0,"fresh":0,"cost":32},{"config_id":800505,"icon_id":80050,"group_id":50,"type":1,"quality":5,"name":"ピーマン","color":0,"smell":0,"taste":0,"size":0,"model":0,"sour":0,"sweet":0,"bitter":0,"spicy":0,"sault":0,"fresh":0,"cost":40},{"config_id":800511,"icon_id":80051,"group_id":51,"type":1,"quality":1,"name":"パイン","color":0,"smell":0,"taste":0,"size":0,"model":0,"sour":0,"sweet":0,"bitter":0,"spicy":0,"sault":0,"fresh":0,"cost":14},{"config_id":800512,"icon_id":80051,"group_id":51,"type":1,"quality":2,"name":"パイン","color":0,"smell":0,"taste":0,"size":0,"model":0,"sour":0,"sweet":0,"bitter":0,"spicy":0,"sault":0,"fresh":0,"cost":28},{"config_id":800513,"icon_id":80051,"group_id":51,"type":1,"quality":3,"name":"パイン","color":0,"smell":0,"taste":0,"size":0,"model":0,"sour":0,"sweet":0,"bitter":0,"spicy":0,"sault":0,"fresh":0,"cost":42},{"config_id":800514,"icon_id":80051,"group_id":51,"type":1,"quality":4,"name":"パイン","color":0,"smell":0,"taste":0,"size":0,"model":0,"sour":0,"sweet":0,"bitter":0,"spicy":0,"sault":0,"fresh":0,"cost":56},{"config_id":800515,"icon_id":80051,"group_id":51,"type":1,"quality":5,"name":"パイン","color":0,"smell":0,"taste":0,"size":0,"model":0,"sour":0,"sweet":0,"bitter":0,"spicy":0,"sault":0,"fresh":0,"cost":70},{"config_id":800521,"icon_id":80052,"group_id":52,"type":1,"quality":1,"name":"ホタテ","color":0,"smell":0,"taste":0,"size":0,"model":0,"sour":0,"sweet":0,"bitter":0,"spicy":0,"sault":0,"fresh":0,"cost":120},{"config_id":800522,"icon_id":80052,"group_id":52,"type":1,"quality":2,"name":"ホタテ","color":0,"smell":0,"taste":0,"size":0,"model":0,"sour":0,"sweet":0,"bitter":0,"spicy":0,"sault":0,"fresh":0,"cost":240},{"config_id":800523,"icon_id":80052,"group_id":52,"type":1,"quality":3,"name":"ホタテ","color":0,"smell":0,"taste":0,"size":0,"model":0,"sour":0,"sweet":0,"bitter":0,"spicy":0,"sault":0,"fresh":0,"cost":360},{"config_id":800524,"icon_id":80052,"group_id":52,"type":1,"quality":4,"name":"ホタテ","color":0,"smell":0,"taste":0,"size":0,"model":0,"sour":0,"sweet":0,"bitter":0,"spicy":0,"sault":0,"fresh":0,"cost":480},{"config_id":800525,"icon_id":80052,"group_id":52,"type":1,"quality":5,"name":"ホタテ","color":0,"smell":0,"taste":0,"size":0,"model":0,"sour":0,"sweet":0,"bitter":0,"spicy":0,"sault":0,"fresh":0,"cost":600},{"config_id":800531,"icon_id":80053,"group_id":53,"type":1,"quality":1,"name":"ワイン","color":0,"smell":0,"taste":0,"size":0,"model":0,"sour":0,"sweet":0,"bitter":0,"spicy":0,"sault":0,"fresh":0,"cost":120},{"config_id":800532,"icon_id":80053,"group_id":53,"type":1,"quality":2,"name":"ワイン","color":0,"smell":0,"taste":0,"size":0,"model":0,"sour":0,"sweet":0,"bitter":0,"spicy":0,"sault":0,"fresh":0,"cost":240},{"config_id":800533,"icon_id":80053,"group_id":53,"type":1,"quality":3,"name":"ワイン","color":0,"smell":0,"taste":0,"size":0,"model":0,"sour":0,"sweet":0,"bitter":0,"spicy":0,"sault":0,"fresh":0,"cost":360},{"config_id":800534,"icon_id":80053,"group_id":53,"type":1,"quality":4,"name":"ワイン","color":0,"smell":0,"taste":0,"size":0,"model":0,"sour":0,"sweet":0,"bitter":0,"spicy":0,"sault":0,"fresh":0,"cost":480},{"config_id":800535,"icon_id":80053,"group_id":53,"type":1,"quality":5,"name":"ワイン","color":0,"smell":0,"taste":0,"size":0,"model":0,"sour":0,"sweet":0,"bitter":0,"spicy":0,"sault":0,"fresh":0,"cost":600},{"config_id":800541,"icon_id":80054,"group_id":54,"type":1,"quality":1,"name":"サバ","color":0,"smell":0,"taste":0,"size":0,"model":0,"sour":0,"sweet":0,"bitter":0,"spicy":0,"sault":0,"fresh":0,"cost":42},{"config_id":800542,"icon_id":80054,"group_id":54,"type":1,"quality":2,"name":"サバ","color":0,"smell":0,"taste":0,"size":0,"model":0,"sour":0,"sweet":0,"bitter":0,"spicy":0,"sault":0,"fresh":0,"cost":84},{"config_id":800543,"icon_id":80054,"group_id":54,"type":1,"quality":3,"name":"サバ","color":0,"smell":0,"taste":0,"size":0,"model":0,"sour":0,"sweet":0,"bitter":0,"spicy":0,"sault":0,"fresh":0,"cost":126},{"config_id":800544,"icon_id":80054,"group_id":54,"type":1,"quality":4,"name":"サバ","color":0,"smell":0,"taste":0,"size":0,"model":0,"sour":0,"sweet":0,"bitter":0,"spicy":0,"sault":0,"fresh":0,"cost":168},{"config_id":800545,"icon_id":80054,"group_id":54,"type":1,"quality":5,"name":"サバ","color":0,"smell":0,"taste":0,"size":0,"model":0,"sour":0,"sweet":0,"bitter":0,"spicy":0,"sault":0,"fresh":0,"cost":210},{"config_id":800551,"icon_id":80055,"group_id":55,"type":1,"quality":1,"name":"うどん","color":0,"smell":0,"taste":0,"size":0,"model":0,"sour":0,"sweet":0,"bitter":0,"spicy":0,"sault":0,"fresh":0,"cost":90},{"config_id":800552,"icon_id":80055,"group_id":55,"type":1,"quality":2,"name":"うどん","color":0,"smell":0,"taste":0,"size":0,"model":0,"sour":0,"sweet":0,"bitter":0,"spicy":0,"sault":0,"fresh":0,"cost":180},{"config_id":800553,"icon_id":80055,"group_id":55,"type":1,"quality":3,"name":"うどん","color":0,"smell":0,"taste":0,"size":0,"model":0,"sour":0,"sweet":0,"bitter":0,"spicy":0,"sault":0,"fresh":0,"cost":240},{"config_id":800554,"icon_id":80055,"group_id":55,"type":1,"quality":4,"name":"うどん","color":0,"smell":0,"taste":0,"size":0,"model":0,"sour":0,"sweet":0,"bitter":0,"spicy":0,"sault":0,"fresh":0,"cost":360},{"config_id":800555,"icon_id":80055,"group_id":55,"type":1,"quality":5,"name":"うどん","color":0,"smell":0,"taste":0,"size":0,"model":0,"sour":0,"sweet":0,"bitter":0,"spicy":0,"sault":0,"fresh":0,"cost":450},{"config_id":800561,"icon_id":80056,"group_id":56,"type":1,"quality":1,"name":"カレー粉","color":0,"smell":0,"taste":0,"size":0,"model":0,"sour":0,"sweet":0,"bitter":0,"spicy":0,"sault":0,"fresh":0,"cost":12},{"config_id":800562,"icon_id":80056,"group_id":56,"type":1,"quality":2,"name":"カレー粉","color":0,"smell":0,"taste":0,"size":0,"model":0,"sour":0,"sweet":0,"bitter":0,"spicy":0,"sault":0,"fresh":0,"cost":24},{"config_id":800563,"icon_id":80056,"group_id":56,"type":1,"quality":3,"name":"カレー粉","color":0,"smell":0,"taste":0,"size":0,"model":0,"sour":0,"sweet":0,"bitter":0,"spicy":0,"sault":0,"fresh":0,"cost":36},{"config_id":800564,"icon_id":80056,"group_id":56,"type":1,"quality":4,"name":"カレー粉","color":0,"smell":0,"taste":0,"size":0,"model":0,"sour":0,"sweet":0,"bitter":0,"spicy":0,"sault":0,"fresh":0,"cost":48},{"config_id":800565,"icon_id":80056,"group_id":56,"type":1,"quality":5,"name":"カレー粉","color":0,"smell":0,"taste":0,"size":0,"model":0,"sour":0,"sweet":0,"bitter":0,"spicy":0,"sault":0,"fresh":0,"cost":60},{"config_id":800571,"icon_id":80057,"group_id":57,"type":1,"quality":1,"name":"タケノコ","color":0,"smell":0,"taste":0,"size":0,"model":0,"sour":0,"sweet":0,"bitter":0,"spicy":0,"sault":0,"fresh":0,"cost":10},{"config_id":800572,"icon_id":80057,"group_id":57,"type":1,"quality":2,"name":"タケノコ","color":0,"smell":0,"taste":0,"size":0,"model":0,"sour":0,"sweet":0,"bitter":0,"spicy":0,"sault":0,"fresh":0,"cost":20},{"config_id":800573,"icon_id":80057,"group_id":57,"type":1,"quality":3,"name":"タケノコ","color":0,"smell":0,"taste":0,"size":0,"model":0,"sour":0,"sweet":0,"bitter":0,"spicy":0,"sault":0,"fresh":0,"cost":30},{"config_id":800574,"icon_id":80057,"group_id":57,"type":1,"quality":4,"name":"タケノコ","color":0,"smell":0,"taste":0,"size":0,"model":0,"sour":0,"sweet":0,"bitter":0,"spicy":0,"sault":0,"fresh":0,"cost":40},{"config_id":800575,"icon_id":80057,"group_id":57,"type":1,"quality":5,"name":"タケノコ","color":0,"smell":0,"taste":0,"size":0,"model":0,"sour":0,"sweet":0,"bitter":0,"spicy":0,"sault":0,"fresh":0,"cost":50},{"config_id":800581,"icon_id":80058,"group_id":58,"type":1,"quality":1,"name":"オリーブ","color":0,"smell":0,"taste":0,"size":0,"model":0,"sour":0,"sweet":0,"bitter":0,"spicy":0,"sault":0,"fresh":0,"cost":20},{"config_id":800582,"icon_id":80058,"group_id":58,"type":1,"quality":2,"name":"オリーブ","color":0,"smell":0,"taste":0,"size":0,"model":0,"sour":0,"sweet":0,"bitter":0,"spicy":0,"sault":0,"fresh":0,"cost":40},{"config_id":800583,"icon_id":80058,"group_id":58,"type":1,"quality":3,"name":"オリーブ","color":0,"smell":0,"taste":0,"size":0,"model":0,"sour":0,"sweet":0,"bitter":0,"spicy":0,"sault":0,"fresh":0,"cost":60},{"config_id":800584,"icon_id":80058,"group_id":58,"type":1,"quality":4,"name":"オリーブ","color":0,"smell":0,"taste":0,"size":0,"model":0,"sour":0,"sweet":0,"bitter":0,"spicy":0,"sault":0,"fresh":0,"cost":80},{"config_id":800585,"icon_id":80058,"group_id":58,"type":1,"quality":5,"name":"オリーブ","color":0,"smell":0,"taste":0,"size":0,"model":0,"sour":0,"sweet":0,"bitter":0,"spicy":0,"sault":0,"fresh":0,"cost":100},{"config_id":800591,"icon_id":80059,"group_id":59,"type":1,"quality":1,"name":"イクラ","color":0,"smell":0,"taste":0,"size":0,"model":0,"sour":0,"sweet":0,"bitter":0,"spicy":0,"sault":0,"fresh":0,"cost":66},{"config_id":800592,"icon_id":80059,"group_id":59,"type":1,"quality":2,"name":"イクラ","color":0,"smell":0,"taste":0,"size":0,"model":0,"sour":0,"sweet":0,"bitter":0,"spicy":0,"sault":0,"fresh":0,"cost":132},{"config_id":800593,"icon_id":80059,"group_id":59,"type":1,"quality":3,"name":"イクラ","color":0,"smell":0,"taste":0,"size":0,"model":0,"sour":0,"sweet":0,"bitter":0,"spicy":0,"sault":0,"fresh":0,"cost":198},{"config_id":800594,"icon_id":80059,"group_id":59,"type":1,"quality":4,"name":"イクラ","color":0,"smell":0,"taste":0,"size":0,"model":0,"sour":0,"sweet":0,"bitter":0,"spicy":0,"sault":0,"fresh":0,"cost":264},{"config_id":800595,"icon_id":80059,"group_id":59,"type":1,"quality":5,"name":"イクラ","color":0,"smell":0,"taste":0,"size":0,"model":0,"sour":0,"sweet":0,"bitter":0,"spicy":0,"sault":0,"fresh":0,"cost":330},{"config_id":800601,"icon_id":80060,"group_id":60,"type":1,"quality":1,"name":"玉ねぎ","color":0,"smell":0,"taste":0,"size":0,"model":0,"sour":0,"sweet":0,"bitter":0,"spicy":0,"sault":0,"fresh":0,"cost":15},{"config_id":800602,"icon_id":80060,"group_id":60,"type":1,"quality":2,"name":"玉ねぎ","color":0,"smell":0,"taste":0,"size":0,"model":0,"sour":0,"sweet":0,"bitter":0,"spicy":0,"sault":0,"fresh":0,"cost":30},{"config_id":800603,"icon_id":80060,"group_id":60,"type":1,"quality":3,"name":"玉ねぎ","color":0,"smell":0,"taste":0,"size":0,"model":0,"sour":0,"sweet":0,"bitter":0,"spicy":0,"sault":0,"fresh":0,"cost":45},{"config_id":800604,"icon_id":80060,"group_id":60,"type":1,"quality":4,"name":"玉ねぎ","color":0,"smell":0,"taste":0,"size":0,"model":0,"sour":0,"sweet":0,"bitter":0,"spicy":0,"sault":0,"fresh":0,"cost":60},{"config_id":800605,"icon_id":80060,"group_id":60,"type":1,"quality":5,"name":"玉ねぎ","color":0,"smell":0,"taste":0,"size":0,"model":0,"sour":0,"sweet":0,"bitter":0,"spicy":0,"sault":0,"fresh":0,"cost":75},{"config_id":800611,"icon_id":80061,"group_id":61,"type":1,"quality":1,"name":"パン粉","color":0,"smell":0,"taste":0,"size":0,"model":0,"sour":0,"sweet":0,"bitter":0,"spicy":0,"sault":0,"fresh":0,"cost":18},{"config_id":800612,"icon_id":80061,"group_id":61,"type":1,"quality":2,"name":"パン粉","color":0,"smell":0,"taste":0,"size":0,"model":0,"sour":0,"sweet":0,"bitter":0,"spicy":0,"sault":0,"fresh":0,"cost":36},{"config_id":800613,"icon_id":80061,"group_id":61,"type":1,"quality":3,"name":"パン粉","color":0,"smell":0,"taste":0,"size":0,"model":0,"sour":0,"sweet":0,"bitter":0,"spicy":0,"sault":0,"fresh":0,"cost":54},{"config_id":800614,"icon_id":80061,"group_id":61,"type":1,"quality":4,"name":"パン粉","color":0,"smell":0,"taste":0,"size":0,"model":0,"sour":0,"sweet":0,"bitter":0,"spicy":0,"sault":0,"fresh":0,"cost":72},{"config_id":800615,"icon_id":80061,"group_id":61,"type":1,"quality":5,"name":"パン粉","color":0,"smell":0,"taste":0,"size":0,"model":0,"sour":0,"sweet":0,"bitter":0,"spicy":0,"sault":0,"fresh":0,"cost":90},{"config_id":800621,"icon_id":80062,"group_id":62,"type":1,"quality":1,"name":"チーズ","color":0,"smell":0,"taste":0,"size":0,"model":0,"sour":0,"sweet":0,"bitter":0,"spicy":0,"sault":0,"fresh":0,"cost":30},{"config_id":800622,"icon_id":80062,"group_id":62,"type":1,"quality":2,"name":"チーズ","color":0,"smell":0,"taste":0,"size":0,"model":0,"sour":0,"sweet":0,"bitter":0,"spicy":0,"sault":0,"fresh":0,"cost":60},{"config_id":800623,"icon_id":80062,"group_id":62,"type":1,"quality":3,"name":"チーズ","color":0,"smell":0,"taste":0,"size":0,"model":0,"sour":0,"sweet":0,"bitter":0,"spicy":0,"sault":0,"fresh":0,"cost":90},{"config_id":800624,"icon_id":80062,"group_id":62,"type":1,"quality":4,"name":"チーズ","color":0,"smell":0,"taste":0,"size":0,"model":0,"sour":0,"sweet":0,"bitter":0,"spicy":0,"sault":0,"fresh":0,"cost":120},{"config_id":800625,"icon_id":80062,"group_id":62,"type":1,"quality":5,"name":"チーズ","color":0,"smell":0,"taste":0,"size":0,"model":0,"sour":0,"sweet":0,"bitter":0,"spicy":0,"sault":0,"fresh":0,"cost":150},{"config_id":850011,"icon_id":85001,"group_id":5001,"type":2,"quality":1,"name":"砂糖","color":0,"smell":2,"taste":6,"size":0,"model":0,"sour":0,"sweet":2,"bitter":0,"spicy":0,"sault":0,"fresh":0,"cost":2},{"config_id":850012,"icon_id":85001,"group_id":5001,"type":2,"quality":2,"name":"砂糖","color":0,"smell":4,"taste":12,"size":0,"model":0,"sour":0,"sweet":2,"bitter":0,"spicy":0,"sault":0,"fresh":0,"cost":4},{"config_id":850013,"icon_id":85001,"group_id":5001,"type":2,"quality":3,"name":"砂糖","color":0,"smell":6,"taste":18,"size":0,"model":0,"sour":0,"sweet":2,"bitter":0,"spicy":0,"sault":0,"fresh":0,"cost":5},{"config_id":850014,"icon_id":85001,"group_id":5001,"type":2,"quality":4,"name":"砂糖","color":0,"smell":8,"taste":24,"size":0,"model":0,"sour":0,"sweet":2,"bitter":0,"spicy":0,"sault":0,"fresh":0,"cost":7},{"config_id":850015,"icon_id":85001,"group_id":5001,"type":2,"quality":5,"name":"砂糖","color":0,"smell":10,"taste":30,"size":0,"model":0,"sour":0,"sweet":2,"bitter":0,"spicy":0,"sault":0,"fresh":0,"cost":8},{"config_id":850021,"icon_id":85002,"group_id":5002,"type":2,"quality":1,"name":"塩","color":0,"smell":2,"taste":6,"size":0,"model":0,"sour":0,"sweet":0,"bitter":0,"spicy":0,"sault":2,"fresh":0,"cost":2},{"config_id":850022,"icon_id":85002,"group_id":5002,"type":2,"quality":2,"name":"塩","color":0,"smell":4,"taste":12,"size":0,"model":0,"sour":0,"sweet":0,"bitter":0,"spicy":0,"sault":2,"fresh":0,"cost":4},{"config_id":850023,"icon_id":85002,"group_id":5002,"type":2,"quality":3,"name":"塩","color":0,"smell":6,"taste":18,"size":0,"model":0,"sour":0,"sweet":0,"bitter":0,"spicy":0,"sault":2,"fresh":0,"cost":5},{"config_id":850024,"icon_id":85002,"group_id":5002,"type":2,"quality":4,"name":"塩","color":0,"smell":8,"taste":24,"size":0,"model":0,"sour":0,"sweet":0,"bitter":0,"spicy":0,"sault":2,"fresh":0,"cost":7},{"config_id":850025,"icon_id":85002,"group_id":5002,"type":2,"quality":5,"name":"塩","color":0,"smell":10,"taste":30,"size":0,"model":0,"sour":0,"sweet":0,"bitter":0,"spicy":0,"sault":2,"fresh":0,"cost":8},{"config_id":850031,"icon_id":85003,"group_id":5003,"type":2,"quality":1,"name":"酢","color":0,"smell":2,"taste":6,"size":0,"model":0,"sour":2,"sweet":0,"bitter":0,"spicy":0,"sault":0,"fresh":0,"cost":2},{"config_id":850032,"icon_id":85003,"group_id":5003,"type":2,"quality":2,"name":"酢","color":0,"smell":4,"taste":12,"size":0,"model":0,"sour":2,"sweet":0,"bitter":0,"spicy":0,"sault":0,"fresh":0,"cost":4},{"config_id":850033,"icon_id":85003,"group_id":5003,"type":2,"quality":3,"name":"酢","color":0,"smell":6,"taste":18,"size":0,"model":0,"sour":2,"sweet":0,"bitter":0,"spicy":0,"sault":0,"fresh":0,"cost":5},{"config_id":850034,"icon_id":85003,"group_id":5003,"type":2,"quality":4,"name":"酢","color":0,"smell":8,"taste":24,"size":0,"model":0,"sour":2,"sweet":0,"bitter":0,"spicy":0,"sault":0,"fresh":0,"cost":7},{"config_id":850035,"icon_id":85003,"group_id":5003,"type":2,"quality":5,"name":"酢","color":0,"smell":10,"taste":30,"size":0,"model":0,"sour":2,"sweet":0,"bitter":0,"spicy":0,"sault":0,"fresh":0,"cost":8},{"config_id":850041,"icon_id":85004,"group_id":5004,"type":2,"quality":1,"name":"味噌","color":0,"smell":1,"taste":4,"size":0,"model":0,"sour":0,"sweet":0,"bitter":0,"spicy":0,"sault":1,"fresh":0,"cost":1},{"config_id":850042,"icon_id":85004,"group_id":5004,"type":2,"quality":2,"name":"味噌","color":0,"smell":2,"taste":8,"size":0,"model":0,"sour":0,"sweet":0,"bitter":0,"spicy":0,"sault":1,"fresh":0,"cost":2},{"config_id":850043,"icon_id":85004,"group_id":5004,"type":2,"quality":3,"name":"味噌","color":0,"smell":3,"taste":12,"size":0,"model":0,"sour":0,"sweet":0,"bitter":0,"spicy":0,"sault":1,"fresh":0,"cost":3},{"config_id":850044,"icon_id":85004,"group_id":5004,"type":2,"quality":4,"name":"味噌","color":0,"smell":4,"taste":16,"size":0,"model":0,"sour":0,"sweet":0,"bitter":0,"spicy":0,"sault":1,"fresh":0,"cost":4},{"config_id":850045,"icon_id":85004,"group_id":5004,"type":2,"quality":5,"name":"味噌","color":0,"smell":5,"taste":20,"size":0,"model":0,"sour":0,"sweet":0,"bitter":0,"spicy":0,"sault":1,"fresh":0,"cost":5},{"config_id":850051,"icon_id":85005,"group_id":5005,"type":2,"quality":1,"name":"生姜","color":0,"smell":8,"taste":3,"size":0,"model":2,"sour":0,"sweet":0,"bitter":0,"spicy":0,"sault":0,"fresh":1,"cost":3},{"config_id":850052,"icon_id":85005,"group_id":5005,"type":2,"quality":2,"name":"生姜","color":0,"smell":16,"taste":6,"size":0,"model":4,"sour":0,"sweet":0,"bitter":0,"spicy":0,"sault":0,"fresh":1,"cost":6},{"config_id":850053,"icon_id":85005,"group_id":5005,"type":2,"quality":3,"name":"生姜","color":0,"smell":24,"taste":9,"size":0,"model":6,"sour":0,"sweet":0,"bitter":0,"spicy":0,"sault":0,"fresh":1,"cost":8},{"config_id":850054,"icon_id":85005,"group_id":5005,"type":2,"quality":4,"name":"生姜","color":0,"smell":32,"taste":12,"size":0,"model":8,"sour":0,"sweet":0,"bitter":0,"spicy":0,"sault":0,"fresh":1,"cost":11},{"config_id":850055,"icon_id":85005,"group_id":5005,"type":2,"quality":5,"name":"生姜","color":0,"smell":40,"taste":15,"size":0,"model":10,"sour":0,"sweet":0,"bitter":0,"spicy":0,"sault":0,"fresh":1,"cost":13},{"config_id":850061,"icon_id":85006,"group_id":5006,"type":2,"quality":1,"name":"ニンニク","color":0,"smell":8,"taste":2,"size":0,"model":0,"sour":0,"sweet":0,"bitter":0,"spicy":0,"sault":0,"fresh":1,"cost":2},{"config_id":850062,"icon_id":85006,"group_id":5006,"type":2,"quality":2,"name":"ニンニク","color":0,"smell":16,"taste":4,"size":0,"model":0,"sour":0,"sweet":0,"bitter":0,"spicy":0,"sault":0,"fresh":1,"cost":4},{"config_id":850063,"icon_id":85006,"group_id":5006,"type":2,"quality":3,"name":"ニンニク","color":0,"smell":24,"taste":7,"size":0,"model":0,"sour":0,"sweet":0,"bitter":0,"spicy":0,"sault":0,"fresh":1,"cost":7},{"config_id":850064,"icon_id":85006,"group_id":5006,"type":2,"quality":4,"name":"ニンニク","color":0,"smell":32,"taste":9,"size":0,"model":0,"sour":0,"sweet":0,"bitter":0,"spicy":0,"sault":0,"fresh":1,"cost":9},{"config_id":850065,"icon_id":85006,"group_id":5006,"type":2,"quality":5,"name":"ニンニク","color":0,"smell":40,"taste":12,"size":0,"model":0,"sour":0,"sweet":0,"bitter":0,"spicy":0,"sault":0,"fresh":1,"cost":11},{"config_id":850071,"icon_id":85007,"group_id":5007,"type":2,"quality":1,"name":"コンソメ","color":0,"smell":2,"taste":12,"size":0,"model":0,"sour":0,"sweet":0,"bitter":0,"spicy":0,"sault":0,"fresh":2,"cost":3},{"config_id":850072,"icon_id":85007,"group_id":5007,"type":2,"quality":2,"name":"コンソメ","color":0,"smell":4,"taste":24,"size":0,"model":0,"sour":0,"sweet":0,"bitter":0,"spicy":0,"sault":0,"fresh":2,"cost":6},{"config_id":850073,"icon_id":85007,"group_id":5007,"type":2,"quality":3,"name":"コンソメ","color":0,"smell":6,"taste":36,"size":0,"model":0,"sour":0,"sweet":0,"bitter":0,"spicy":0,"sault":0,"fresh":2,"cost":9},{"config_id":850074,"icon_id":85007,"group_id":5007,"type":2,"quality":4,"name":"コンソメ","color":0,"smell":8,"taste":48,"size":0,"model":0,"sour":0,"sweet":0,"bitter":0,"spicy":0,"sault":0,"fresh":2,"cost":12},{"config_id":850075,"icon_id":85007,"group_id":5007,"type":2,"quality":5,"name":"コンソメ","color":0,"smell":10,"taste":60,"size":0,"model":0,"sour":0,"sweet":0,"bitter":0,"spicy":0,"sault":0,"fresh":2,"cost":14},{"config_id":850081,"icon_id":85008,"group_id":5008,"type":2,"quality":1,"name":"みりん","color":2,"smell":6,"taste":0,"size":0,"model":0,"sour":1,"sweet":0,"bitter":0,"spicy":0,"sault":0,"fresh":0,"cost":2},{"config_id":850082,"icon_id":85008,"group_id":5008,"type":2,"quality":2,"name":"みりん","color":5,"smell":12,"taste":0,"size":0,"model":0,"sour":1,"sweet":0,"bitter":0,"spicy":0,"sault":0,"fresh":0,"cost":4},{"config_id":850083,"icon_id":85008,"group_id":5008,"type":2,"quality":3,"name":"みりん","color":8,"smell":18,"taste":0,"size":0,"model":0,"sour":1,"sweet":0,"bitter":0,"spicy":0,"sault":0,"fresh":0,"cost":6},{"config_id":850084,"icon_id":85008,"group_id":5008,"type":2,"quality":4,"name":"みりん","color":11,"smell":24,"taste":0,"size":0,"model":0,"sour":1,"sweet":0,"bitter":0,"spicy":0,"sault":0,"fresh":0,"cost":7},{"config_id":850085,"icon_id":85008,"group_id":5008,"type":2,"quality":5,"name":"みりん","color":14,"smell":30,"taste":0,"size":0,"model":0,"sour":1,"sweet":0,"bitter":0,"spicy":0,"sault":0,"fresh":0,"cost":9},{"config_id":850091,"icon_id":85009,"group_id":5009,"type":2,"quality":1,"name":"パセリ","color":4,"smell":0,"taste":0,"size":2,"model":2,"sour":0,"sweet":0,"bitter":0,"spicy":0,"sault":0,"fresh":1,"cost":2},{"config_id":850092,"icon_id":85009,"group_id":5009,"type":2,"quality":2,"name":"パセリ","color":8,"smell":0,"taste":0,"size":4,"model":5,"sour":0,"sweet":0,"bitter":0,"spicy":0,"sault":0,"fresh":1,"cost":4},{"config_id":850093,"icon_id":85009,"group_id":5009,"type":2,"quality":3,"name":"パセリ","color":12,"smell":0,"taste":0,"size":6,"model":8,"sour":0,"sweet":0,"bitter":0,"spicy":0,"sault":0,"fresh":1,"cost":6},{"config_id":850094,"icon_id":85009,"group_id":5009,"type":2,"quality":4,"name":"パセリ","color":16,"smell":0,"taste":0,"size":8,"model":11,"sour":0,"sweet":0,"bitter":0,"spicy":0,"sault":0,"fresh":1,"cost":7},{"config_id":850095,"icon_id":85009,"group_id":5009,"type":2,"quality":5,"name":"パセリ","color":20,"smell":0,"taste":0,"size":10,"model":14,"sour":0,"sweet":0,"bitter":0,"spicy":0,"sault":0,"fresh":1,"cost":9},{"config_id":850101,"icon_id":85010,"group_id":5010,"type":2,"quality":1,"name":"料理酒","color":0,"smell":6,"taste":6,"size":0,"model":0,"sour":0,"sweet":0,"bitter":0,"spicy":0,"sault":0,"fresh":1,"cost":3},{"config_id":850102,"icon_id":85010,"group_id":5010,"type":2,"quality":2,"name":"料理酒","color":0,"smell":12,"taste":12,"size":0,"model":0,"sour":0,"sweet":0,"bitter":0,"spicy":0,"sault":0,"fresh":1,"cost":5},{"config_id":850103,"icon_id":85010,"group_id":5010,"type":2,"quality":3,"name":"料理酒","color":0,"smell":18,"taste":18,"size":0,"model":0,"sour":0,"sweet":0,"bitter":0,"spicy":0,"sault":0,"fresh":1,"cost":8},{"config_id":850104,"icon_id":85010,"group_id":5010,"type":2,"quality":4,"name":"料理酒","color":0,"smell":24,"taste":24,"size":0,"model":0,"sour":0,"sweet":0,"bitter":0,"spicy":0,"sault":0,"fresh":1,"cost":10},{"config_id":850105,"icon_id":85010,"group_id":5010,"type":2,"quality":5,"name":"料理酒","color":0,"smell":30,"taste":30,"size":0,"model":0,"sour":0,"sweet":0,"bitter":0,"spicy":0,"sault":0,"fresh":1,"cost":12},{"config_id":850111,"icon_id":85011,"group_id":5011,"type":2,"quality":1,"name":"醤油","color":4,"smell":4,"taste":4,"size":0,"model":0,"sour":0,"sweet":0,"bitter":0,"spicy":0,"sault":2,"fresh":0,"cost":3},{"config_id":850112,"icon_id":85011,"group_id":5011,"type":2,"quality":2,"name":"醤油","color":8,"smell":8,"taste":8,"size":0,"model":0,"sour":0,"sweet":0,"bitter":0,"spicy":0,"sault":2,"fresh":0,"cost":5},{"config_id":850113,"icon_id":85011,"group_id":5011,"type":2,"quality":3,"name":"醤油","color":12,"smell":12,"taste":12,"size":0,"model":0,"sour":0,"sweet":0,"bitter":0,"spicy":0,"sault":2,"fresh":0,"cost":8},{"config_id":850114,"icon_id":85011,"group_id":5011,"type":2,"quality":4,"name":"醤油","color":16,"smell":16,"taste":16,"size":0,"model":0,"sour":0,"sweet":0,"bitter":0,"spicy":0,"sault":2,"fresh":0,"cost":10},{"config_id":850115,"icon_id":85011,"group_id":5011,"type":2,"quality":5,"name":"醤油","color":20,"smell":20,"taste":20,"size":0,"model":0,"sour":0,"sweet":0,"bitter":0,"spicy":0,"sault":2,"fresh":0,"cost":12},{"config_id":850121,"icon_id":85012,"group_id":5012,"type":2,"quality":1,"name":"ラー油","color":2,"smell":8,"taste":4,"size":0,"model":0,"sour":0,"sweet":0,"bitter":0,"spicy":2,"sault":0,"fresh":0,"cost":3},{"config_id":850122,"icon_id":85012,"group_id":5012,"type":2,"quality":2,"name":"ラー油","color":4,"smell":15,"taste":8,"size":0,"model":0,"sour":0,"sweet":0,"bitter":0,"spicy":2,"sault":0,"fresh":0,"cost":6},{"config_id":850123,"icon_id":85012,"group_id":5012,"type":2,"quality":3,"name":"ラー油","color":6,"smell":22,"taste":12,"size":0,"model":0,"sour":0,"sweet":0,"bitter":0,"spicy":2,"sault":0,"fresh":0,"cost":8},{"config_id":850124,"icon_id":85012,"group_id":5012,"type":2,"quality":4,"name":"ラー油","color":8,"smell":29,"taste":16,"size":0,"model":0,"sour":0,"sweet":0,"bitter":0,"spicy":2,"sault":0,"fresh":0,"cost":11},{"config_id":850125,"icon_id":85012,"group_id":5012,"type":2,"quality":5,"name":"ラー油","color":10,"smell":36,"taste":20,"size":0,"model":0,"sour":0,"sweet":0,"bitter":0,"spicy":2,"sault":0,"fresh":0,"cost":14},{"config_id":850131,"icon_id":85013,"group_id":5013,"type":2,"quality":1,"name":"ソース","color":2,"smell":4,"taste":2,"size":0,"model":0,"sour":0,"sweet":1,"bitter":0,"spicy":1,"sault":0,"fresh":0,"cost":2},{"config_id":850132,"icon_id":85013,"group_id":5013,"type":2,"quality":2,"name":"ソース","color":3,"smell":7,"taste":4,"size":0,"model":0,"sour":0,"sweet":1,"bitter":0,"spicy":1,"sault":0,"fresh":0,"cost":3},{"config_id":850133,"icon_id":85013,"group_id":5013,"type":2,"quality":3,"name":"ソース","color":4,"smell":10,"taste":6,"size":0,"model":0,"sour":0,"sweet":1,"bitter":0,"spicy":1,"sault":0,"fresh":0,"cost":4},{"config_id":850134,"icon_id":85013,"group_id":5013,"type":2,"quality":4,"name":"ソース","color":5,"smell":13,"taste":8,"size":0,"model":0,"sour":0,"sweet":1,"bitter":0,"spicy":1,"sault":0,"fresh":0,"cost":6},{"config_id":850135,"icon_id":85013,"group_id":5013,"type":2,"quality":5,"name":"ソース","color":6,"smell":16,"taste":10,"size":0,"model":0,"sour":0,"sweet":1,"bitter":0,"spicy":1,"sault":0,"fresh":0,"cost":7},{"config_id":850141,"icon_id":85014,"group_id":5014,"type":2,"quality":1,"name":"ケチャップ","color":4,"smell":0,"taste":4,"size":0,"model":0,"sour":1,"sweet":1,"bitter":0,"spicy":0,"sault":1,"fresh":0,"cost":2},{"config_id":850142,"icon_id":85014,"group_id":5014,"type":2,"quality":2,"name":"ケチャップ","color":7,"smell":0,"taste":7,"size":0,"model":0,"sour":1,"sweet":1,"bitter":0,"spicy":0,"sault":1,"fresh":0,"cost":3},{"config_id":850143,"icon_id":85014,"group_id":5014,"type":2,"quality":3,"name":"ケチャップ","color":10,"smell":0,"taste":10,"size":0,"model":0,"sour":1,"sweet":1,"bitter":0,"spicy":0,"sault":1,"fresh":0,"cost":4},{"config_id":850144,"icon_id":85014,"group_id":5014,"type":2,"quality":4,"name":"ケチャップ","color":13,"smell":0,"taste":13,"size":0,"model":0,"sour":1,"sweet":1,"bitter":0,"spicy":0,"sault":1,"fresh":0,"cost":6},{"config_id":850145,"icon_id":85014,"group_id":5014,"type":2,"quality":5,"name":"ケチャップ","color":16,"smell":0,"taste":16,"size":0,"model":0,"sour":1,"sweet":1,"bitter":0,"spicy":0,"sault":1,"fresh":0,"cost":7},{"config_id":850151,"icon_id":85015,"group_id":5015,"type":2,"quality":1,"name":"黒砂糖","color":2,"smell":0,"taste":6,"size":0,"model":0,"sour":0,"sweet":2,"bitter":0,"spicy":0,"sault":0,"fresh":0,"cost":2},{"config_id":850152,"icon_id":85015,"group_id":5015,"type":2,"quality":2,"name":"黒砂糖","color":4,"smell":0,"taste":10,"size":0,"model":0,"sour":0,"sweet":2,"bitter":0,"spicy":0,"sault":0,"fresh":0,"cost":3},{"config_id":850153,"icon_id":85015,"group_id":5015,"type":2,"quality":3,"name":"黒砂糖","color":6,"smell":0,"taste":14,"size":0,"model":0,"sour":0,"sweet":2,"bitter":0,"spicy":0,"sault":0,"fresh":0,"cost":4},{"config_id":850154,"icon_id":85015,"group_id":5015,"type":2,"quality":4,"name":"黒砂糖","color":8,"smell":0,"taste":18,"size":0,"model":0,"sour":0,"sweet":2,"bitter":0,"spicy":0,"sault":0,"fresh":0,"cost":6},{"config_id":850155,"icon_id":85015,"group_id":5015,"type":2,"quality":5,"name":"黒砂糖","color":10,"smell":0,"taste":22,"size":0,"model":0,"sour":0,"sweet":2,"bitter":0,"spicy":0,"sault":0,"fresh":0,"cost":7},{"config_id":850161,"icon_id":85016,"group_id":5016,"type":2,"quality":1,"name":"こしょう","color":2,"smell":2,"taste":2,"size":0,"model":0,"sour":0,"sweet":0,"bitter":0,"spicy":0,"sault":1,"fresh":1,"cost":2},{"config_id":850162,"icon_id":85016,"group_id":5016,"type":2,"quality":2,"name":"こしょう","color":4,"smell":4,"taste":4,"size":0,"model":0,"sour":0,"sweet":0,"bitter":0,"spicy":0,"sault":1,"fresh":1,"cost":3},{"config_id":850163,"icon_id":85016,"group_id":5016,"type":2,"quality":3,"name":"こしょう","color":6,"smell":6,"taste":6,"size":0,"model":0,"sour":0,"sweet":0,"bitter":0,"spicy":0,"sault":1,"fresh":1,"cost":4},{"config_id":850164,"icon_id":85016,"group_id":5016,"type":2,"quality":4,"name":"こしょう","color":8,"smell":8,"taste":8,"size":0,"model":0,"sour":0,"sweet":0,"bitter":0,"spicy":0,"sault":1,"fresh":1,"cost":5},{"config_id":850165,"icon_id":85016,"group_id":5016,"type":2,"quality":5,"name":"こしょう","color":10,"smell":10,"taste":10,"size":0,"model":0,"sour":0,"sweet":0,"bitter":0,"spicy":0,"sault":1,"fresh":1,"cost":6},{"config_id":850171,"icon_id":85017,"group_id":5017,"type":2,"quality":1,"name":"クリーム","color":6,"smell":0,"taste":2,"size":0,"model":4,"sour":0,"sweet":2,"bitter":0,"spicy":0,"sault":0,"fresh":1,"cost":3},{"config_id":850172,"icon_id":85017,"group_id":5017,"type":2,"quality":2,"name":"クリーム","color":12,"smell":0,"taste":4,"size":0,"model":8,"sour":0,"sweet":2,"bitter":0,"spicy":0,"sault":0,"fresh":1,"cost":5},{"config_id":850173,"icon_id":85017,"group_id":5017,"type":2,"quality":3,"name":"クリーム","color":18,"smell":0,"taste":6,"size":0,"model":12,"sour":0,"sweet":2,"bitter":0,"spicy":0,"sault":0,"fresh":1,"cost":8},{"config_id":850174,"icon_id":85017,"group_id":5017,"type":2,"quality":4,"name":"クリーム","color":24,"smell":0,"taste":8,"size":0,"model":16,"sour":0,"sweet":2,"bitter":0,"spicy":0,"sault":0,"fresh":1,"cost":10},{"config_id":850175,"icon_id":85017,"group_id":5017,"type":2,"quality":5,"name":"クリーム","color":30,"smell":0,"taste":10,"size":0,"model":20,"sour":0,"sweet":2,"bitter":0,"spicy":0,"sault":0,"fresh":1,"cost":12},{"config_id":850181,"icon_id":85018,"group_id":5018,"type":2,"quality":1,"name":"バター","color":0,"smell":6,"taste":4,"size":0,"model":0,"sour":0,"sweet":0,"bitter":0,"spicy":0,"sault":1,"fresh":0,"cost":2},{"config_id":850182,"icon_id":85018,"group_id":5018,"type":2,"quality":2,"name":"バター","color":0,"smell":12,"taste":8,"size":0,"model":0,"sour":0,"sweet":0,"bitter":0,"spicy":0,"sault":1,"fresh":0,"cost":4},{"config_id":850183,"icon_id":85018,"group_id":5018,"type":2,"quality":3,"name":"バター","color":0,"smell":18,"taste":12,"size":0,"model":0,"sour":0,"sweet":0,"bitter":0,"spicy":0,"sault":1,"fresh":0,"cost":6},{"config_id":850184,"icon_id":85018,"group_id":5018,"type":2,"quality":4,"name":"バター","color":0,"smell":24,"taste":16,"size":0,"model":0,"sour":0,"sweet":0,"bitter":0,"spicy":0,"sault":1,"fresh":0,"cost":8},{"config_id":850185,"icon_id":85018,"group_id":5018,"type":2,"quality":5,"name":"バター","color":0,"smell":30,"taste":20,"size":0,"model":0,"sour":0,"sweet":0,"bitter":0,"spicy":0,"sault":1,"fresh":0,"cost":10},{"config_id":850191,"icon_id":85019,"group_id":5019,"type":2,"quality":1,"name":"練乳","color":0,"smell":4,"taste":4,"size":0,"model":0,"sour":0,"sweet":2,"bitter":0,"spicy":0,"sault":0,"fresh":0,"cost":2},{"config_id":850192,"icon_id":85019,"group_id":5019,"type":2,"quality":2,"name":"練乳","color":0,"smell":8,"taste":8,"size":0,"model":0,"sour":0,"sweet":2,"bitter":0,"spicy":0,"sault":0,"fresh":0,"cost":4},{"config_id":850193,"icon_id":85019,"group_id":5019,"type":2,"quality":3,"name":"練乳","color":0,"smell":12,"taste":12,"size":0,"model":0,"sour":0,"sweet":2,"bitter":0,"spicy":0,"sault":0,"fresh":0,"cost":5},{"config_id":850194,"icon_id":85019,"group_id":5019,"type":2,"quality":4,"name":"練乳","color":0,"smell":16,"taste":16,"size":0,"model":0,"sour":0,"sweet":2,"bitter":0,"spicy":0,"sault":0,"fresh":0,"cost":7},{"config_id":850195,"icon_id":85019,"group_id":5019,"type":2,"quality":5,"name":"練乳","color":1,"smell":20,"taste":20,"size":0,"model":0,"sour":0,"sweet":2,"bitter":0,"spicy":0,"sault":0,"fresh":0,"cost":9},{"config_id":850201,"icon_id":85020,"group_id":5020,"type":2,"quality":1,"name":"はちみつ","color":0,"smell":0,"taste":2,"size":0,"model":2,"sour":0,"sweet":0,"bitter":0,"spicy":0,"sault":0,"fresh":0,"cost":1},{"config_id":850202,"icon_id":85020,"group_id":5020,"type":2,"quality":2,"name":"はちみつ","color":0,"smell":0,"taste":4,"size":0,"model":4,"sour":0,"sweet":0,"bitter":0,"spicy":0,"sault":0,"fresh":0,"cost":2},{"config_id":850203,"icon_id":85020,"group_id":5020,"type":2,"quality":3,"name":"はちみつ","color":0,"smell":0,"taste":6,"size":0,"model":6,"sour":0,"sweet":0,"bitter":0,"spicy":0,"sault":0,"fresh":0,"cost":3},{"config_id":850204,"icon_id":85020,"group_id":5020,"type":2,"quality":4,"name":"はちみつ","color":0,"smell":0,"taste":8,"size":0,"model":8,"sour":0,"sweet":0,"bitter":0,"spicy":0,"sault":0,"fresh":0,"cost":4},{"config_id":850205,"icon_id":85020,"group_id":5020,"type":2,"quality":5,"name":"はちみつ","color":0,"smell":0,"taste":10,"size":0,"model":10,"sour":0,"sweet":0,"bitter":0,"spicy":0,"sault":0,"fresh":0,"cost":4},{"config_id":850211,"icon_id":85021,"group_id":5021,"type":2,"quality":1,"name":"ラム酒","color":0,"smell":8,"taste":4,"size":0,"model":0,"sour":0,"sweet":0,"bitter":0,"spicy":0,"sault":0,"fresh":1,"cost":3},{"config_id":850212,"icon_id":85021,"group_id":5021,"type":2,"quality":2,"name":"ラム酒","color":0,"smell":16,"taste":8,"size":0,"model":0,"sour":0,"sweet":0,"bitter":0,"spicy":0,"sault":0,"fresh":1,"cost":5},{"config_id":850213,"icon_id":85021,"group_id":5021,"type":2,"quality":3,"name":"ラム酒","color":0,"smell":24,"taste":12,"size":0,"model":0,"sour":0,"sweet":0,"bitter":0,"spicy":0,"sault":0,"fresh":1,"cost":8},{"config_id":850214,"icon_id":85021,"group_id":5021,"type":2,"quality":4,"name":"ラム酒","color":0,"smell":32,"taste":16,"size":0,"model":0,"sour":0,"sweet":0,"bitter":0,"spicy":0,"sault":0,"fresh":1,"cost":10},{"config_id":850215,"icon_id":85021,"group_id":5021,"type":2,"quality":5,"name":"ラム酒","color":0,"smell":40,"taste":20,"size":0,"model":0,"sour":0,"sweet":0,"bitter":0,"spicy":0,"sault":0,"fresh":1,"cost":12},{"config_id":850221,"icon_id":85022,"group_id":5022,"type":2,"quality":1,"name":"カツオ節","color":0,"smell":6,"taste":6,"size":2,"model":0,"sour":0,"sweet":0,"bitter":0,"spicy":0,"sault":1,"fresh":0,"cost":3},{"config_id":850222,"icon_id":85022,"group_id":5022,"type":2,"quality":2,"name":"カツオ節","color":0,"smell":9,"taste":12,"size":4,"model":0,"sour":0,"sweet":0,"bitter":0,"spicy":0,"sault":1,"fresh":0,"cost":5},{"config_id":850223,"icon_id":85022,"group_id":5022,"type":2,"quality":3,"name":"カツオ節","color":0,"smell":12,"taste":18,"size":6,"model":0,"sour":0,"sweet":0,"bitter":0,"spicy":0,"sault":1,"fresh":0,"cost":8},{"config_id":850224,"icon_id":85022,"group_id":5022,"type":2,"quality":4,"name":"カツオ節","color":0,"smell":15,"taste":24,"size":8,"model":0,"sour":0,"sweet":0,"bitter":0,"spicy":0,"sault":1,"fresh":0,"cost":10},{"config_id":850225,"icon_id":85022,"group_id":5022,"type":2,"quality":5,"name":"カツオ節","color":0,"smell":18,"taste":30,"size":10,"model":0,"sour":0,"sweet":0,"bitter":0,"spicy":0,"sault":1,"fresh":0,"cost":12}]