[{"menu_id":20001,"menu_name":"わくわく海鮮手巻き","menu_quality":4,"cuisine":1,"cuisine_name":"和食","colza":1,"colza_name":"可可","veg":1,"veg_name":"可可","menu_desc":"獲れたてをさばいた海鮮を酢飯と海苔で巻いた寿司の一種。みんなで作ろう。","menu_info":10,"color":186,"smell":173,"taste":173,"quantity":202,"shape":196,"sour":3,"sweet":0,"bitter":0,"spicy":0,"sault":1,"fresh":5,"prop1":800011,"group_id1":1,"prop1_num":3,"prop2":800221,"group_id2":22,"prop2_num":2,"prop3":800271,"group_id3":27,"prop3_num":1,"prop4":800591,"group_id4":59,"prop4_num":1,"prop5":0,"group_id5":0,"prop5_num":0,"prop6":0,"group_id6":0,"prop6_num":0,"prop7":0,"group_id7":0,"prop7_num":0,"prop8":0,"group_id8":0,"prop8_num":0,"c_price":1,"c_score":-99999,"b_price":70,"b_score":-2271,"a_price":176,"a_score":930,"s_price":426,"s_score":1030,"ss_price":576,"ss_score":1496,"sss_price":706,"sss_score":2102,"add7_price":876,"add7_score":2688,"add8_price":1086,"add8_score":3274,"add9_price":1376,"add9_score":3860,"add10_price":1,"add10_score":99998,"add11_price":1,"add11_score":99999,"cost":1,"chip_cost1":10,"chip_cost2":15,"chip_cost3":20,"chip_cost4":25,"break_num":20,"menu_chip_id":59001,"menu_chip_num":50},{"menu_id":20002,"menu_name":"ふわトロだし巻き卵","menu_quality":1,"cuisine":1,"cuisine_name":"和食","colza":1,"colza_name":"可可","veg":1,"veg_name":"可可","menu_desc":"溶いた卵にだし汁を加えて火にかけ、とろとろの半なまを巻いた卵焼き。","menu_info":7,"color":117,"smell":100,"taste":130,"quantity":85,"shape":113,"sour":0,"sweet":5,"bitter":0,"spicy":0,"sault":0,"fresh":4,"prop1":800201,"group_id1":20,"prop1_num":4,"prop2":800111,"group_id2":11,"prop2_num":1,"prop3":800061,"group_id3":6,"prop3_num":1,"prop4":800191,"group_id4":19,"prop4_num":1,"prop5":0,"group_id5":0,"prop5_num":0,"prop6":0,"group_id6":0,"prop6_num":0,"prop7":0,"group_id7":0,"prop7_num":0,"prop8":0,"group_id8":0,"prop8_num":0,"c_price":1,"c_score":-99999,"b_price":35,"b_score":-2276,"a_price":88,"a_score":545,"s_price":278,"s_score":645,"ss_price":338,"ss_score":749,"sss_price":408,"sss_score":963,"add7_price":488,"add7_score":1172,"add8_price":578,"add8_score":1381,"add9_price":688,"add9_score":1590,"add10_price":1,"add10_score":99998,"add11_price":1,"add11_score":99999,"cost":1,"chip_cost1":10,"chip_cost2":15,"chip_cost3":20,"chip_cost4":25,"break_num":5,"menu_chip_id":59002,"menu_chip_num":5},{"menu_id":20003,"menu_name":"お母さんの肉じゃが","menu_quality":2,"cuisine":1,"cuisine_name":"和食","colza":1,"colza_name":"可可","veg":1,"veg_name":"可可","menu_desc":"おなじみの家庭料理。ホクホクのジャガイモと牛肉を醤油やみりんで煮こみました。","menu_info":8,"color":110,"smell":147,"taste":160,"quantity":143,"shape":119,"sour":0,"sweet":3,"bitter":0,"spicy":0,"sault":3,"fresh":3,"prop1":800041,"group_id1":4,"prop1_num":2,"prop2":800251,"group_id2":25,"prop2_num":2,"prop3":800181,"group_id3":18,"prop3_num":1,"prop4":800171,"group_id4":17,"prop4_num":1,"prop5":0,"group_id5":0,"prop5_num":0,"prop6":0,"group_id6":0,"prop6_num":0,"prop7":0,"group_id7":0,"prop7_num":0,"prop8":0,"group_id8":0,"prop8_num":0,"c_price":1,"c_score":-99999,"b_price":53,"b_score":-2350,"a_price":134,"a_score":679,"s_price":344,"s_score":779,"ss_price":434,"ss_score":1004,"sss_price":524,"sss_score":1350,"add7_price":634,"add7_score":1686,"add8_price":764,"add8_score":2022,"add9_price":934,"add9_score":2358,"add10_price":1,"add10_score":99998,"add11_price":1,"add11_score":99999,"cost":1,"chip_cost1":10,"chip_cost2":15,"chip_cost3":20,"chip_cost4":25,"break_num":10,"menu_chip_id":59003,"menu_chip_num":10},{"menu_id":20004,"menu_name":"ジューシー豚の角煮","menu_quality":2,"cuisine":1,"cuisine_name":"和食","colza":1,"colza_name":"可可","veg":1,"veg_name":"可可","menu_desc":"豚肉の塊をたっぷりのお湯でじっくりと煮込んだ料理。噛むとじわっと味が染みだします。","menu_info":8,"color":113,"smell":127,"taste":150,"quantity":172,"shape":120,"sour":0,"sweet":3,"bitter":0,"spicy":1,"sault":2,"fresh":2,"prop1":800241,"group_id1":24,"prop1_num":5,"prop2":0,"group_id2":0,"prop2_num":0,"prop3":0,"group_id3":0,"prop3_num":0,"prop4":0,"group_id4":0,"prop4_num":0,"prop5":0,"group_id5":0,"prop5_num":0,"prop6":0,"group_id6":0,"prop6_num":0,"prop7":0,"group_id7":0,"prop7_num":0,"prop8":0,"group_id8":0,"prop8_num":0,"c_price":1,"c_score":-99999,"b_price":48,"b_score":-2328,"a_price":120,"a_score":682,"s_price":330,"s_score":782,"ss_price":420,"ss_score":1008,"sss_price":510,"sss_score":1354,"add7_price":620,"add7_score":1691,"add8_price":750,"add8_score":2027,"add9_price":920,"add9_score":2364,"add10_price":1,"add10_score":99998,"add11_price":1,"add11_score":99999,"cost":1,"chip_cost1":10,"chip_cost2":15,"chip_cost3":20,"chip_cost4":25,"break_num":10,"menu_chip_id":59004,"menu_chip_num":10},{"menu_id":20005,"menu_name":"三つ葉のおすまし","menu_quality":1,"cuisine":1,"cuisine_name":"和食","colza":1,"colza_name":"可可","veg":1,"veg_name":"可可","menu_desc":"だし汁に醤油を垂らした澄んだ吸い物。彩りに三つ葉を浮かべました。","menu_info":7,"color":121,"smell":120,"taste":87,"quantity":101,"shape":124,"sour":1,"sweet":0,"bitter":0,"spicy":0,"sault":2,"fresh":3,"prop1":800211,"group_id1":21,"prop1_num":1,"prop2":800201,"group_id2":20,"prop2_num":1,"prop3":800141,"group_id3":14,"prop3_num":2,"prop4":0,"group_id4":0,"prop4_num":0,"prop5":0,"group_id5":0,"prop5_num":0,"prop6":0,"group_id6":0,"prop6_num":0,"prop7":0,"group_id7":0,"prop7_num":0,"prop8":0,"group_id8":0,"prop8_num":0,"c_price":1,"c_score":-99999,"b_price":20,"b_score":-2301,"a_price":50,"a_score":553,"s_price":240,"s_score":653,"ss_price":300,"ss_score":758,"sss_price":370,"sss_score":974,"add7_price":450,"add7_score":1184,"add8_price":540,"add8_score":1395,"add9_price":650,"add9_score":1606,"add10_price":1,"add10_score":99998,"add11_price":1,"add11_score":99999,"cost":1,"chip_cost1":10,"chip_cost2":15,"chip_cost3":20,"chip_cost4":25,"break_num":5,"menu_chip_id":59005,"menu_chip_num":5},{"menu_id":20006,"menu_name":"さくさく天ぷら丼","menu_quality":2,"cuisine":1,"cuisine_name":"和食","colza":1,"colza_name":"可可","veg":1,"veg_name":"可可","menu_desc":"甘辛いつゆがしみ込んだご飯にさくさくの天ぷらを乗せて。","menu_info":8,"color":114,"smell":122,"taste":143,"quantity":158,"shape":134,"sour":0,"sweet":0,"bitter":0,"spicy":0,"sault":2,"fresh":4,"prop1":800011,"group_id1":1,"prop1_num":3,"prop2":800271,"group_id2":27,"prop2_num":2,"prop3":800341,"group_id3":34,"prop3_num":1,"prop4":800071,"group_id4":7,"prop4_num":1,"prop5":0,"group_id5":0,"prop5_num":0,"prop6":0,"group_id6":0,"prop6_num":0,"prop7":0,"group_id7":0,"prop7_num":0,"prop8":0,"group_id8":0,"prop8_num":0,"c_price":1,"c_score":-99999,"b_price":94,"b_score":-2330,"a_price":235,"a_score":671,"s_price":445,"s_score":771,"ss_price":535,"ss_score":995,"sss_price":625,"sss_score":1339,"add7_price":735,"add7_score":1673,"add8_price":865,"add8_score":2007,"add9_price":1035,"add9_score":2342,"add10_price":1,"add10_score":99998,"add11_price":1,"add11_score":99999,"cost":1,"chip_cost1":10,"chip_cost2":15,"chip_cost3":20,"chip_cost4":25,"break_num":10,"menu_chip_id":59006,"menu_chip_num":10},{"menu_id":20007,"menu_name":"焼き魚定食","menu_quality":3,"cuisine":1,"cuisine_name":"和食","colza":1,"colza_name":"可可","veg":1,"veg_name":"可可","menu_desc":"皮がパリッとするまで焼いたサバをメインに、味噌汁とホカホカご飯も添えて。","menu_info":9,"color":151,"smell":158,"taste":149,"quantity":178,"shape":159,"sour":0,"sweet":0,"bitter":0,"spicy":0,"sault":4,"fresh":3,"prop1":800541,"group_id1":54,"prop1_num":2,"prop2":800011,"group_id2":1,"prop2_num":1,"prop3":800141,"group_id3":14,"prop3_num":1,"prop4":0,"group_id4":0,"prop4_num":0,"prop5":0,"group_id5":0,"prop5_num":0,"prop6":0,"group_id6":0,"prop6_num":0,"prop7":0,"group_id7":0,"prop7_num":0,"prop8":0,"group_id8":0,"prop8_num":0,"c_price":1,"c_score":-99999,"b_price":51,"b_score":-2300,"a_price":129,"a_score":795,"s_price":359,"s_score":895,"ss_price":479,"ss_score":1239,"sss_price":589,"sss_score":1713,"add7_price":729,"add7_score":2172,"add8_price":899,"add8_score":2631,"add9_price":1129,"add9_score":3090,"add10_price":1,"add10_score":99998,"add11_price":1,"add11_score":99999,"cost":1,"chip_cost1":10,"chip_cost2":15,"chip_cost3":20,"chip_cost4":25,"break_num":15,"menu_chip_id":59007,"menu_chip_num":20},{"menu_id":20008,"menu_name":"屋台風焼きそば","menu_quality":4,"cuisine":1,"cuisine_name":"和食","colza":1,"colza_name":"可可","veg":1,"veg_name":"可可","menu_desc":"屋台で売られるパリッと香ばしい焼きそば。焼けたソースが食欲をそそります。","menu_info":10,"color":125,"smell":204,"taste":211,"quantity":213,"shape":165,"sour":0,"sweet":0,"bitter":0,"spicy":3,"sault":1,"fresh":2,"prop1":800351,"group_id1":35,"prop1_num":5,"prop2":800241,"group_id2":24,"prop2_num":2,"prop3":800431,"group_id3":43,"prop3_num":2,"prop4":800171,"group_id4":17,"prop4_num":1,"prop5":0,"group_id5":0,"prop5_num":0,"prop6":0,"group_id6":0,"prop6_num":0,"prop7":0,"group_id7":0,"prop7_num":0,"prop8":0,"group_id8":0,"prop8_num":0,"c_price":1,"c_score":-99999,"b_price":228,"b_score":-2326,"a_price":572,"a_score":918,"s_price":822,"s_score":1018,"ss_price":972,"ss_score":1481,"sss_price":1102,"sss_score":2085,"add7_price":1272,"add7_score":2668,"add8_price":1482,"add8_score":3252,"add9_price":1772,"add9_score":3836,"add10_price":1,"add10_score":99998,"add11_price":1,"add11_score":99999,"cost":1,"chip_cost1":10,"chip_cost2":15,"chip_cost3":20,"chip_cost4":25,"break_num":20,"menu_chip_id":59008,"menu_chip_num":50},{"menu_id":20009,"menu_name":"アツアツ鍋焼きうどん","menu_quality":3,"cuisine":1,"cuisine_name":"和食","colza":1,"colza_name":"可可","veg":1,"veg_name":"可可","menu_desc":"土鍋に天ぷらやかまぼこなどの具と一緒にうどんを入れ、ぐつぐつと煮込んだ料理。","menu_info":9,"color":134,"smell":140,"taste":170,"quantity":194,"shape":162,"sour":0,"sweet":0,"bitter":0,"spicy":2,"sault":1,"fresh":2,"prop1":800551,"group_id1":55,"prop1_num":5,"prop2":800101,"group_id2":10,"prop2_num":1,"prop3":800071,"group_id3":7,"prop3_num":1,"prop4":800201,"group_id4":20,"prop4_num":2,"prop5":0,"group_id5":0,"prop5_num":0,"prop6":0,"group_id6":0,"prop6_num":0,"prop7":0,"group_id7":0,"prop7_num":0,"prop8":0,"group_id8":0,"prop8_num":0,"c_price":1,"c_score":-99999,"b_price":214,"b_score":-2301,"a_price":535,"a_score":800,"s_price":765,"s_score":900,"ss_price":885,"ss_score":1245,"sss_price":995,"sss_score":1720,"add7_price":1135,"add7_score":2180,"add8_price":1305,"add8_score":2640,"add9_price":1535,"add9_score":3100,"add10_price":1,"add10_score":99998,"add11_price":1,"add11_score":99999,"cost":1,"chip_cost1":10,"chip_cost2":15,"chip_cost3":20,"chip_cost4":25,"break_num":15,"menu_chip_id":59009,"menu_chip_num":20},{"menu_id":20010,"menu_name":"京風茶碗蒸し","menu_quality":3,"cuisine":1,"cuisine_name":"和食","colza":1,"colza_name":"可可","veg":1,"veg_name":"可可","menu_desc":"素朴な具材に白だしが効いたこだわりの茶わん蒸し。素材を生かした一品。","menu_info":9,"color":181,"smell":154,"taste":164,"quantity":124,"shape":178,"sour":0,"sweet":3,"bitter":0,"spicy":1,"sault":1,"fresh":4,"prop1":800201,"group_id1":20,"prop1_num":3,"prop2":800271,"group_id2":27,"prop2_num":1,"prop3":800071,"group_id3":7,"prop3_num":1,"prop4":800211,"group_id4":21,"prop4_num":1,"prop5":0,"group_id5":0,"prop5_num":0,"prop6":0,"group_id6":0,"prop6_num":0,"prop7":0,"group_id7":0,"prop7_num":0,"prop8":0,"group_id8":0,"prop8_num":0,"c_price":1,"c_score":-99999,"b_price":50,"b_score":-2355,"a_price":125,"a_score":801,"s_price":355,"s_score":901,"ss_price":475,"ss_score":1246,"sss_price":585,"sss_score":1721,"add7_price":725,"add7_score":2181,"add8_price":895,"add8_score":2641,"add9_price":1125,"add9_score":3102,"add10_price":1,"add10_score":99998,"add11_price":1,"add11_score":99999,"cost":1,"chip_cost1":10,"chip_cost2":15,"chip_cost3":20,"chip_cost4":25,"break_num":15,"menu_chip_id":59010,"menu_chip_num":20},{"menu_id":20011,"menu_name":"肉厚ビーフステーキ","menu_quality":4,"cuisine":2,"cuisine_name":"洋食","colza":1,"colza_name":"可可","veg":1,"veg_name":"可可","menu_desc":"きめ細やかで柔らかなお肉でがっつり！食欲をそそる大満足の一品。","menu_info":10,"color":141,"smell":202,"taste":207,"quantity":201,"shape":179,"sour":0,"sweet":0,"bitter":0,"spicy":4,"sault":2,"fresh":3,"prop1":800251,"group_id1":25,"prop1_num":6,"prop2":0,"group_id2":0,"prop2_num":0,"prop3":0,"group_id3":0,"prop3_num":0,"prop4":0,"group_id4":0,"prop4_num":0,"prop5":0,"group_id5":0,"prop5_num":0,"prop6":0,"group_id6":0,"prop6_num":0,"prop7":0,"group_id7":0,"prop7_num":0,"prop8":0,"group_id8":0,"prop8_num":0,"c_price":1,"c_score":-99999,"b_price":112,"b_score":-2300,"a_price":280,"a_score":930,"s_price":530,"s_score":1030,"ss_price":680,"ss_score":1496,"sss_price":810,"sss_score":2102,"add7_price":980,"add7_score":2688,"add8_price":1190,"add8_score":3274,"add9_price":1480,"add9_score":3860,"add10_price":1,"add10_score":99998,"add11_price":1,"add11_score":99999,"cost":1,"chip_cost1":10,"chip_cost2":15,"chip_cost3":20,"chip_cost4":25,"break_num":20,"menu_chip_id":59011,"menu_chip_num":50},{"menu_id":20012,"menu_name":"濃厚ビーフシチュー","menu_quality":3,"cuisine":2,"cuisine_name":"洋食","colza":1,"colza_name":"可可","veg":1,"veg_name":"可可","menu_desc":"分厚い牛肉がホロホロになるまでワインでじっくり煮込んだシチュー。","menu_info":9,"color":124,"smell":154,"taste":210,"quantity":184,"shape":126,"sour":0,"sweet":0,"bitter":0,"spicy":4,"sault":1,"fresh":2,"prop1":800251,"group_id1":25,"prop1_num":4,"prop2":800031,"group_id2":3,"prop2_num":3,"prop3":800171,"group_id3":17,"prop3_num":1,"prop4":800531,"group_id4":53,"prop4_num":1,"prop5":0,"group_id5":0,"prop5_num":0,"prop6":0,"group_id6":0,"prop6_num":0,"prop7":0,"group_id7":0,"prop7_num":0,"prop8":0,"group_id8":0,"prop8_num":0,"c_price":1,"c_score":-99999,"b_price":138,"b_score":-2327,"a_price":346,"a_score":798,"s_price":576,"s_score":898,"ss_price":696,"ss_score":1242,"sss_price":806,"sss_score":1717,"add7_price":946,"add7_score":2176,"add8_price":1116,"add8_score":2636,"add9_price":1346,"add9_score":3096,"add10_price":1,"add10_score":99998,"add11_price":1,"add11_score":99999,"cost":1,"chip_cost1":10,"chip_cost2":15,"chip_cost3":20,"chip_cost4":25,"break_num":15,"menu_chip_id":59012,"menu_chip_num":20},{"menu_id":20013,"menu_name":"愛妻風オムライス","menu_quality":3,"cuisine":2,"cuisine_name":"洋食","colza":1,"colza_name":"可可","veg":1,"veg_name":"可可","menu_desc":"フワフワのケチャップライスをうすやき卵でいっぱいの愛情と一緒にくるみました。","menu_info":9,"color":164,"smell":158,"taste":166,"quantity":160,"shape":156,"sour":0,"sweet":4,"bitter":0,"spicy":0,"sault":0,"fresh":4,"prop1":800011,"group_id1":1,"prop1_num":3,"prop2":800201,"group_id2":20,"prop2_num":2,"prop3":800601,"group_id3":60,"prop3_num":1,"prop4":800281,"group_id4":28,"prop4_num":1,"prop5":0,"group_id5":0,"prop5_num":0,"prop6":0,"group_id6":0,"prop6_num":0,"prop7":0,"group_id7":0,"prop7_num":0,"prop8":0,"group_id8":0,"prop8_num":0,"c_price":1,"c_score":-99999,"b_price":39,"b_score":-2350,"a_price":98,"a_score":804,"s_price":328,"s_score":904,"ss_price":448,"ss_score":1249,"sss_price":558,"sss_score":1725,"add7_price":698,"add7_score":2186,"add8_price":868,"add8_score":2647,"add9_price":1098,"add9_score":3108,"add10_price":1,"add10_score":99998,"add11_price":1,"add11_score":99999,"cost":1,"chip_cost1":10,"chip_cost2":15,"chip_cost3":20,"chip_cost4":25,"break_num":15,"menu_chip_id":59013,"menu_chip_num":20},{"menu_id":20014,"menu_name":"絶品クリームパスタ","menu_quality":2,"cuisine":2,"cuisine_name":"洋食","colza":1,"colza_name":"可可","veg":1,"veg_name":"可可","menu_desc":"ベーコンの旨味がたっぷり染み出した濃厚クリームソースをパスタに絡めました。","menu_info":8,"color":135,"smell":122,"taste":164,"quantity":133,"shape":125,"sour":0,"sweet":4,"bitter":0,"spicy":0,"sault":0,"fresh":4,"prop1":800471,"group_id1":47,"prop1_num":5,"prop2":800441,"group_id2":44,"prop2_num":2,"prop3":800191,"group_id3":19,"prop3_num":1,"prop4":0,"group_id4":0,"prop4_num":0,"prop5":0,"group_id5":0,"prop5_num":0,"prop6":0,"group_id6":0,"prop6_num":0,"prop7":0,"group_id7":0,"prop7_num":0,"prop8":0,"group_id8":0,"prop8_num":0,"c_price":1,"c_score":-99999,"b_price":204,"b_score":-2281,"a_price":510,"a_score":679,"s_price":720,"s_score":779,"ss_price":810,"ss_score":1004,"sss_price":900,"sss_score":1350,"add7_price":1010,"add7_score":1686,"add8_price":1140,"add8_score":2022,"add9_price":1310,"add9_score":2358,"add10_price":1,"add10_score":99998,"add11_price":1,"add11_score":99999,"cost":1,"chip_cost1":10,"chip_cost2":15,"chip_cost3":20,"chip_cost4":25,"break_num":10,"menu_chip_id":59014,"menu_chip_num":10},{"menu_id":20015,"menu_name":"秘伝レシピのグラタン","menu_quality":4,"cuisine":2,"cuisine_name":"洋食","colza":1,"colza_name":"可可","veg":1,"veg_name":"可可","menu_desc":"こだわりの秘伝ソースでこんがり焼いたジャガイモたっぷりグラタン。","menu_info":10,"color":188,"smell":194,"taste":172,"quantity":186,"shape":180,"sour":0,"sweet":3,"bitter":0,"spicy":0,"sault":2,"fresh":4,"prop1":800041,"group_id1":4,"prop1_num":4,"prop2":800441,"group_id2":44,"prop2_num":1,"prop3":800621,"group_id3":62,"prop3_num":2,"prop4":0,"group_id4":0,"prop4_num":0,"prop5":0,"group_id5":0,"prop5_num":0,"prop6":0,"group_id6":0,"prop6_num":0,"prop7":0,"group_id7":0,"prop7_num":0,"prop8":0,"group_id8":0,"prop8_num":0,"c_price":1,"c_score":-99999,"b_price":60,"b_score":-2325,"a_price":151,"a_score":920,"s_price":401,"s_score":1020,"ss_price":551,"ss_score":1484,"sss_price":681,"sss_score":2088,"add7_price":851,"add7_score":2672,"add8_price":1061,"add8_score":3256,"add9_price":1351,"add9_score":3840,"add10_price":1,"add10_score":99998,"add11_price":1,"add11_score":99999,"cost":1,"chip_cost1":10,"chip_cost2":15,"chip_cost3":20,"chip_cost4":25,"break_num":20,"menu_chip_id":59015,"menu_chip_num":50},{"menu_id":20016,"menu_name":"元気ハンバーグ","menu_quality":1,"cuisine":2,"cuisine_name":"洋食","colza":1,"colza_name":"可可","veg":1,"veg_name":"可可","menu_desc":"トロトロの肉汁を閉じ込めてじっくり焼いたハンバーグ。","menu_info":7,"color":75,"smell":101,"taste":132,"quantity":142,"shape":98,"sour":0,"sweet":3,"bitter":0,"spicy":0,"sault":1,"fresh":3,"prop1":800231,"group_id1":23,"prop1_num":4,"prop2":800201,"group_id2":20,"prop2_num":1,"prop3":800611,"group_id3":61,"prop3_num":2,"prop4":800621,"group_id4":62,"prop4_num":1,"prop5":0,"group_id5":0,"prop5_num":0,"prop6":0,"group_id6":0,"prop6_num":0,"prop7":0,"group_id7":0,"prop7_num":0,"prop8":0,"group_id8":0,"prop8_num":0,"c_price":1,"c_score":-99999,"b_price":85,"b_score":-2276,"a_price":214,"a_score":548,"s_price":404,"s_score":648,"ss_price":464,"ss_score":752,"sss_price":534,"sss_score":967,"add7_price":614,"add7_score":1176,"add8_price":704,"add8_score":1386,"add9_price":814,"add9_score":1596,"add10_price":1,"add10_score":99998,"add11_price":1,"add11_score":99999,"cost":1,"chip_cost1":10,"chip_cost2":15,"chip_cost3":20,"chip_cost4":25,"break_num":5,"menu_chip_id":59016,"menu_chip_num":5},{"menu_id":20017,"menu_name":"贅沢エビフライ","menu_quality":1,"cuisine":2,"cuisine_name":"洋食","colza":1,"colza_name":"可可","veg":1,"veg_name":"可可","menu_desc":"贅沢に揚げたプリプリの大きなエビに、ソースを添えて。","menu_info":7,"color":105,"smell":120,"taste":122,"quantity":78,"shape":124,"sour":0,"sweet":0,"bitter":0,"spicy":0,"sault":3,"fresh":5,"prop1":800271,"group_id1":27,"prop1_num":4,"prop2":800201,"group_id2":20,"prop2_num":2,"prop3":800611,"group_id3":61,"prop3_num":1,"prop4":0,"group_id4":0,"prop4_num":0,"prop5":0,"group_id5":0,"prop5_num":0,"prop6":0,"group_id6":0,"prop6_num":0,"prop7":0,"group_id7":0,"prop7_num":0,"prop8":0,"group_id8":0,"prop8_num":0,"c_price":1,"c_score":-99999,"b_price":59,"b_score":-2302,"a_price":148,"a_score":549,"s_price":338,"s_score":649,"ss_price":398,"ss_score":753,"sss_price":468,"sss_score":968,"add7_price":548,"add7_score":1178,"add8_price":638,"add8_score":1388,"add9_price":748,"add9_score":1598,"add10_price":1,"add10_score":99998,"add11_price":1,"add11_score":99999,"cost":1,"chip_cost1":10,"chip_cost2":15,"chip_cost3":20,"chip_cost4":25,"break_num":5,"menu_chip_id":59017,"menu_chip_num":5},{"menu_id":20018,"menu_name":"大盛カレーライス","menu_quality":2,"cuisine":2,"cuisine_name":"洋食","colza":1,"colza_name":"可可","veg":1,"veg_name":"可可","menu_desc":"ジャガイモとお肉がゴロゴロ入った定番洋食。みんな大好き！","menu_info":8,"color":107,"smell":149,"taste":155,"quantity":146,"shape":115,"sour":0,"sweet":0,"bitter":0,"spicy":5,"sault":0,"fresh":2,"prop1":800011,"group_id1":1,"prop1_num":3,"prop2":800561,"group_id2":56,"prop2_num":2,"prop3":800041,"group_id3":4,"prop3_num":1,"prop4":800251,"group_id4":25,"prop4_num":1,"prop5":0,"group_id5":0,"prop5_num":0,"prop6":0,"group_id6":0,"prop6_num":0,"prop7":0,"group_id7":0,"prop7_num":0,"prop8":0,"group_id8":0,"prop8_num":0,"c_price":1,"c_score":-99999,"b_price":43,"b_score":-2325,"a_price":109,"a_score":672,"s_price":319,"s_score":772,"ss_price":409,"ss_score":996,"sss_price":499,"sss_score":1340,"add7_price":609,"add7_score":1675,"add8_price":739,"add8_score":2009,"add9_price":909,"add9_score":2344,"add10_price":1,"add10_score":99998,"add11_price":1,"add11_score":99999,"cost":1,"chip_cost1":10,"chip_cost2":15,"chip_cost3":20,"chip_cost4":25,"break_num":10,"menu_chip_id":59018,"menu_chip_num":10},{"menu_id":20019,"menu_name":"やみつきナポリタン","menu_quality":2,"cuisine":2,"cuisine_name":"洋食","colza":1,"colza_name":"可可","veg":1,"veg_name":"可可","menu_desc":"パスタに絡みつく焦げたケチャップがどこか懐かしさを誘います。","menu_info":8,"color":129,"smell":127,"taste":145,"quantity":147,"shape":127,"sour":0,"sweet":1,"bitter":0,"spicy":2,"sault":0,"fresh":3,"prop1":800471,"group_id1":47,"prop1_num":5,"prop2":800191,"group_id2":19,"prop2_num":1,"prop3":800501,"group_id3":50,"prop3_num":1,"prop4":800601,"group_id4":60,"prop4_num":1,"prop5":0,"group_id5":0,"prop5_num":0,"prop6":0,"group_id6":0,"prop6_num":0,"prop7":0,"group_id7":0,"prop7_num":0,"prop8":0,"group_id8":0,"prop8_num":0,"c_price":1,"c_score":-99999,"b_price":204,"b_score":-2351,"a_price":511,"a_score":675,"s_price":721,"s_score":775,"ss_price":811,"ss_score":1000,"sss_price":901,"sss_score":1345,"add7_price":1011,"add7_score":1680,"add8_price":1141,"add8_score":2015,"add9_price":1311,"add9_score":2350,"add10_price":1,"add10_score":99998,"add11_price":1,"add11_score":99999,"cost":1,"chip_cost1":10,"chip_cost2":15,"chip_cost3":20,"chip_cost4":25,"break_num":10,"menu_chip_id":59019,"menu_chip_num":10},{"menu_id":20020,"menu_name":"店長のシーザーサラダ","menu_quality":3,"cuisine":2,"cuisine_name":"洋食","colza":1,"colza_name":"可可","veg":1,"veg_name":"可可","menu_desc":"採れたてシャキシャキ野菜に特製ドレッシングをたっぷりかけました。","menu_info":9,"color":201,"smell":172,"taste":150,"quantity":154,"shape":130,"sour":4,"sweet":0,"bitter":0,"spicy":0,"sault":1,"fresh":5,"prop1":800081,"group_id1":8,"prop1_num":3,"prop2":800031,"group_id2":3,"prop2_num":2,"prop3":800621,"group_id3":62,"prop3_num":2,"prop4":800581,"group_id4":58,"prop4_num":1,"prop5":0,"group_id5":0,"prop5_num":0,"prop6":0,"group_id6":0,"prop6_num":0,"prop7":0,"group_id7":0,"prop7_num":0,"prop8":0,"group_id8":0,"prop8_num":0,"c_price":1,"c_score":-99999,"b_price":70,"b_score":-2303,"a_price":175,"a_score":807,"s_price":405,"s_score":907,"ss_price":525,"ss_score":1253,"sss_price":635,"sss_score":1729,"add7_price":775,"add7_score":2191,"add8_price":945,"add8_score":2652,"add9_price":1175,"add9_score":3114,"add10_price":1,"add10_score":99998,"add11_price":1,"add11_score":99999,"cost":1,"chip_cost1":10,"chip_cost2":15,"chip_cost3":20,"chip_cost4":25,"break_num":15,"menu_chip_id":59020,"menu_chip_num":20},{"menu_id":20021,"menu_name":"ぷりぷりエビ蒸し餃子","menu_quality":3,"cuisine":3,"cuisine_name":"エスニック","colza":1,"colza_name":"可可","veg":1,"veg_name":"可可","menu_desc":"食感豊かなエビを皮にぎっしり詰めて蒸し上げました。","menu_info":9,"color":130,"smell":150,"taste":190,"quantity":140,"shape":190,"sour":0,"sweet":3,"bitter":0,"spicy":0,"sault":3,"fresh":5,"prop1":800271,"group_id1":27,"prop1_num":4,"prop2":800291,"group_id2":29,"prop2_num":4,"prop3":0,"group_id3":0,"prop3_num":0,"prop4":0,"group_id4":0,"prop4_num":0,"prop5":0,"group_id5":0,"prop5_num":0,"prop6":0,"group_id6":0,"prop6_num":0,"prop7":0,"group_id7":0,"prop7_num":0,"prop8":0,"group_id8":0,"prop8_num":0,"c_price":1,"c_score":-99999,"b_price":61,"b_score":-2302,"a_price":154,"a_score":800,"s_price":384,"s_score":900,"ss_price":504,"ss_score":1245,"sss_price":614,"sss_score":1720,"add7_price":754,"add7_score":2180,"add8_price":924,"add8_score":2640,"add9_price":1154,"add9_score":3100,"add10_price":1,"add10_score":99998,"add11_price":1,"add11_score":99999,"cost":1,"chip_cost1":10,"chip_cost2":15,"chip_cost3":20,"chip_cost4":25,"break_num":15,"menu_chip_id":59021,"menu_chip_num":20},{"menu_id":20022,"menu_name":"色どり春巻き","menu_quality":1,"cuisine":3,"cuisine_name":"エスニック","colza":1,"colza_name":"可可","veg":1,"veg_name":"可可","menu_desc":"季節の彩り食材を皮で包んで揚げました。パリパリ揚げたてをご賞味あれ！","menu_info":7,"color":85,"smell":117,"taste":133,"quantity":89,"shape":125,"sour":1,"sweet":3,"bitter":0,"spicy":0,"sault":1,"fresh":4,"prop1":800291,"group_id1":29,"prop1_num":2,"prop2":800231,"group_id2":23,"prop2_num":2,"prop3":800121,"group_id3":12,"prop3_num":1,"prop4":800171,"group_id4":17,"prop4_num":1,"prop5":0,"group_id5":0,"prop5_num":0,"prop6":0,"group_id6":0,"prop6_num":0,"prop7":0,"group_id7":0,"prop7_num":0,"prop8":0,"group_id8":0,"prop8_num":0,"c_price":1,"c_score":-99999,"b_price":44,"b_score":-2325,"a_price":110,"a_score":549,"s_price":300,"s_score":649,"ss_price":360,"ss_score":753,"sss_price":430,"sss_score":968,"add7_price":510,"add7_score":1178,"add8_price":600,"add8_score":1388,"add9_price":710,"add9_score":1598,"add10_price":1,"add10_score":99998,"add11_price":1,"add11_score":99999,"cost":1,"chip_cost1":10,"chip_cost2":15,"chip_cost3":20,"chip_cost4":25,"break_num":5,"menu_chip_id":59022,"menu_chip_num":5},{"menu_id":20023,"menu_name":"具たっぷり酢豚","menu_quality":2,"cuisine":3,"cuisine_name":"エスニック","colza":1,"colza_name":"可可","veg":1,"veg_name":"可可","menu_desc":"豚肉と野菜を甘辛いあんに絡めました。出来たてをどうぞ！","menu_info":8,"color":128,"smell":115,"taste":136,"quantity":171,"shape":126,"sour":5,"sweet":3,"bitter":0,"spicy":0,"sault":4,"fresh":3,"prop1":800121,"group_id1":12,"prop1_num":1,"prop2":800241,"group_id2":24,"prop2_num":2,"prop3":800601,"group_id3":60,"prop3_num":1,"prop4":800271,"group_id4":27,"prop4_num":1,"prop5":0,"group_id5":0,"prop5_num":0,"prop6":0,"group_id6":0,"prop6_num":0,"prop7":0,"group_id7":0,"prop7_num":0,"prop8":0,"group_id8":0,"prop8_num":0,"c_price":1,"c_score":-99999,"b_price":47,"b_score":-2322,"a_price":118,"a_score":676,"s_price":328,"s_score":776,"ss_price":418,"ss_score":1001,"sss_price":508,"sss_score":1346,"add7_price":618,"add7_score":1681,"add8_price":748,"add8_score":2016,"add9_price":918,"add9_score":2352,"add10_price":1,"add10_score":99998,"add11_price":1,"add11_score":99999,"cost":1,"chip_cost1":10,"chip_cost2":15,"chip_cost3":20,"chip_cost4":25,"break_num":10,"menu_chip_id":59023,"menu_chip_num":10},{"menu_id":20024,"menu_name":"コク旨麻婆豆腐","menu_quality":1,"cuisine":3,"cuisine_name":"エスニック","colza":1,"colza_name":"可可","veg":1,"veg_name":"可可","menu_desc":"辛味のなかにしっかりとしたコクと旨味。後を引きます。","menu_info":7,"color":112,"smell":121,"taste":129,"quantity":80,"shape":107,"sour":0,"sweet":0,"bitter":0,"spicy":5,"sault":3,"fresh":2,"prop1":800141,"group_id1":14,"prop1_num":5,"prop2":800231,"group_id2":23,"prop2_num":2,"prop3":800051,"group_id3":5,"prop3_num":2,"prop4":0,"group_id4":0,"prop4_num":0,"prop5":0,"group_id5":0,"prop5_num":0,"prop6":0,"group_id6":0,"prop6_num":0,"prop7":0,"group_id7":0,"prop7_num":0,"prop8":0,"group_id8":0,"prop8_num":0,"c_price":1,"c_score":-99999,"b_price":61,"b_score":-2353,"a_price":154,"a_score":549,"s_price":344,"s_score":649,"ss_price":404,"ss_score":753,"sss_price":474,"sss_score":968,"add7_price":554,"add7_score":1178,"add8_price":644,"add8_score":1388,"add9_price":754,"add9_score":1598,"add10_price":1,"add10_score":99998,"add11_price":1,"add11_score":99999,"cost":1,"chip_cost1":10,"chip_cost2":15,"chip_cost3":20,"chip_cost4":25,"break_num":5,"menu_chip_id":59024,"menu_chip_num":5},{"menu_id":20025,"menu_name":"スタミナホイコーロー","menu_quality":4,"cuisine":3,"cuisine_name":"エスニック","colza":1,"colza_name":"可可","veg":1,"veg_name":"可可","menu_desc":"お肉と野菜を秘伝のタレが引き立てます。疲れたときにはやっぱりコレ！","menu_info":10,"color":171,"smell":196,"taste":207,"quantity":177,"shape":174,"sour":0,"sweet":2,"bitter":0,"spicy":5,"sault":4,"fresh":3,"prop1":800241,"group_id1":24,"prop1_num":7,"prop2":800131,"group_id2":13,"prop2_num":2,"prop3":800051,"group_id3":5,"prop3_num":1,"prop4":0,"group_id4":0,"prop4_num":0,"prop5":0,"group_id5":0,"prop5_num":0,"prop6":0,"group_id6":0,"prop6_num":0,"prop7":0,"group_id7":0,"prop7_num":0,"prop8":0,"group_id8":0,"prop8_num":0,"c_price":1,"c_score":-99999,"b_price":87,"b_score":-2275,"a_price":219,"a_score":925,"s_price":469,"s_score":1025,"ss_price":619,"ss_score":1490,"sss_price":749,"sss_score":2095,"add7_price":919,"add7_score":2680,"add8_price":1129,"add8_score":3265,"add9_price":1419,"add9_score":3850,"add10_price":1,"add10_score":99998,"add11_price":1,"add11_score":99999,"cost":1,"chip_cost1":10,"chip_cost2":15,"chip_cost3":20,"chip_cost4":25,"break_num":20,"menu_chip_id":59025,"menu_chip_num":50},{"menu_id":20026,"menu_name":"パイナップル炒飯","menu_quality":3,"cuisine":3,"cuisine_name":"エスニック","colza":1,"colza_name":"可可","veg":1,"veg_name":"可可","menu_desc":"強火で仕上げた炒飯はパイナップルが味の決め手！","menu_info":9,"color":167,"smell":170,"taste":170,"quantity":148,"shape":145,"sour":5,"sweet":5,"bitter":0,"spicy":0,"sault":3,"fresh":2,"prop1":800241,"group_id1":24,"prop1_num":4,"prop2":800511,"group_id2":51,"prop2_num":1,"prop3":800011,"group_id3":1,"prop3_num":1,"prop4":0,"group_id4":0,"prop4_num":0,"prop5":0,"group_id5":0,"prop5_num":0,"prop6":0,"group_id6":0,"prop6_num":0,"prop7":0,"group_id7":0,"prop7_num":0,"prop8":0,"group_id8":0,"prop8_num":0,"c_price":1,"c_score":-99999,"b_price":51,"b_score":-2350,"a_price":129,"a_score":800,"s_price":359,"s_score":900,"ss_price":479,"ss_score":1245,"sss_price":589,"sss_score":1720,"add7_price":729,"add7_score":2180,"add8_price":899,"add8_score":2640,"add9_price":1129,"add9_score":3100,"add10_price":1,"add10_score":99998,"add11_price":1,"add11_score":99999,"cost":1,"chip_cost1":10,"chip_cost2":15,"chip_cost3":20,"chip_cost4":25,"break_num":15,"menu_chip_id":59026,"menu_chip_num":20},{"menu_id":20027,"menu_name":"ピリ辛中華風春雨","menu_quality":4,"cuisine":3,"cuisine_name":"エスニック","colza":1,"colza_name":"可可","veg":1,"veg_name":"可可","menu_desc":"食べすぎても心配ご無用。とってもヘルシーです。","menu_info":10,"color":161,"smell":198,"taste":188,"quantity":210,"shape":166,"sour":0,"sweet":0,"bitter":0,"spicy":3,"sault":5,"fresh":2,"prop1":800151,"group_id1":15,"prop1_num":3,"prop2":800241,"group_id2":24,"prop2_num":1,"prop3":800051,"group_id3":5,"prop3_num":1,"prop4":0,"group_id4":0,"prop4_num":0,"prop5":0,"group_id5":0,"prop5_num":0,"prop6":0,"group_id6":0,"prop6_num":0,"prop7":0,"group_id7":0,"prop7_num":0,"prop8":0,"group_id8":0,"prop8_num":0,"c_price":1,"c_score":-99999,"b_price":36,"b_score":-2327,"a_price":90,"a_score":923,"s_price":340,"s_score":1023,"ss_price":490,"ss_score":1487,"sss_price":620,"sss_score":2092,"add7_price":790,"add7_score":2676,"add8_price":1000,"add8_score":3261,"add9_price":1290,"add9_score":3846,"add10_price":1,"add10_score":99998,"add11_price":1,"add11_score":99999,"cost":1,"chip_cost1":10,"chip_cost2":15,"chip_cost3":20,"chip_cost4":25,"break_num":20,"menu_chip_id":59027,"menu_chip_num":50},{"menu_id":20028,"menu_name":"本格チンジャオロース","menu_quality":3,"cuisine":3,"cuisine_name":"エスニック","colza":1,"colza_name":"可可","veg":1,"veg_name":"可可","menu_desc":"ピーマンの苦味と豚肉の旨味が互いに引き立て合います。必食の一皿。","menu_info":9,"color":150,"smell":160,"taste":195,"quantity":150,"shape":147,"sour":0,"sweet":0,"bitter":0,"spicy":2,"sault":3,"fresh":3,"prop1":800241,"group_id1":24,"prop1_num":3,"prop2":800501,"group_id2":50,"prop2_num":2,"prop3":0,"group_id3":0,"prop3_num":0,"prop4":0,"group_id4":0,"prop4_num":0,"prop5":0,"group_id5":0,"prop5_num":0,"prop6":0,"group_id6":0,"prop6_num":0,"prop7":0,"group_id7":0,"prop7_num":0,"prop8":0,"group_id8":0,"prop8_num":0,"c_price":1,"c_score":-99999,"b_price":42,"b_score":-2299,"a_price":106,"a_score":802,"s_price":336,"s_score":902,"ss_price":456,"ss_score":1247,"sss_price":566,"sss_score":1722,"add7_price":706,"add7_score":2183,"add8_price":876,"add8_score":2643,"add9_price":1106,"add9_score":3104,"add10_price":1,"add10_score":99998,"add11_price":1,"add11_score":99999,"cost":1,"chip_cost1":10,"chip_cost2":15,"chip_cost3":20,"chip_cost4":25,"break_num":15,"menu_chip_id":59028,"menu_chip_num":20},{"menu_id":20029,"menu_name":"うま辛バンバンジー","menu_quality":2,"cuisine":3,"cuisine_name":"エスニック","colza":1,"colza_name":"可可","veg":1,"veg_name":"可可","menu_desc":"旨味と辛味のバランスが心地良い、シェフおすすめのバンバンジー。","menu_info":8,"color":125,"smell":143,"taste":156,"quantity":110,"shape":142,"sour":0,"sweet":0,"bitter":0,"spicy":5,"sault":4,"fresh":4,"prop1":800281,"group_id1":28,"prop1_num":2,"prop2":800161,"group_id2":16,"prop2_num":1,"prop3":800051,"group_id3":5,"prop3_num":1,"prop4":0,"group_id4":0,"prop4_num":0,"prop5":0,"group_id5":0,"prop5_num":0,"prop6":0,"group_id6":0,"prop6_num":0,"prop7":0,"group_id7":0,"prop7_num":0,"prop8":0,"group_id8":0,"prop8_num":0,"c_price":1,"c_score":-99999,"b_price":36,"b_score":-2301,"a_price":91,"a_score":676,"s_price":301,"s_score":776,"ss_price":391,"ss_score":1001,"sss_price":481,"sss_score":1346,"add7_price":591,"add7_score":1681,"add8_price":721,"add8_score":2016,"add9_price":891,"add9_score":2352,"add10_price":1,"add10_score":99998,"add11_price":1,"add11_score":99999,"cost":1,"chip_cost1":10,"chip_cost2":15,"chip_cost3":20,"chip_cost4":25,"break_num":10,"menu_chip_id":59029,"menu_chip_num":10},{"menu_id":20030,"menu_name":"天然エビの三色炒め","menu_quality":2,"cuisine":3,"cuisine_name":"エスニック","colza":1,"colza_name":"可可","veg":1,"veg_name":"可可","menu_desc":"野菜とともに新鮮な天然エビを炒めました。香り高い一品。","menu_info":8,"color":162,"smell":123,"taste":137,"quantity":116,"shape":147,"sour":0,"sweet":0,"bitter":0,"spicy":0,"sault":2,"fresh":5,"prop1":800271,"group_id1":27,"prop1_num":2,"prop2":800111,"group_id2":11,"prop2_num":1,"prop3":800061,"group_id3":6,"prop3_num":1,"prop4":800171,"group_id4":17,"prop4_num":1,"prop5":0,"group_id5":0,"prop5_num":0,"prop6":0,"group_id6":0,"prop6_num":0,"prop7":0,"group_id7":0,"prop7_num":0,"prop8":0,"group_id8":0,"prop8_num":0,"c_price":1,"c_score":-99999,"b_price":38,"b_score":-2275,"a_price":96,"a_score":685,"s_price":306,"s_score":785,"ss_price":396,"ss_score":1012,"sss_price":486,"sss_score":1359,"add7_price":596,"add7_score":1696,"add8_price":726,"add8_score":2033,"add9_price":896,"add9_score":2370,"add10_price":1,"add10_score":99998,"add11_price":1,"add11_score":99999,"cost":1,"chip_cost1":10,"chip_cost2":15,"chip_cost3":20,"chip_cost4":25,"break_num":10,"menu_chip_id":59030,"menu_chip_num":10},{"menu_id":20031,"menu_name":"苺のショートケーキ","menu_quality":2,"cuisine":4,"cuisine_name":"スイーツ","colza":1,"colza_name":"可可","veg":1,"veg_name":"可可","menu_desc":"大きな苺と甘すぎないクリーム。王道を行く一品。","menu_info":8,"color":144,"smell":111,"taste":171,"quantity":114,"shape":141,"sour":1,"sweet":4,"bitter":0,"spicy":0,"sault":0,"fresh":0,"prop1":800291,"group_id1":29,"prop1_num":4,"prop2":800201,"group_id2":20,"prop2_num":1,"prop3":800361,"group_id3":36,"prop3_num":2,"prop4":0,"group_id4":0,"prop4_num":0,"prop5":0,"group_id5":0,"prop5_num":0,"prop6":0,"group_id6":0,"prop6_num":0,"prop7":0,"group_id7":0,"prop7_num":0,"prop8":0,"group_id8":0,"prop8_num":0,"c_price":1,"c_score":-99999,"b_price":41,"b_score":-2276,"a_price":104,"a_score":681,"s_price":314,"s_score":781,"ss_price":404,"ss_score":1007,"sss_price":494,"sss_score":1353,"add7_price":604,"add7_score":1689,"add8_price":734,"add8_score":2025,"add9_price":904,"add9_score":2362,"add10_price":1,"add10_score":99998,"add11_price":1,"add11_score":99999,"cost":1,"chip_cost1":10,"chip_cost2":15,"chip_cost3":20,"chip_cost4":25,"break_num":10,"menu_chip_id":59031,"menu_chip_num":10},{"menu_id":20032,"menu_name":"一口カスタードプリン","menu_quality":1,"cuisine":4,"cuisine_name":"スイーツ","colza":1,"colza_name":"可可","veg":1,"veg_name":"可可","menu_desc":"カスタードの豊かな舌ざわりと味わいを是非お楽しみください。","menu_info":7,"color":127,"smell":108,"taste":118,"quantity":78,"shape":118,"sour":0,"sweet":5,"bitter":0,"spicy":0,"sault":0,"fresh":0,"prop1":800201,"group_id1":20,"prop1_num":1,"prop2":800441,"group_id2":44,"prop2_num":1,"prop3":0,"group_id3":0,"prop3_num":0,"prop4":0,"group_id4":0,"prop4_num":0,"prop5":0,"group_id5":0,"prop5_num":0,"prop6":0,"group_id6":0,"prop6_num":0,"prop7":0,"group_id7":0,"prop7_num":0,"prop8":0,"group_id8":0,"prop8_num":0,"c_price":1,"c_score":-99999,"b_price":12,"b_score":-2276,"a_price":31,"a_score":549,"s_price":221,"s_score":649,"ss_price":281,"ss_score":753,"sss_price":351,"sss_score":968,"add7_price":431,"add7_score":1178,"add8_price":521,"add8_score":1388,"add9_price":631,"add9_score":1598,"add10_price":1,"add10_score":99998,"add11_price":1,"add11_score":99999,"cost":1,"chip_cost1":10,"chip_cost2":15,"chip_cost3":20,"chip_cost4":25,"break_num":5,"menu_chip_id":59032,"menu_chip_num":5},{"menu_id":20033,"menu_name":"モーニングワッフル","menu_quality":2,"cuisine":4,"cuisine_name":"スイーツ","colza":1,"colza_name":"可可","veg":1,"veg_name":"可可","menu_desc":"サクッと焼いたワッフルで素敵な朝をお迎えください。","menu_info":8,"color":113,"smell":158,"taste":133,"quantity":145,"shape":123,"sour":0,"sweet":2,"bitter":0,"spicy":0,"sault":0,"fresh":0,"prop1":800291,"group_id1":29,"prop1_num":2,"prop2":800441,"group_id2":44,"prop2_num":1,"prop3":800201,"group_id3":20,"prop3_num":1,"prop4":0,"group_id4":0,"prop4_num":0,"prop5":0,"group_id5":0,"prop5_num":0,"prop6":0,"group_id6":0,"prop6_num":0,"prop7":0,"group_id7":0,"prop7_num":0,"prop8":0,"group_id8":0,"prop8_num":0,"c_price":1,"c_score":-99999,"b_price":21,"b_score":-2302,"a_price":53,"a_score":672,"s_price":263,"s_score":772,"ss_price":353,"ss_score":996,"sss_price":443,"sss_score":1340,"add7_price":553,"add7_score":1675,"add8_price":683,"add8_score":2009,"add9_price":853,"add9_score":2344,"add10_price":1,"add10_score":99998,"add11_price":1,"add11_score":99999,"cost":1,"chip_cost1":10,"chip_cost2":15,"chip_cost3":20,"chip_cost4":25,"break_num":10,"menu_chip_id":59033,"menu_chip_num":10},{"menu_id":20034,"menu_name":"濃厚シュークリーム","menu_quality":2,"cuisine":4,"cuisine_name":"スイーツ","colza":1,"colza_name":"可可","veg":1,"veg_name":"可可","menu_desc":"注文してからクリームを注入！濃厚な味わいが癖になります。","menu_info":8,"color":125,"smell":145,"taste":135,"quantity":115,"shape":156,"sour":0,"sweet":3,"bitter":0,"spicy":0,"sault":1,"fresh":0,"prop1":800291,"group_id1":29,"prop1_num":1,"prop2":800201,"group_id2":20,"prop2_num":1,"prop3":0,"group_id3":0,"prop3_num":0,"prop4":0,"group_id4":0,"prop4_num":0,"prop5":0,"group_id5":0,"prop5_num":0,"prop6":0,"group_id6":0,"prop6_num":0,"prop7":0,"group_id7":0,"prop7_num":0,"prop8":0,"group_id8":0,"prop8_num":0,"c_price":1,"c_score":-99999,"b_price":14,"b_score":-2297,"a_price":36,"a_score":676,"s_price":246,"s_score":776,"ss_price":336,"ss_score":1001,"sss_price":426,"sss_score":1346,"add7_price":536,"add7_score":1681,"add8_price":666,"add8_score":2016,"add9_price":836,"add9_score":2352,"add10_price":1,"add10_score":99998,"add11_price":1,"add11_score":99999,"cost":1,"chip_cost1":10,"chip_cost2":15,"chip_cost3":20,"chip_cost4":25,"break_num":10,"menu_chip_id":59034,"menu_chip_num":10},{"menu_id":20035,"menu_name":"とろけるチョコアイス","menu_quality":1,"cuisine":4,"cuisine_name":"スイーツ","colza":1,"colza_name":"可可","veg":1,"veg_name":"可可","menu_desc":"濃厚チョコが口の中でとろけます。食べだしたらもう止まらない！","menu_info":7,"color":96,"smell":102,"taste":125,"quantity":106,"shape":120,"sour":0,"sweet":4,"bitter":0,"spicy":0,"sault":0,"fresh":0,"prop1":800441,"group_id1":44,"prop1_num":1,"prop2":800481,"group_id2":48,"prop2_num":1,"prop3":0,"group_id3":0,"prop3_num":0,"prop4":0,"group_id4":0,"prop4_num":0,"prop5":0,"group_id5":0,"prop5_num":0,"prop6":0,"group_id6":0,"prop6_num":0,"prop7":0,"group_id7":0,"prop7_num":0,"prop8":0,"group_id8":0,"prop8_num":0,"c_price":1,"c_score":-99999,"b_price":16,"b_score":-2323,"a_price":42,"a_score":549,"s_price":232,"s_score":649,"ss_price":292,"ss_score":753,"sss_price":362,"sss_score":968,"add7_price":442,"add7_score":1178,"add8_price":532,"add8_score":1388,"add9_price":642,"add9_score":1598,"add10_price":1,"add10_score":99998,"add11_price":1,"add11_score":99999,"cost":1,"chip_cost1":10,"chip_cost2":15,"chip_cost3":20,"chip_cost4":25,"break_num":5,"menu_chip_id":59035,"menu_chip_num":5},{"menu_id":20036,"menu_name":"マンゴークリーム大福","menu_quality":3,"cuisine":4,"cuisine_name":"スイーツ","colza":1,"colza_name":"可可","veg":1,"veg_name":"可可","menu_desc":"ペーストにしたマンゴーをクリームに練り込んだ大福。","menu_info":9,"color":148,"smell":164,"taste":168,"quantity":156,"shape":159,"sour":2,"sweet":3,"bitter":0,"spicy":0,"sault":0,"fresh":0,"prop1":800441,"group_id1":44,"prop1_num":1,"prop2":800301,"group_id2":30,"prop2_num":1,"prop3":800371,"group_id3":37,"prop3_num":1,"prop4":0,"group_id4":0,"prop4_num":0,"prop5":0,"group_id5":0,"prop5_num":0,"prop6":0,"group_id6":0,"prop6_num":0,"prop7":0,"group_id7":0,"prop7_num":0,"prop8":0,"group_id8":0,"prop8_num":0,"c_price":1,"c_score":-99999,"b_price":34,"b_score":-2300,"a_price":86,"a_score":795,"s_price":316,"s_score":895,"ss_price":436,"ss_score":1239,"sss_price":546,"sss_score":1713,"add7_price":686,"add7_score":2172,"add8_price":856,"add8_score":2631,"add9_price":1086,"add9_score":3090,"add10_price":1,"add10_score":99998,"add11_price":1,"add11_score":99999,"cost":1,"chip_cost1":10,"chip_cost2":15,"chip_cost3":20,"chip_cost4":25,"break_num":15,"menu_chip_id":59036,"menu_chip_num":20},{"menu_id":20037,"menu_name":"季節の花ねりきり","menu_quality":4,"cuisine":4,"cuisine_name":"スイーツ","colza":1,"colza_name":"可可","veg":1,"veg_name":"可可","menu_desc":"季節を感じる柔らかな色づきの和菓子は、どれから食べるか迷います。","menu_info":10,"color":226,"smell":190,"taste":125,"quantity":115,"shape":266,"sour":0,"sweet":5,"bitter":0,"spicy":0,"sault":1,"fresh":0,"prop1":800421,"group_id1":42,"prop1_num":4,"prop2":0,"group_id2":0,"prop2_num":0,"prop3":0,"group_id3":0,"prop3_num":0,"prop4":0,"group_id4":0,"prop4_num":0,"prop5":0,"group_id5":0,"prop5_num":0,"prop6":0,"group_id6":0,"prop6_num":0,"prop7":0,"group_id7":0,"prop7_num":0,"prop8":0,"group_id8":0,"prop8_num":0,"c_price":1,"c_score":-99999,"b_price":112,"b_score":-2326,"a_price":280,"a_score":922,"s_price":530,"s_score":1022,"ss_price":680,"ss_score":1486,"sss_price":810,"sss_score":2090,"add7_price":980,"add7_score":2675,"add8_price":1190,"add8_score":3259,"add9_price":1480,"add9_score":3844,"add10_price":1,"add10_score":99998,"add11_price":1,"add11_score":99999,"cost":1,"chip_cost1":10,"chip_cost2":15,"chip_cost3":20,"chip_cost4":25,"break_num":20,"menu_chip_id":59037,"menu_chip_num":50},{"menu_id":20038,"menu_name":"ロイヤルティラミス","menu_quality":3,"cuisine":4,"cuisine_name":"スイーツ","colza":1,"colza_name":"可可","veg":1,"veg_name":"可可","menu_desc":"風味豊かなひんやりデザート。気品の高い味わいにもう大満足！","menu_info":9,"color":141,"smell":136,"taste":180,"quantity":165,"shape":180,"sour":0,"sweet":5,"bitter":0,"spicy":0,"sault":0,"fresh":0,"prop1":800461,"group_id1":46,"prop1_num":1,"prop2":800621,"group_id2":62,"prop2_num":1,"prop3":800481,"group_id3":48,"prop3_num":1,"prop4":800491,"group_id4":49,"prop4_num":1,"prop5":0,"group_id5":0,"prop5_num":0,"prop6":0,"group_id6":0,"prop6_num":0,"prop7":0,"group_id7":0,"prop7_num":0,"prop8":0,"group_id8":0,"prop8_num":0,"c_price":1,"c_score":-99999,"b_price":40,"b_score":-2349,"a_price":100,"a_score":802,"s_price":330,"s_score":902,"ss_price":450,"ss_score":1247,"sss_price":560,"sss_score":1722,"add7_price":700,"add7_score":2183,"add8_price":870,"add8_score":2643,"add9_price":1100,"add9_score":3104,"add10_price":1,"add10_score":99998,"add11_price":1,"add11_score":99999,"cost":1,"chip_cost1":10,"chip_cost2":15,"chip_cost3":20,"chip_cost4":25,"break_num":15,"menu_chip_id":59038,"menu_chip_num":20},{"menu_id":20039,"menu_name":"姫様風マカロン","menu_quality":4,"cuisine":4,"cuisine_name":"スイーツ","colza":1,"colza_name":"可可","veg":1,"veg_name":"可可","menu_desc":"色とりどりの宝石はどれから食べるか目移りしちゃう。気分はもうお姫様！","menu_info":10,"color":221,"smell":203,"taste":135,"quantity":145,"shape":225,"sour":0,"sweet":5,"bitter":0,"spicy":0,"sault":0,"fresh":0,"prop1":800201,"group_id1":20,"prop1_num":2,"prop2":800321,"group_id2":32,"prop2_num":2,"prop3":0,"group_id3":0,"prop3_num":0,"prop4":0,"group_id4":0,"prop4_num":0,"prop5":0,"group_id5":0,"prop5_num":0,"prop6":0,"group_id6":0,"prop6_num":0,"prop7":0,"group_id7":0,"prop7_num":0,"prop8":0,"group_id8":0,"prop8_num":0,"c_price":1,"c_score":-99999,"b_price":46,"b_score":-2323,"a_price":116,"a_score":929,"s_price":366,"s_score":1029,"ss_price":516,"ss_score":1494,"sss_price":646,"sss_score":2100,"add7_price":816,"add7_score":2686,"add8_price":1026,"add8_score":3272,"add9_price":1316,"add9_score":3858,"add10_price":1,"add10_score":99998,"add11_price":1,"add11_score":99999,"cost":1,"chip_cost1":10,"chip_cost2":15,"chip_cost3":20,"chip_cost4":25,"break_num":20,"menu_chip_id":59039,"menu_chip_num":50},{"menu_id":20040,"menu_name":"旬果物のエッグタルト","menu_quality":3,"cuisine":4,"cuisine_name":"スイーツ","colza":1,"colza_name":"可可","veg":1,"veg_name":"可可","menu_desc":"旬の果物とともに焼き上げました。卵の甘味とタルトの食感をお楽しみください。","menu_info":9,"color":155,"smell":175,"taste":186,"quantity":100,"shape":182,"sour":0,"sweet":3,"bitter":0,"spicy":0,"sault":0,"fresh":0,"prop1":800291,"group_id1":29,"prop1_num":1,"prop2":800201,"group_id2":20,"prop2_num":1,"prop3":800441,"group_id3":44,"prop3_num":1,"prop4":0,"group_id4":0,"prop4_num":0,"prop5":0,"group_id5":0,"prop5_num":0,"prop6":0,"group_id6":0,"prop6_num":0,"prop7":0,"group_id7":0,"prop7_num":0,"prop8":0,"group_id8":0,"prop8_num":0,"c_price":1,"c_score":-99999,"b_price":22,"b_score":-2352,"a_price":57,"a_score":798,"s_price":287,"s_score":898,"ss_price":407,"ss_score":1242,"sss_price":517,"sss_score":1717,"add7_price":657,"add7_score":2176,"add8_price":827,"add8_score":2636,"add9_price":1057,"add9_score":3096,"add10_price":1,"add10_score":99998,"add11_price":1,"add11_score":99999,"cost":1,"chip_cost1":10,"chip_cost2":15,"chip_cost3":20,"chip_cost4":25,"break_num":15,"menu_chip_id":59040,"menu_chip_num":20},{"menu_id":20041,"menu_name":"カフェ・カプチーノ","menu_quality":2,"cuisine":5,"cuisine_name":"ドリンク","colza":1,"colza_name":"可可","veg":1,"veg_name":"可可","menu_desc":"マイルドに仕上げたカフェは、午後のひとときに欠かせません。","menu_info":8,"color":120,"smell":145,"taste":175,"quantity":115,"shape":115,"sour":0,"sweet":4,"bitter":0,"spicy":0,"sault":0,"fresh":0,"prop1":800441,"group_id1":44,"prop1_num":1,"prop2":800461,"group_id2":46,"prop2_num":1,"prop3":0,"group_id3":0,"prop3_num":0,"prop4":0,"group_id4":0,"prop4_num":0,"prop5":0,"group_id5":0,"prop5_num":0,"prop6":0,"group_id6":0,"prop6_num":0,"prop7":0,"group_id7":0,"prop7_num":0,"prop8":0,"group_id8":0,"prop8_num":0,"c_price":1,"c_score":-99999,"b_price":15,"b_score":-2301,"a_price":38,"a_score":670,"s_price":248,"s_score":770,"ss_price":338,"ss_score":994,"sss_price":428,"sss_score":1338,"add7_price":538,"add7_score":1672,"add8_price":668,"add8_score":2006,"add9_price":838,"add9_score":2340,"add10_price":1,"add10_score":99998,"add11_price":1,"add11_score":99999,"cost":1,"chip_cost1":10,"chip_cost2":15,"chip_cost3":20,"chip_cost4":25,"break_num":10,"menu_chip_id":59041,"menu_chip_num":10},{"menu_id":20042,"menu_name":"緑の抹茶スムージー","menu_quality":3,"cuisine":5,"cuisine_name":"ドリンク","colza":1,"colza_name":"可可","veg":1,"veg_name":"可可","menu_desc":"抹茶とリンゴ、バナナをすりつぶして仕上げたスムージー。ヘルシーです。","menu_info":9,"color":143,"smell":154,"taste":165,"quantity":168,"shape":165,"sour":0,"sweet":5,"bitter":0,"spicy":0,"sault":1,"fresh":0,"prop1":800401,"group_id1":40,"prop1_num":1,"prop2":800381,"group_id2":38,"prop2_num":1,"prop3":800261,"group_id3":26,"prop3_num":1,"prop4":800101,"group_id4":10,"prop4_num":1,"prop5":0,"group_id5":0,"prop5_num":0,"prop6":0,"group_id6":0,"prop6_num":0,"prop7":0,"group_id7":0,"prop7_num":0,"prop8":0,"group_id8":0,"prop8_num":0,"c_price":1,"c_score":-99999,"b_price":48,"b_score":-2274,"a_price":120,"a_score":795,"s_price":350,"s_score":895,"ss_price":470,"ss_score":1239,"sss_price":580,"sss_score":1713,"add7_price":720,"add7_score":2172,"add8_price":890,"add8_score":2631,"add9_price":1120,"add9_score":3090,"add10_price":1,"add10_score":99998,"add11_price":1,"add11_score":99999,"cost":1,"chip_cost1":10,"chip_cost2":15,"chip_cost3":20,"chip_cost4":25,"break_num":15,"menu_chip_id":59042,"menu_chip_num":20},{"menu_id":20043,"menu_name":"カフェモカ・マイルド","menu_quality":2,"cuisine":5,"cuisine_name":"ドリンク","colza":1,"colza_name":"可可","veg":1,"veg_name":"可可","menu_desc":"チョコレートの甘味がコーヒーの苦味のなかで際立ちます。","menu_info":8,"color":110,"smell":165,"taste":155,"quantity":125,"shape":115,"sour":0,"sweet":4,"bitter":0,"spicy":0,"sault":0,"fresh":0,"prop1":800481,"group_id1":48,"prop1_num":1,"prop2":800441,"group_id2":44,"prop2_num":1,"prop3":800461,"group_id3":46,"prop3_num":2,"prop4":0,"group_id4":0,"prop4_num":0,"prop5":0,"group_id5":0,"prop5_num":0,"prop6":0,"group_id6":0,"prop6_num":0,"prop7":0,"group_id7":0,"prop7_num":0,"prop8":0,"group_id8":0,"prop8_num":0,"c_price":1,"c_score":-99999,"b_price":26,"b_score":-2329,"a_price":66,"a_score":670,"s_price":276,"s_score":770,"ss_price":366,"ss_score":994,"sss_price":456,"sss_score":1338,"add7_price":566,"add7_score":1672,"add8_price":696,"add8_score":2006,"add9_price":866,"add9_score":2340,"add10_price":1,"add10_score":99998,"add11_price":1,"add11_score":99999,"cost":1,"chip_cost1":10,"chip_cost2":15,"chip_cost3":20,"chip_cost4":25,"break_num":10,"menu_chip_id":59043,"menu_chip_num":10},{"menu_id":20044,"menu_name":"フレッシュレモネード","menu_quality":2,"cuisine":5,"cuisine_name":"ドリンク","colza":1,"colza_name":"可可","veg":1,"veg_name":"可可","menu_desc":"爽やかな甘味と酸味が広がるレモネード。誰といっしょに飲みますか？","menu_info":8,"color":142,"smell":149,"taste":119,"quantity":123,"shape":139,"sour":5,"sweet":2,"bitter":0,"spicy":0,"sault":1,"fresh":4,"prop1":800311,"group_id1":31,"prop1_num":2,"prop2":0,"group_id2":0,"prop2_num":0,"prop3":0,"group_id3":0,"prop3_num":0,"prop4":0,"group_id4":0,"prop4_num":0,"prop5":0,"group_id5":0,"prop5_num":0,"prop6":0,"group_id6":0,"prop6_num":0,"prop7":0,"group_id7":0,"prop7_num":0,"prop8":0,"group_id8":0,"prop8_num":0,"c_price":1,"c_score":-99999,"b_price":34,"b_score":-2274,"a_price":86,"a_score":672,"s_price":296,"s_score":772,"ss_price":386,"ss_score":996,"sss_price":476,"sss_score":1340,"add7_price":586,"add7_score":1675,"add8_price":716,"add8_score":2009,"add9_price":886,"add9_score":2344,"add10_price":1,"add10_score":99998,"add11_price":1,"add11_score":99999,"cost":1,"chip_cost1":10,"chip_cost2":15,"chip_cost3":20,"chip_cost4":25,"break_num":10,"menu_chip_id":59044,"menu_chip_num":10},{"menu_id":20045,"menu_name":"レモンクリームソーダ","menu_quality":3,"cuisine":5,"cuisine_name":"ドリンク","colza":1,"colza_name":"可可","veg":1,"veg_name":"可可","menu_desc":"ソーダとアイスクリームが絶妙にマッチ！ウキウキする一品です。","menu_info":9,"color":164,"smell":154,"taste":150,"quantity":172,"shape":160,"sour":5,"sweet":3,"bitter":0,"spicy":0,"sault":0,"fresh":0,"prop1":800311,"group_id1":31,"prop1_num":1,"prop2":800411,"group_id2":41,"prop2_num":1,"prop3":0,"group_id3":0,"prop3_num":0,"prop4":0,"group_id4":0,"prop4_num":0,"prop5":0,"group_id5":0,"prop5_num":0,"prop6":0,"group_id6":0,"prop6_num":0,"prop7":0,"group_id7":0,"prop7_num":0,"prop8":0,"group_id8":0,"prop8_num":0,"c_price":1,"c_score":-99999,"b_price":35,"b_score":-2349,"a_price":88,"a_score":800,"s_price":318,"s_score":900,"ss_price":438,"ss_score":1245,"sss_price":548,"sss_score":1720,"add7_price":688,"add7_score":2180,"add8_price":858,"add8_score":2640,"add9_price":1088,"add9_score":3100,"add10_price":1,"add10_score":99998,"add11_price":1,"add11_score":99999,"cost":1,"chip_cost1":10,"chip_cost2":15,"chip_cost3":20,"chip_cost4":25,"break_num":15,"menu_chip_id":59045,"menu_chip_num":20},{"menu_id":20046,"menu_name":"バナナミルクセーキ","menu_quality":1,"cuisine":5,"cuisine_name":"ドリンク","colza":1,"colza_name":"可可","veg":1,"veg_name":"可可","menu_desc":"どこか懐かしい甘味。誰にも残る子供心がよみがえります。","menu_info":7,"color":115,"smell":123,"taste":122,"quantity":88,"shape":101,"sour":0,"sweet":3,"bitter":0,"spicy":0,"sault":0,"fresh":0,"prop1":800381,"group_id1":38,"prop1_num":1,"prop2":800441,"group_id2":44,"prop2_num":2,"prop3":0,"group_id3":0,"prop3_num":0,"prop4":0,"group_id4":0,"prop4_num":0,"prop5":0,"group_id5":0,"prop5_num":0,"prop6":0,"group_id6":0,"prop6_num":0,"prop7":0,"group_id7":0,"prop7_num":0,"prop8":0,"group_id8":0,"prop8_num":0,"c_price":1,"c_score":-99999,"b_price":18,"b_score":-2298,"a_price":47,"a_score":549,"s_price":237,"s_score":649,"ss_price":297,"ss_score":753,"sss_price":367,"sss_score":968,"add7_price":447,"add7_score":1178,"add8_price":537,"add8_score":1388,"add9_price":647,"add9_score":1598,"add10_price":1,"add10_score":99998,"add11_price":1,"add11_score":99999,"cost":1,"chip_cost1":10,"chip_cost2":15,"chip_cost3":20,"chip_cost4":25,"break_num":5,"menu_chip_id":59046,"menu_chip_num":5},{"menu_id":20047,"menu_name":"タピオカ苺ミルクティ","menu_quality":3,"cuisine":5,"cuisine_name":"ドリンク","colza":1,"colza_name":"可可","veg":1,"veg_name":"可可","menu_desc":"ストロベリーティをベースにタピオカの食感がとっても楽しい一品です。","menu_info":9,"color":162,"smell":165,"taste":172,"quantity":160,"shape":144,"sour":1,"sweet":4,"bitter":0,"spicy":0,"sault":0,"fresh":0,"prop1":800331,"group_id1":33,"prop1_num":1,"prop2":800361,"group_id2":36,"prop2_num":1,"prop3":800451,"group_id3":45,"prop3_num":1,"prop4":0,"group_id4":0,"prop4_num":0,"prop5":0,"group_id5":0,"prop5_num":0,"prop6":0,"group_id6":0,"prop6_num":0,"prop7":0,"group_id7":0,"prop7_num":0,"prop8":0,"group_id8":0,"prop8_num":0,"c_price":1,"c_score":-99999,"b_price":32,"b_score":-2326,"a_price":82,"a_score":803,"s_price":312,"s_score":903,"ss_price":432,"ss_score":1248,"sss_price":542,"sss_score":1724,"add7_price":682,"add7_score":2184,"add8_price":852,"add8_score":2645,"add9_price":1082,"add9_score":3106,"add10_price":1,"add10_score":99998,"add11_price":1,"add11_score":99999,"cost":1,"chip_cost1":10,"chip_cost2":15,"chip_cost3":20,"chip_cost4":25,"break_num":15,"menu_chip_id":59047,"menu_chip_num":20},{"menu_id":20048,"menu_name":"懐かしひやし飴","menu_quality":1,"cuisine":5,"cuisine_name":"ドリンク","colza":1,"colza_name":"可可","veg":1,"veg_name":"可可","menu_desc":"水飴と生姜を溶かして仕上げたひやし飴。懐かしさが溢れます。","menu_info":7,"color":85,"smell":135,"taste":113,"quantity":120,"shape":97,"sour":1,"sweet":2,"bitter":0,"spicy":0,"sault":1,"fresh":0,"prop1":800391,"group_id1":39,"prop1_num":4,"prop2":0,"group_id2":0,"prop2_num":0,"prop3":0,"group_id3":0,"prop3_num":0,"prop4":0,"group_id4":0,"prop4_num":0,"prop5":0,"group_id5":0,"prop5_num":0,"prop6":0,"group_id6":0,"prop6_num":0,"prop7":0,"group_id7":0,"prop7_num":0,"prop8":0,"group_id8":0,"prop8_num":0,"c_price":1,"c_score":-99999,"b_price":47,"b_score":-2300,"a_price":118,"a_score":550,"s_price":308,"s_score":650,"ss_price":368,"ss_score":755,"sss_price":438,"sss_score":970,"add7_price":518,"add7_score":1180,"add8_price":608,"add8_score":1390,"add9_price":718,"add9_score":1600,"add10_price":1,"add10_score":99998,"add11_price":1,"add11_score":99999,"cost":1,"chip_cost1":10,"chip_cost2":15,"chip_cost3":20,"chip_cost4":25,"break_num":5,"menu_chip_id":59048,"menu_chip_num":5},{"menu_id":20049,"menu_name":"白玉抹茶ラテ","menu_quality":4,"cuisine":5,"cuisine_name":"ドリンク","colza":1,"colza_name":"可可","veg":1,"veg_name":"可可","menu_desc":"抹茶ラテに白玉をトッピング！もちもちの白玉をお楽しみください。","menu_info":10,"color":219,"smell":149,"taste":185,"quantity":180,"shape":197,"sour":0,"sweet":4,"bitter":0,"spicy":0,"sault":1,"fresh":0,"prop1":800401,"group_id1":40,"prop1_num":2,"prop2":800441,"group_id2":44,"prop2_num":1,"prop3":800301,"group_id3":30,"prop3_num":1,"prop4":0,"group_id4":0,"prop4_num":0,"prop5":0,"group_id5":0,"prop5_num":0,"prop6":0,"group_id6":0,"prop6_num":0,"prop7":0,"group_id7":0,"prop7_num":0,"prop8":0,"group_id8":0,"prop8_num":0,"c_price":1,"c_score":-99999,"b_price":61,"b_score":-2322,"a_price":154,"a_score":930,"s_price":404,"s_score":1030,"ss_price":554,"ss_score":1496,"sss_price":684,"sss_score":2102,"add7_price":854,"add7_score":2688,"add8_price":1064,"add8_score":3274,"add9_price":1354,"add9_score":3860,"add10_price":1,"add10_score":99998,"add11_price":1,"add11_score":99999,"cost":1,"chip_cost1":10,"chip_cost2":15,"chip_cost3":20,"chip_cost4":25,"break_num":20,"menu_chip_id":59049,"menu_chip_num":50},{"menu_id":20050,"menu_name":"王様のフラッぺ","menu_quality":4,"cuisine":5,"cuisine_name":"ドリンク","colza":1,"colza_name":"可可","veg":1,"veg_name":"可可","menu_desc":"フルーツとクリームいっぱいのまさしく王様仕様。SNS映えしちゃいます！","menu_info":10,"color":206,"smell":128,"taste":169,"quantity":232,"shape":189,"sour":0,"sweet":5,"bitter":0,"spicy":0,"sault":0,"fresh":0,"prop1":800261,"group_id1":26,"prop1_num":1,"prop2":800361,"group_id2":36,"prop2_num":1,"prop3":800491,"group_id3":49,"prop3_num":1,"prop4":800451,"group_id4":45,"prop4_num":2,"prop5":0,"group_id5":0,"prop5_num":0,"prop6":0,"group_id6":0,"prop6_num":0,"prop7":0,"group_id7":0,"prop7_num":0,"prop8":0,"group_id8":0,"prop8_num":0,"c_price":1,"c_score":-99999,"b_price":46,"b_score":-2352,"a_price":116,"a_score":924,"s_price":366,"s_score":1024,"ss_price":516,"ss_score":1488,"sss_price":646,"sss_score":2093,"add7_price":816,"add7_score":2678,"add8_price":1026,"add8_score":3263,"add9_price":1316,"add9_score":3848,"add10_price":1,"add10_score":99998,"add11_price":1,"add11_score":99999,"cost":1,"chip_cost1":10,"chip_cost2":15,"chip_cost3":20,"chip_cost4":25,"break_num":20,"menu_chip_id":59050,"menu_chip_num":50}]