[{"menu_level":1,"menu_exp":1},{"menu_level":2,"menu_exp":1},{"menu_level":3,"menu_exp":1},{"menu_level":4,"menu_exp":1},{"menu_level":5,"menu_exp":1},{"menu_level":6,"menu_exp":2},{"menu_level":7,"menu_exp":2},{"menu_level":8,"menu_exp":2},{"menu_level":9,"menu_exp":2},{"menu_level":10,"menu_exp":2},{"menu_level":11,"menu_exp":3},{"menu_level":12,"menu_exp":3},{"menu_level":13,"menu_exp":3},{"menu_level":14,"menu_exp":3},{"menu_level":15,"menu_exp":3},{"menu_level":16,"menu_exp":4},{"menu_level":17,"menu_exp":4},{"menu_level":18,"menu_exp":4},{"menu_level":19,"menu_exp":4},{"menu_level":20,"menu_exp":4},{"menu_level":21,"menu_exp":5},{"menu_level":22,"menu_exp":5},{"menu_level":23,"menu_exp":5},{"menu_level":24,"menu_exp":5},{"menu_level":25,"menu_exp":5},{"menu_level":26,"menu_exp":6},{"menu_level":27,"menu_exp":6},{"menu_level":28,"menu_exp":6},{"menu_level":29,"menu_exp":6},{"menu_level":30,"menu_exp":6},{"menu_level":31,"menu_exp":7},{"menu_level":32,"menu_exp":7},{"menu_level":33,"menu_exp":7},{"menu_level":34,"menu_exp":7},{"menu_level":35,"menu_exp":7},{"menu_level":36,"menu_exp":8},{"menu_level":37,"menu_exp":8},{"menu_level":38,"menu_exp":8},{"menu_level":39,"menu_exp":8},{"menu_level":40,"menu_exp":8},{"menu_level":41,"menu_exp":9},{"menu_level":42,"menu_exp":9},{"menu_level":43,"menu_exp":9},{"menu_level":44,"menu_exp":9},{"menu_level":45,"menu_exp":9},{"menu_level":46,"menu_exp":10},{"menu_level":47,"menu_exp":10},{"menu_level":48,"menu_exp":10},{"menu_level":49,"menu_exp":10},{"menu_level":50,"menu_exp":10},{"menu_level":51,"menu_exp":11},{"menu_level":52,"menu_exp":11},{"menu_level":53,"menu_exp":11},{"menu_level":54,"menu_exp":11},{"menu_level":55,"menu_exp":11},{"menu_level":56,"menu_exp":12},{"menu_level":57,"menu_exp":12},{"menu_level":58,"menu_exp":12},{"menu_level":59,"menu_exp":12},{"menu_level":60,"menu_exp":12},{"menu_level":61,"menu_exp":13},{"menu_level":62,"menu_exp":13},{"menu_level":63,"menu_exp":13},{"menu_level":64,"menu_exp":13},{"menu_level":65,"menu_exp":13},{"menu_level":66,"menu_exp":14},{"menu_level":67,"menu_exp":14},{"menu_level":68,"menu_exp":14},{"menu_level":69,"menu_exp":14},{"menu_level":70,"menu_exp":14},{"menu_level":71,"menu_exp":15},{"menu_level":72,"menu_exp":15},{"menu_level":73,"menu_exp":15},{"menu_level":74,"menu_exp":15},{"menu_level":75,"menu_exp":15},{"menu_level":76,"menu_exp":16},{"menu_level":77,"menu_exp":16},{"menu_level":78,"menu_exp":16},{"menu_level":79,"menu_exp":16},{"menu_level":80,"menu_exp":16},{"menu_level":81,"menu_exp":17},{"menu_level":82,"menu_exp":17},{"menu_level":83,"menu_exp":17},{"menu_level":84,"menu_exp":17},{"menu_level":85,"menu_exp":17},{"menu_level":86,"menu_exp":18},{"menu_level":87,"menu_exp":18},{"menu_level":88,"menu_exp":18},{"menu_level":89,"menu_exp":18},{"menu_level":90,"menu_exp":18},{"menu_level":91,"menu_exp":19},{"menu_level":92,"menu_exp":19},{"menu_level":93,"menu_exp":19},{"menu_level":94,"menu_exp":19},{"menu_level":95,"menu_exp":19},{"menu_level":96,"menu_exp":20},{"menu_level":97,"menu_exp":20},{"menu_level":98,"menu_exp":20},{"menu_level":99,"menu_exp":20},{"menu_level":100,"menu_exp":-1}]