[{"shop_id":1,"res_level":1,"player_level":1,"gift_id":1001,"gift_icon_id":4,"gift_name":"R食材セット","price":1000000,"item_type1":5,"item_id1":50018,"item_number1":1,"item_type2":0,"item_id2":0,"item_number2":0,"item_type3":0,"item_id3":0,"item_number3":0,"item_type4":0,"item_id4":0,"item_number4":0,"item_type5":0,"item_id5":0,"item_number5":0,"times_type":2,"times":1,"dailyItem_type1":0,"dailyItem_id1":0,"dailyItem_num1":0},{"shop_id":1,"res_level":1,"player_level":1,"gift_id":1002,"gift_icon_id":1,"gift_name":"Rれしぴブック","price":200000,"item_type1":5,"item_id1":50002,"item_number1":1,"item_type2":0,"item_id2":0,"item_number2":0,"item_type3":0,"item_id3":0,"item_number3":0,"item_type4":0,"item_id4":0,"item_number4":0,"item_type5":0,"item_id5":0,"item_number5":0,"times_type":1,"times":5,"dailyItem_type1":0,"dailyItem_id1":0,"dailyItem_num1":0},{"shop_id":1,"res_level":1,"player_level":1,"gift_id":1003,"gift_icon_id":7,"gift_name":"やる気UPミニ","price":1000000,"item_type1":5,"item_id1":50021,"item_number1":5,"item_type2":5,"item_id2":50022,"item_number2":5,"item_type3":0,"item_id3":0,"item_number3":0,"item_type4":0,"item_id4":0,"item_number4":0,"item_type5":0,"item_id5":0,"item_number5":0,"times_type":1,"times":1,"dailyItem_type1":0,"dailyItem_id1":0,"dailyItem_num1":0},{"shop_id":1,"res_level":1,"player_level":1,"gift_id":1004,"gift_icon_id":10,"gift_name":"ごほうびセット","price":2000000,"item_type1":5,"item_id1":50011,"item_number1":5,"item_type2":5,"item_id2":50016,"item_number2":5,"item_type3":0,"item_id3":0,"item_number3":0,"item_type4":0,"item_id4":0,"item_number4":0,"item_type5":0,"item_id5":0,"item_number5":0,"times_type":1,"times":1,"dailyItem_type1":0,"dailyItem_id1":0,"dailyItem_num1":0},{"shop_id":1,"res_level":1,"player_level":1,"gift_id":1005,"gift_icon_id":11,"gift_name":"スキル缶セット","price":1200000,"item_type1":5,"item_id1":50023,"item_number1":10,"item_type2":0,"item_id2":0,"item_number2":0,"item_type3":0,"item_id3":0,"item_number3":0,"item_type4":0,"item_id4":0,"item_number4":0,"item_type5":0,"item_id5":0,"item_number5":0,"times_type":1,"times":1,"dailyItem_type1":0,"dailyItem_id1":0,"dailyItem_num1":0},{"shop_id":1,"res_level":1,"player_level":1,"gift_id":1006,"gift_icon_id":12,"gift_name":"広告コイン","price":1200000,"item_type1":5,"item_id1":9,"item_number1":100,"item_type2":0,"item_id2":0,"item_number2":0,"item_type3":0,"item_id3":0,"item_number3":0,"item_type4":0,"item_id4":0,"item_number4":0,"item_type5":0,"item_id5":0,"item_number5":0,"times_type":1,"times":1,"dailyItem_type1":0,"dailyItem_id1":0,"dailyItem_num1":0},{"shop_id":1,"res_level":15,"player_level":150,"gift_id":1007,"gift_icon_id":17,"gift_name":"和食ギフト","price":1500000,"item_type1":5,"item_id1":59001,"item_number1":1,"item_type2":5,"item_id2":59008,"item_number2":1,"item_type3":0,"item_id3":0,"item_number3":0,"item_type4":0,"item_id4":0,"item_number4":0,"item_type5":0,"item_id5":0,"item_number5":0,"times_type":1,"times":1,"dailyItem_type1":0,"dailyItem_id1":0,"dailyItem_num1":0},{"shop_id":1,"res_level":15,"player_level":150,"gift_id":1008,"gift_icon_id":18,"gift_name":"洋食ギフト","price":1500000,"item_type1":5,"item_id1":59011,"item_number1":1,"item_type2":5,"item_id2":59015,"item_number2":1,"item_type3":0,"item_id3":0,"item_number3":0,"item_type4":0,"item_id4":0,"item_number4":0,"item_type5":0,"item_id5":0,"item_number5":0,"times_type":1,"times":1,"dailyItem_type1":0,"dailyItem_id1":0,"dailyItem_num1":0},{"shop_id":1,"res_level":15,"player_level":150,"gift_id":1009,"gift_icon_id":19,"gift_name":"エスニックギフト","price":1500000,"item_type1":5,"item_id1":59025,"item_number1":1,"item_type2":5,"item_id2":59027,"item_number2":1,"item_type3":0,"item_id3":0,"item_number3":0,"item_type4":0,"item_id4":0,"item_number4":0,"item_type5":0,"item_id5":0,"item_number5":0,"times_type":1,"times":1,"dailyItem_type1":0,"dailyItem_id1":0,"dailyItem_num1":0},{"shop_id":1,"res_level":15,"player_level":150,"gift_id":1010,"gift_icon_id":20,"gift_name":"スイーツギフト","price":1500000,"item_type1":5,"item_id1":59037,"item_number1":1,"item_type2":5,"item_id2":59039,"item_number2":1,"item_type3":0,"item_id3":0,"item_number3":0,"item_type4":0,"item_id4":0,"item_number4":0,"item_type5":0,"item_id5":0,"item_number5":0,"times_type":1,"times":1,"dailyItem_type1":0,"dailyItem_id1":0,"dailyItem_num1":0},{"shop_id":1,"res_level":15,"player_level":150,"gift_id":1011,"gift_icon_id":21,"gift_name":"ドリンクギフト","price":1500000,"item_type1":5,"item_id1":59049,"item_number1":1,"item_type2":5,"item_id2":59050,"item_number2":1,"item_type3":0,"item_id3":0,"item_number3":0,"item_type4":0,"item_id4":0,"item_number4":0,"item_type5":0,"item_id5":0,"item_number5":0,"times_type":1,"times":1,"dailyItem_type1":0,"dailyItem_id1":0,"dailyItem_num1":0},{"shop_id":1,"res_level":1,"player_level":1,"gift_id":1012,"gift_icon_id":34,"gift_name":"クッキーセット","price":2000000,"item_type1":5,"item_id1":50024,"item_number1":70,"item_type2":0,"item_id2":0,"item_number2":0,"item_type3":0,"item_id3":0,"item_number3":0,"item_type4":0,"item_id4":0,"item_number4":0,"item_type5":0,"item_id5":0,"item_number5":0,"times_type":1,"times":1,"dailyItem_type1":0,"dailyItem_id1":0,"dailyItem_num1":0},{"shop_id":3,"res_level":1,"player_level":1,"gift_id":2001,"gift_icon_id":15,"gift_name":"ガチャ券","price":288,"item_type1":5,"item_id1":50001,"item_number1":1,"item_type2":5,"item_id2":1,"item_number2":100000,"item_type3":0,"item_id3":0,"item_number3":0,"item_type4":0,"item_id4":0,"item_number4":0,"item_type5":0,"item_id5":0,"item_number5":0,"times_type":1,"times":20,"dailyItem_type1":0,"dailyItem_id1":0,"dailyItem_num1":0},{"shop_id":3,"res_level":1,"player_level":1,"gift_id":2002,"gift_icon_id":16,"gift_name":"ガチャ券11枚","price":2500,"item_type1":5,"item_id1":50001,"item_number1":11,"item_type2":5,"item_id2":1,"item_number2":1000000,"item_type3":0,"item_id3":0,"item_number3":0,"item_type4":0,"item_id4":0,"item_number4":0,"item_type5":0,"item_id5":0,"item_number5":0,"times_type":1,"times":3,"dailyItem_type1":0,"dailyItem_id1":0,"dailyItem_num1":0},{"shop_id":3,"res_level":1,"player_level":1,"gift_id":2003,"gift_icon_id":13,"gift_name":"大入ゴールド","price":100,"item_type1":5,"item_id1":1,"item_number1":1000000,"item_type2":0,"item_id2":0,"item_number2":0,"item_type3":0,"item_id3":0,"item_number3":0,"item_type4":0,"item_id4":0,"item_number4":0,"item_type5":0,"item_id5":0,"item_number5":0,"times_type":1,"times":999,"dailyItem_type1":0,"dailyItem_id1":0,"dailyItem_num1":0},{"shop_id":3,"res_level":1,"player_level":1,"gift_id":2004,"gift_icon_id":5,"gift_name":"SR食材セット","price":888,"item_type1":5,"item_id1":50019,"item_number1":1,"item_type2":0,"item_id2":0,"item_number2":0,"item_type3":0,"item_id3":0,"item_number3":0,"item_type4":0,"item_id4":0,"item_number4":0,"item_type5":0,"item_id5":0,"item_number5":0,"times_type":2,"times":1,"dailyItem_type1":0,"dailyItem_id1":0,"dailyItem_num1":0},{"shop_id":3,"res_level":1,"player_level":1,"gift_id":2005,"gift_icon_id":2,"gift_name":"SRれしぴブック","price":328,"item_type1":5,"item_id1":50003,"item_number1":1,"item_type2":0,"item_id2":0,"item_number2":0,"item_type3":0,"item_id3":0,"item_number3":0,"item_type4":0,"item_id4":0,"item_number4":0,"item_type5":0,"item_id5":0,"item_number5":0,"times_type":1,"times":999,"dailyItem_type1":0,"dailyItem_id1":0,"dailyItem_num1":0},{"shop_id":3,"res_level":1,"player_level":1,"gift_id":2006,"gift_icon_id":3,"gift_name":"URれしぴブック","price":1288,"item_type1":5,"item_id1":50004,"item_number1":1,"item_type2":0,"item_id2":0,"item_number2":0,"item_type3":0,"item_id3":0,"item_number3":0,"item_type4":0,"item_id4":0,"item_number4":0,"item_type5":0,"item_id5":0,"item_number5":0,"times_type":1,"times":999,"dailyItem_type1":0,"dailyItem_id1":0,"dailyItem_num1":0},{"shop_id":3,"res_level":1,"player_level":1,"gift_id":2007,"gift_icon_id":8,"gift_name":"やる気UPセット","price":288,"item_type1":5,"item_id1":50021,"item_number1":15,"item_type2":5,"item_id2":50022,"item_number2":15,"item_type3":0,"item_id3":0,"item_number3":0,"item_type4":0,"item_id4":0,"item_number4":0,"item_type5":0,"item_id5":0,"item_number5":0,"times_type":1,"times":999,"dailyItem_type1":0,"dailyItem_id1":0,"dailyItem_num1":0},{"shop_id":3,"res_level":1,"player_level":1,"gift_id":2008,"gift_icon_id":11,"gift_name":"スキル缶セット","price":120,"item_type1":5,"item_id1":50023,"item_number1":10,"item_type2":0,"item_id2":0,"item_number2":0,"item_type3":0,"item_id3":0,"item_number3":0,"item_type4":0,"item_id4":0,"item_number4":0,"item_type5":0,"item_id5":0,"item_number5":0,"times_type":1,"times":999,"dailyItem_type1":0,"dailyItem_id1":0,"dailyItem_num1":0},{"shop_id":3,"res_level":1,"player_level":1,"gift_id":2009,"gift_icon_id":14,"gift_name":"装飾コイン","price":120,"item_type1":5,"item_id1":7,"item_number1":100,"item_type2":0,"item_id2":0,"item_number2":0,"item_type3":0,"item_id3":0,"item_number3":0,"item_type4":0,"item_id4":0,"item_number4":0,"item_type5":0,"item_id5":0,"item_number5":0,"times_type":1,"times":999,"dailyItem_type1":0,"dailyItem_id1":0,"dailyItem_num1":0},{"shop_id":3,"res_level":1,"player_level":1,"gift_id":2010,"gift_icon_id":12,"gift_name":"広告コイン","price":120,"item_type1":5,"item_id1":9,"item_number1":100,"item_type2":0,"item_id2":0,"item_number2":0,"item_type3":0,"item_id3":0,"item_number3":0,"item_type4":0,"item_id4":0,"item_number4":0,"item_type5":0,"item_id5":0,"item_number5":0,"times_type":1,"times":5,"dailyItem_type1":0,"dailyItem_id1":0,"dailyItem_num1":0},{"shop_id":3,"res_level":15,"player_level":1,"gift_id":2011,"gift_icon_id":17,"gift_name":"和食ギフト","price":128,"item_type1":5,"item_id1":59001,"item_number1":1,"item_type2":5,"item_id2":59008,"item_number2":1,"item_type3":0,"item_id3":0,"item_number3":0,"item_type4":0,"item_id4":0,"item_number4":0,"item_type5":0,"item_id5":0,"item_number5":0,"times_type":1,"times":1,"dailyItem_type1":0,"dailyItem_id1":0,"dailyItem_num1":0},{"shop_id":3,"res_level":15,"player_level":1,"gift_id":2012,"gift_icon_id":18,"gift_name":"洋食ギフト","price":128,"item_type1":5,"item_id1":59011,"item_number1":1,"item_type2":5,"item_id2":59015,"item_number2":1,"item_type3":0,"item_id3":0,"item_number3":0,"item_type4":0,"item_id4":0,"item_number4":0,"item_type5":0,"item_id5":0,"item_number5":0,"times_type":1,"times":1,"dailyItem_type1":0,"dailyItem_id1":0,"dailyItem_num1":0},{"shop_id":3,"res_level":15,"player_level":1,"gift_id":2013,"gift_icon_id":19,"gift_name":"エスニックギフト","price":128,"item_type1":5,"item_id1":59025,"item_number1":1,"item_type2":5,"item_id2":59027,"item_number2":1,"item_type3":0,"item_id3":0,"item_number3":0,"item_type4":0,"item_id4":0,"item_number4":0,"item_type5":0,"item_id5":0,"item_number5":0,"times_type":1,"times":1,"dailyItem_type1":0,"dailyItem_id1":0,"dailyItem_num1":0},{"shop_id":3,"res_level":15,"player_level":1,"gift_id":2014,"gift_icon_id":20,"gift_name":"スイーツギフト","price":128,"item_type1":5,"item_id1":59037,"item_number1":1,"item_type2":5,"item_id2":59039,"item_number2":1,"item_type3":0,"item_id3":0,"item_number3":0,"item_type4":0,"item_id4":0,"item_number4":0,"item_type5":0,"item_id5":0,"item_number5":0,"times_type":1,"times":1,"dailyItem_type1":0,"dailyItem_id1":0,"dailyItem_num1":0},{"shop_id":3,"res_level":15,"player_level":1,"gift_id":2015,"gift_icon_id":21,"gift_name":"ドリンクギフト","price":128,"item_type1":5,"item_id1":59049,"item_number1":1,"item_type2":5,"item_id2":59050,"item_number2":1,"item_type3":0,"item_id3":0,"item_number3":0,"item_type4":0,"item_id4":0,"item_number4":0,"item_type5":0,"item_id5":0,"item_number5":0,"times_type":1,"times":1,"dailyItem_type1":0,"dailyItem_id1":0,"dailyItem_num1":0},{"shop_id":3,"res_level":1,"player_level":1,"gift_id":2016,"gift_icon_id":34,"gift_name":"クッキー","price":168,"item_type1":5,"item_id1":50024,"item_number1":100,"item_type2":0,"item_id2":0,"item_number2":0,"item_type3":0,"item_id3":0,"item_number3":0,"item_type4":0,"item_id4":0,"item_number4":0,"item_type5":0,"item_id5":0,"item_number5":0,"times_type":1,"times":1,"dailyItem_type1":0,"dailyItem_id1":0,"dailyItem_num1":0},{"shop_id":2,"res_level":1,"player_level":1,"gift_id":3001,"gift_icon_id":27,"gift_name":"月間プレミア","price":288,"item_type1":5,"item_id1":3,"item_number1":300,"item_type2":0,"item_id2":0,"item_number2":0,"item_type3":0,"item_id3":0,"item_number3":0,"item_type4":0,"item_id4":0,"item_number4":0,"item_type5":0,"item_id5":0,"item_number5":0,"times_type":3,"times":1,"dailyItem_type1":5,"dailyItem_id1":3,"dailyItem_num1":70},{"shop_id":2,"res_level":1,"player_level":1,"gift_id":3002,"gift_icon_id":28,"gift_name":"週間プレミア","price":328,"item_type1":5,"item_id1":3,"item_number1":300,"item_type2":0,"item_id2":0,"item_number2":0,"item_type3":0,"item_id3":0,"item_number3":0,"item_type4":0,"item_id4":0,"item_number4":0,"item_type5":0,"item_id5":0,"item_number5":0,"times_type":4,"times":1,"dailyItem_type1":5,"dailyItem_id1":3,"dailyItem_num1":260},{"shop_id":2,"res_level":1,"player_level":1,"gift_id":3011,"gift_icon_id":29,"gift_name":"はじめてセット","price":10,"item_type1":5,"item_id1":50011,"item_number1":5,"item_type2":5,"item_id2":50016,"item_number2":5,"item_type3":5,"item_id3":1,"item_number3":880000,"item_type4":0,"item_id4":0,"item_number4":0,"item_type5":0,"item_id5":0,"item_number5":0,"times_type":1,"times":1,"dailyItem_type1":0,"dailyItem_id1":0,"dailyItem_num1":0},{"shop_id":2,"res_level":1,"player_level":1,"gift_id":3012,"gift_icon_id":30,"gift_name":"中級セット","price":60,"item_type1":5,"item_id1":50023,"item_number1":10,"item_type2":5,"item_id2":50011,"item_number2":5,"item_type3":5,"item_id3":50016,"item_number3":5,"item_type4":5,"item_id4":1,"item_number4":1880000,"item_type5":0,"item_id5":0,"item_number5":0,"times_type":1,"times":2,"dailyItem_type1":0,"dailyItem_id1":0,"dailyItem_num1":0},{"shop_id":2,"res_level":1,"player_level":1,"gift_id":3013,"gift_icon_id":31,"gift_name":"高級セット","price":300,"item_type1":5,"item_id1":50006,"item_number1":50,"item_type2":5,"item_id2":50023,"item_number2":10,"item_type3":5,"item_id3":50012,"item_number3":5,"item_type4":5,"item_id4":50017,"item_number4":5,"item_type5":5,"item_id5":1,"item_number5":2880000,"times_type":1,"times":5,"dailyItem_type1":0,"dailyItem_id1":0,"dailyItem_num1":0},{"shop_id":2,"res_level":1,"player_level":1,"gift_id":3014,"gift_icon_id":15,"gift_name":"ガチャ券","price":250,"item_type1":5,"item_id1":50001,"item_number1":1,"item_type2":5,"item_id2":1,"item_number2":100000,"item_type3":0,"item_id3":0,"item_number3":0,"item_type4":0,"item_id4":0,"item_number4":0,"item_type5":0,"item_id5":0,"item_number5":0,"times_type":1,"times":999,"dailyItem_type1":0,"dailyItem_id1":0,"dailyItem_num1":0},{"shop_id":2,"res_level":1,"player_level":1,"gift_id":3015,"gift_icon_id":16,"gift_name":"ガチャ券11枚","price":2500,"item_type1":5,"item_id1":50001,"item_number1":11,"item_type2":5,"item_id2":1,"item_number2":1000000,"item_type3":0,"item_id3":0,"item_number3":0,"item_type4":0,"item_id4":0,"item_number4":0,"item_type5":0,"item_id5":0,"item_number5":0,"times_type":1,"times":999,"dailyItem_type1":0,"dailyItem_id1":0,"dailyItem_num1":0},{"shop_id":2,"res_level":1,"player_level":1,"gift_id":3016,"gift_icon_id":13,"gift_name":"ざくさくゴールド","price":100,"item_type1":5,"item_id1":1,"item_number1":1280000,"item_type2":0,"item_id2":0,"item_number2":0,"item_type3":0,"item_id3":0,"item_number3":0,"item_type4":0,"item_id4":0,"item_number4":0,"item_type5":0,"item_id5":0,"item_number5":0,"times_type":1,"times":999,"dailyItem_type1":0,"dailyItem_id1":0,"dailyItem_num1":0},{"shop_id":2,"res_level":1,"player_level":1,"gift_id":3017,"gift_icon_id":5,"gift_name":"SR食材セット","price":490,"item_type1":5,"item_id1":50019,"item_number1":1,"item_type2":0,"item_id2":0,"item_number2":0,"item_type3":0,"item_id3":0,"item_number3":0,"item_type4":0,"item_id4":0,"item_number4":0,"item_type5":0,"item_id5":0,"item_number5":0,"times_type":1,"times":999,"dailyItem_type1":0,"dailyItem_id1":0,"dailyItem_num1":0},{"shop_id":2,"res_level":1,"player_level":1,"gift_id":3018,"gift_icon_id":2,"gift_name":"SRれしぴブック","price":165,"item_type1":5,"item_id1":50003,"item_number1":1,"item_type2":0,"item_id2":0,"item_number2":0,"item_type3":0,"item_id3":0,"item_number3":0,"item_type4":0,"item_id4":0,"item_number4":0,"item_type5":0,"item_id5":0,"item_number5":0,"times_type":1,"times":999,"dailyItem_type1":0,"dailyItem_id1":0,"dailyItem_num1":0},{"shop_id":2,"res_level":1,"player_level":1,"gift_id":3019,"gift_icon_id":3,"gift_name":"URれしぴブック","price":630,"item_type1":5,"item_id1":50004,"item_number1":1,"item_type2":0,"item_id2":0,"item_number2":0,"item_type3":0,"item_id3":0,"item_number3":0,"item_type4":0,"item_id4":0,"item_number4":0,"item_type5":0,"item_id5":0,"item_number5":0,"times_type":1,"times":999,"dailyItem_type1":0,"dailyItem_id1":0,"dailyItem_num1":0},{"shop_id":2,"res_level":1,"player_level":1,"gift_id":3020,"gift_icon_id":9,"gift_name":"やる気UPセット","price":268,"item_type1":5,"item_id1":50021,"item_number1":15,"item_type2":5,"item_id2":50022,"item_number2":15,"item_type3":0,"item_id3":0,"item_number3":0,"item_type4":0,"item_id4":0,"item_number4":0,"item_type5":0,"item_id5":0,"item_number5":0,"times_type":1,"times":999,"dailyItem_type1":0,"dailyItem_id1":0,"dailyItem_num1":0},{"shop_id":2,"res_level":1,"player_level":1,"gift_id":3021,"gift_icon_id":11,"gift_name":"スキル缶セット","price":100,"item_type1":5,"item_id1":50023,"item_number1":10,"item_type2":0,"item_id2":0,"item_number2":0,"item_type3":0,"item_id3":0,"item_number3":0,"item_type4":0,"item_id4":0,"item_number4":0,"item_type5":0,"item_id5":0,"item_number5":0,"times_type":1,"times":999,"dailyItem_type1":0,"dailyItem_id1":0,"dailyItem_num1":0},{"shop_id":2,"res_level":1,"player_level":1,"gift_id":3022,"gift_icon_id":14,"gift_name":"装飾コイン","price":100,"item_type1":5,"item_id1":7,"item_number1":100,"item_type2":0,"item_id2":0,"item_number2":0,"item_type3":0,"item_id3":0,"item_number3":0,"item_type4":0,"item_id4":0,"item_number4":0,"item_type5":0,"item_id5":0,"item_number5":0,"times_type":1,"times":999,"dailyItem_type1":0,"dailyItem_id1":0,"dailyItem_num1":0},{"shop_id":2,"res_level":1,"player_level":1,"gift_id":3023,"gift_icon_id":12,"gift_name":"広告コイン","price":100,"item_type1":5,"item_id1":9,"item_number1":100,"item_type2":0,"item_id2":0,"item_number2":0,"item_type3":0,"item_id3":0,"item_number3":0,"item_type4":0,"item_id4":0,"item_number4":0,"item_type5":0,"item_id5":0,"item_number5":0,"times_type":1,"times":999,"dailyItem_type1":0,"dailyItem_id1":0,"dailyItem_num1":0},{"shop_id":2,"res_level":1,"player_level":1,"gift_id":3024,"gift_icon_id":22,"gift_name":"和食ギフト","price":910,"item_type1":5,"item_id1":59001,"item_number1":20,"item_type2":5,"item_id2":59008,"item_number2":20,"item_type3":0,"item_id3":0,"item_number3":0,"item_type4":0,"item_id4":0,"item_number4":0,"item_type5":0,"item_id5":0,"item_number5":0,"times_type":1,"times":999,"dailyItem_type1":0,"dailyItem_id1":0,"dailyItem_num1":0},{"shop_id":2,"res_level":1,"player_level":1,"gift_id":3025,"gift_icon_id":23,"gift_name":"洋食ギフト","price":910,"item_type1":5,"item_id1":59011,"item_number1":20,"item_type2":5,"item_id2":59015,"item_number2":20,"item_type3":0,"item_id3":0,"item_number3":0,"item_type4":0,"item_id4":0,"item_number4":0,"item_type5":0,"item_id5":0,"item_number5":0,"times_type":1,"times":999,"dailyItem_type1":0,"dailyItem_id1":0,"dailyItem_num1":0},{"shop_id":2,"res_level":1,"player_level":1,"gift_id":3026,"gift_icon_id":24,"gift_name":"エスニックギフト","price":910,"item_type1":5,"item_id1":59025,"item_number1":20,"item_type2":5,"item_id2":59027,"item_number2":20,"item_type3":0,"item_id3":0,"item_number3":0,"item_type4":0,"item_id4":0,"item_number4":0,"item_type5":0,"item_id5":0,"item_number5":0,"times_type":1,"times":999,"dailyItem_type1":0,"dailyItem_id1":0,"dailyItem_num1":0},{"shop_id":2,"res_level":1,"player_level":1,"gift_id":3027,"gift_icon_id":25,"gift_name":"スイーツギフト","price":910,"item_type1":5,"item_id1":59037,"item_number1":20,"item_type2":5,"item_id2":59039,"item_number2":20,"item_type3":0,"item_id3":0,"item_number3":0,"item_type4":0,"item_id4":0,"item_number4":0,"item_type5":0,"item_id5":0,"item_number5":0,"times_type":1,"times":999,"dailyItem_type1":0,"dailyItem_id1":0,"dailyItem_num1":0},{"shop_id":2,"res_level":1,"player_level":1,"gift_id":3028,"gift_icon_id":26,"gift_name":"ドリンクギフト","price":910,"item_type1":5,"item_id1":59049,"item_number1":20,"item_type2":5,"item_id2":59050,"item_number2":20,"item_type3":0,"item_id3":0,"item_number3":0,"item_type4":0,"item_id4":0,"item_number4":0,"item_type5":0,"item_id5":0,"item_number5":0,"times_type":1,"times":999,"dailyItem_type1":0,"dailyItem_id1":0,"dailyItem_num1":0},{"shop_id":2,"res_level":1,"player_level":1,"gift_id":3029,"gift_icon_id":34,"gift_name":"クッキー大入","price":100,"item_type1":5,"item_id1":50024,"item_number1":100,"item_type2":0,"item_id2":0,"item_number2":0,"item_type3":0,"item_id3":0,"item_number3":0,"item_type4":0,"item_id4":0,"item_number4":0,"item_type5":0,"item_id5":0,"item_number5":0,"times_type":1,"times":999,"dailyItem_type1":0,"dailyItem_id1":0,"dailyItem_num1":0},{"shop_id":4,"res_level":1,"player_level":1,"gift_id":4001,"gift_icon_id":15,"gift_name":"ガチャ券","price":100,"item_type1":5,"item_id1":50001,"item_number1":1,"item_type2":5,"item_id2":1,"item_number2":100000,"item_type3":0,"item_id3":0,"item_number3":0,"item_type4":0,"item_id4":0,"item_number4":0,"item_type5":0,"item_id5":0,"item_number5":0,"times_type":1,"times":1,"dailyItem_type1":0,"dailyItem_id1":0,"dailyItem_num1":0},{"shop_id":4,"res_level":1,"player_level":1,"gift_id":4002,"gift_icon_id":13,"gift_name":"プチゴールド","price":1,"item_type1":5,"item_id1":1,"item_number1":100000,"item_type2":0,"item_id2":0,"item_number2":0,"item_type3":0,"item_id3":0,"item_number3":0,"item_type4":0,"item_id4":0,"item_number4":0,"item_type5":0,"item_id5":0,"item_number5":0,"times_type":1,"times":99,"dailyItem_type1":0,"dailyItem_id1":0,"dailyItem_num1":0},{"shop_id":4,"res_level":1,"player_level":1,"gift_id":4003,"gift_icon_id":11,"gift_name":"スキル缶","price":10,"item_type1":5,"item_id1":50023,"item_number1":1,"item_type2":0,"item_id2":0,"item_number2":0,"item_type3":0,"item_id3":0,"item_number3":0,"item_type4":0,"item_id4":0,"item_number4":0,"item_type5":0,"item_id5":0,"item_number5":0,"times_type":1,"times":99,"dailyItem_type1":0,"dailyItem_id1":0,"dailyItem_num1":0},{"shop_id":4,"res_level":1,"player_level":1,"gift_id":4004,"gift_icon_id":10,"gift_name":"ごほうびセット","price":5,"item_type1":5,"item_id1":50010,"item_number1":5,"item_type2":5,"item_id2":50015,"item_number2":5,"item_type3":0,"item_id3":0,"item_number3":0,"item_type4":0,"item_id4":0,"item_number4":0,"item_type5":0,"item_id5":0,"item_number5":0,"times_type":1,"times":1,"dailyItem_type1":0,"dailyItem_id1":0,"dailyItem_num1":0},{"shop_id":4,"res_level":1,"player_level":1,"gift_id":4005,"gift_icon_id":6059,"gift_name":"リボン","price":200,"item_type1":1,"item_id1":6059,"item_number1":1,"item_type2":0,"item_id2":0,"item_number2":0,"item_type3":0,"item_id3":0,"item_number3":0,"item_type4":0,"item_id4":0,"item_number4":0,"item_type5":0,"item_id5":0,"item_number5":0,"times_type":1,"times":1,"dailyItem_type1":0,"dailyItem_id1":0,"dailyItem_num1":0},{"shop_id":4,"res_level":1,"player_level":1,"gift_id":4006,"gift_icon_id":6060,"gift_name":"シュシュ","price":200,"item_type1":1,"item_id1":6060,"item_number1":1,"item_type2":0,"item_id2":0,"item_number2":0,"item_type3":0,"item_id3":0,"item_number3":0,"item_type4":0,"item_id4":0,"item_number4":0,"item_type5":0,"item_id5":0,"item_number5":0,"times_type":1,"times":1,"dailyItem_type1":0,"dailyItem_id1":0,"dailyItem_num1":0},{"shop_id":4,"res_level":1,"player_level":1,"gift_id":4007,"gift_icon_id":6061,"gift_name":"バレッタ","price":200,"item_type1":1,"item_id1":6061,"item_number1":1,"item_type2":0,"item_id2":0,"item_number2":0,"item_type3":0,"item_id3":0,"item_number3":0,"item_type4":0,"item_id4":0,"item_number4":0,"item_type5":0,"item_id5":0,"item_number5":0,"times_type":1,"times":1,"dailyItem_type1":0,"dailyItem_id1":0,"dailyItem_num1":0},{"shop_id":4,"res_level":1,"player_level":1,"gift_id":4008,"gift_icon_id":6062,"gift_name":"チェーン","price":200,"item_type1":1,"item_id1":6062,"item_number1":1,"item_type2":0,"item_id2":0,"item_number2":0,"item_type3":0,"item_id3":0,"item_number3":0,"item_type4":0,"item_id4":0,"item_number4":0,"item_type5":0,"item_id5":0,"item_number5":0,"times_type":1,"times":1,"dailyItem_type1":0,"dailyItem_id1":0,"dailyItem_num1":0},{"shop_id":4,"res_level":1,"player_level":1,"gift_id":4009,"gift_icon_id":5,"gift_name":"砂糖＆塩セット","price":300,"item_type1":5,"item_id1":51063,"item_number1":1,"item_type2":5,"item_id2":51064,"item_number2":1,"item_type3":0,"item_id3":0,"item_number3":0,"item_type4":0,"item_id4":0,"item_number4":0,"item_type5":0,"item_id5":0,"item_number5":0,"times_type":1,"times":1,"dailyItem_type1":0,"dailyItem_id1":0,"dailyItem_num1":0}]