[{"config_id":1,"talent_name":"安抚","talent_desc":"顾客等待时间+","play_lv":5,"talent_group":6001,"tgroup_name":"可可的笔记","pet_id":6001,"pet_lv":30,"effect1":11,"effect2":2,"prop_id":50008,"prop_num":5,"gold_num":5000,"note":"哈哈1"},{"config_id":2,"talent_name":"安抚ex","talent_desc":"顾客等待时间+","play_lv":10,"talent_group":6001,"tgroup_name":"可可的笔记","pet_id":6001,"pet_lv":30,"effect1":12,"effect2":10,"prop_id":50008,"prop_num":10,"gold_num":10000,"note":"哈哈"},{"config_id":3,"talent_name":"自来水","talent_desc":"顾客[好评+1]+","play_lv":15,"talent_group":6001,"tgroup_name":"可可的笔记","pet_id":6001,"pet_lv":30,"effect1":13,"effect2":5,"prop_id":50008,"prop_num":15,"gold_num":15000,"note":"哈哈2"},{"config_id":4,"talent_name":"生财有道ex","talent_desc":"出售菜品金币额外+","play_lv":20,"talent_group":6001,"tgroup_name":"可可的笔记","pet_id":6001,"pet_lv":30,"effect1":14,"effect2":10,"prop_id":50008,"prop_num":20,"gold_num":20000,"note":"哈哈"},{"config_id":5,"talent_name":"生财有道","talent_desc":"出售菜品金币额外+","play_lv":25,"talent_group":6001,"tgroup_name":"可可的笔记","pet_id":6001,"pet_lv":30,"effect1":15,"effect2":2,"prop_id":50008,"prop_num":25,"gold_num":25000,"note":"哈哈3"},{"config_id":6,"talent_name":"狼吞虎咽","talent_desc":"顾客速度+","play_lv":30,"talent_group":6001,"tgroup_name":"可可的笔记","pet_id":6001,"pet_lv":30,"effect1":16,"effect2":2,"prop_id":50008,"prop_num":30,"gold_num":30000,"note":"哈哈"},{"config_id":7,"talent_name":"仓促Ⅰ","talent_desc":"该宠物速度+","play_lv":35,"talent_group":6001,"tgroup_name":"可可的笔记","pet_id":6001,"pet_lv":30,"effect1":17,"effect2":2,"prop_id":50008,"prop_num":35,"gold_num":35000,"note":"哈哈"},{"config_id":8,"talent_name":"仓促Ⅱ","talent_desc":"该宠物速度+","play_lv":40,"talent_group":6001,"tgroup_name":"可可的笔记","pet_id":6001,"pet_lv":30,"effect1":17,"effect2":2,"prop_id":50008,"prop_num":40,"gold_num":40000,"note":"哈哈测试"},{"config_id":9,"talent_name":"回扣Ⅱ","talent_desc":"紫色品质的食材成本-1","play_lv":45,"talent_group":6001,"tgroup_name":"可可的笔记","pet_id":6001,"pet_lv":30,"effect1":47,"effect2":3,"prop_id":50008,"prop_num":45,"gold_num":45000,"note":"哈哈"},{"config_id":10,"talent_name":"回扣Ⅰ","talent_desc":"蓝色品质的番茄成本-1","play_lv":50,"talent_group":6001,"tgroup_name":"可可的笔记","pet_id":6001,"pet_lv":30,"effect1":48,"effect2":800032,"prop_id":50008,"prop_num":50,"gold_num":50000,"note":"哈哈"},{"config_id":11,"talent_name":"安抚","talent_desc":"顾客等待时间+","play_lv":5,"talent_group":6002,"tgroup_name":"嘟嘟的笔记","pet_id":6002,"pet_lv":30,"effect1":11,"effect2":1,"prop_id":50008,"prop_num":5,"gold_num":5000,"note":"哈哈1"},{"config_id":12,"talent_name":"自来水","talent_desc":"顾客[好评+1]+","play_lv":10,"talent_group":6002,"tgroup_name":"嘟嘟的笔记","pet_id":6002,"pet_lv":30,"effect1":13,"effect2":4,"prop_id":50008,"prop_num":10,"gold_num":10000,"note":"哈哈"},{"config_id":13,"talent_name":"生财有道","talent_desc":"出售菜品金币额外+","play_lv":15,"talent_group":6002,"tgroup_name":"嘟嘟的笔记","pet_id":6002,"pet_lv":30,"effect1":15,"effect2":2,"prop_id":50008,"prop_num":15,"gold_num":15000,"note":"哈哈2"},{"config_id":14,"talent_name":"狼吞虎咽","talent_desc":"顾客速度+","play_lv":20,"talent_group":6002,"tgroup_name":"嘟嘟的笔记","pet_id":6002,"pet_lv":30,"effect1":16,"effect2":2,"prop_id":50008,"prop_num":20,"gold_num":20000,"note":"哈哈"},{"config_id":15,"talent_name":"仓促Ⅰ","talent_desc":"该宠物速度+","play_lv":25,"talent_group":6002,"tgroup_name":"嘟嘟的笔记","pet_id":6002,"pet_lv":30,"effect1":17,"effect2":2,"prop_id":50008,"prop_num":25,"gold_num":25000,"note":"哈哈3"},{"config_id":16,"talent_name":"快马加鞭","talent_desc":"该宠物速度+","play_lv":30,"talent_group":6002,"tgroup_name":"嘟嘟的笔记","pet_id":6002,"pet_lv":30,"effect1":17,"effect2":1,"prop_id":50008,"prop_num":30,"gold_num":30000,"note":"哈哈"},{"config_id":17,"talent_name":"招揽","talent_desc":"顾客生成时间-","play_lv":35,"talent_group":6002,"tgroup_name":"嘟嘟的笔记","pet_id":6002,"pet_lv":30,"effect1":18,"effect2":1,"prop_id":50008,"prop_num":35,"gold_num":35000,"note":"哈哈"},{"config_id":18,"talent_name":"招揽ex","talent_desc":"顾客生成时间-","play_lv":40,"talent_group":6002,"tgroup_name":"嘟嘟的笔记","pet_id":6002,"pet_lv":30,"effect1":19,"effect2":5,"prop_id":50008,"prop_num":40,"gold_num":40000,"note":"哈哈测试"},{"config_id":19,"talent_name":"团购","talent_desc":"每秒多招揽1个顾客团体概率+","play_lv":45,"talent_group":6002,"tgroup_name":"嘟嘟的笔记","pet_id":6002,"pet_lv":30,"effect1":20,"effect2":1,"prop_id":50008,"prop_num":45,"gold_num":45000,"note":"哈哈"},{"config_id":20,"talent_name":"舒适","talent_desc":"餐厅每个格子舒适+","play_lv":50,"talent_group":6002,"tgroup_name":"嘟嘟的笔记","pet_id":6002,"pet_lv":30,"effect1":36,"effect2":3,"prop_id":50008,"prop_num":50,"gold_num":50000,"note":"哈哈"},{"config_id":21,"talent_name":"安抚","talent_desc":"顾客等待时间+","play_lv":5,"talent_group":6003,"tgroup_name":"翔翔的笔记","pet_id":6003,"pet_lv":30,"effect1":11,"effect2":2,"prop_id":50008,"prop_num":5,"gold_num":5000,"note":"哈哈1"},{"config_id":22,"talent_name":"安抚ex","talent_desc":"顾客等待时间+","play_lv":10,"talent_group":6003,"tgroup_name":"翔翔的笔记","pet_id":6003,"pet_lv":30,"effect1":12,"effect2":10,"prop_id":50008,"prop_num":10,"gold_num":10000,"note":"哈哈"},{"config_id":23,"talent_name":"狼吞虎咽","talent_desc":"顾客速度+","play_lv":15,"talent_group":6003,"tgroup_name":"翔翔的笔记","pet_id":6003,"pet_lv":30,"effect1":16,"effect2":2,"prop_id":50008,"prop_num":15,"gold_num":15000,"note":"哈哈2"},{"config_id":24,"talent_name":"回扣Ⅱ","talent_desc":"紫色品质的食材成本-1","play_lv":20,"talent_group":6003,"tgroup_name":"翔翔的笔记","pet_id":6003,"pet_lv":30,"effect1":47,"effect2":3,"prop_id":50008,"prop_num":20,"gold_num":20000,"note":"哈哈"},{"config_id":25,"talent_name":"回扣Ⅰ","talent_desc":"蓝色品质的番茄成本-1","play_lv":25,"talent_group":6003,"tgroup_name":"翔翔的笔记","pet_id":6003,"pet_lv":30,"effect1":48,"effect2":800032,"prop_id":50008,"prop_num":25,"gold_num":25000,"note":"哈哈3"},{"config_id":26,"talent_name":"着色","talent_desc":"菜品[色]+","play_lv":30,"talent_group":6003,"tgroup_name":"翔翔的笔记","pet_id":6003,"pet_lv":30,"effect1":37,"effect2":2,"prop_id":50008,"prop_num":30,"gold_num":30000,"note":"哈哈"},{"config_id":27,"talent_name":"增香","talent_desc":"菜品[香]+","play_lv":35,"talent_group":6003,"tgroup_name":"翔翔的笔记","pet_id":6003,"pet_lv":30,"effect1":38,"effect2":2,"prop_id":50008,"prop_num":35,"gold_num":35000,"note":"哈哈"},{"config_id":28,"talent_name":"调味","talent_desc":"菜品[味]+","play_lv":40,"talent_group":6003,"tgroup_name":"翔翔的笔记","pet_id":6003,"pet_lv":30,"effect1":39,"effect2":2,"prop_id":50008,"prop_num":40,"gold_num":40000,"note":"哈哈测试"},{"config_id":29,"talent_name":"加量","talent_desc":"菜品[量]+","play_lv":45,"talent_group":6003,"tgroup_name":"翔翔的笔记","pet_id":6003,"pet_lv":30,"effect1":40,"effect2":2,"prop_id":50008,"prop_num":45,"gold_num":45000,"note":"哈哈"},{"config_id":30,"talent_name":"摆盘","talent_desc":"菜品[型]+","play_lv":50,"talent_group":6003,"tgroup_name":"翔翔的笔记","pet_id":6003,"pet_lv":30,"effect1":41,"effect2":2,"prop_id":50008,"prop_num":50,"gold_num":50000,"note":"哈哈"},{"config_id":31,"talent_name":"安抚","talent_desc":"顾客等待时间+","play_lv":5,"talent_group":6004,"tgroup_name":"小糖人的笔记","pet_id":6004,"pet_lv":30,"effect1":11,"effect2":1,"prop_id":50008,"prop_num":5,"gold_num":5000,"note":"哈哈1"},{"config_id":32,"talent_name":"自来水","talent_desc":"顾客[好评+1]+","play_lv":10,"talent_group":6004,"tgroup_name":"小糖人的笔记","pet_id":6004,"pet_lv":30,"effect1":13,"effect2":4,"prop_id":50008,"prop_num":10,"gold_num":10000,"note":"哈哈"},{"config_id":33,"talent_name":"生财有道","talent_desc":"出售菜品金币额外+","play_lv":15,"talent_group":6004,"tgroup_name":"小糖人的笔记","pet_id":6004,"pet_lv":30,"effect1":15,"effect2":2,"prop_id":50008,"prop_num":15,"gold_num":15000,"note":"哈哈2"},{"config_id":34,"talent_name":"狼吞虎咽","talent_desc":"顾客速度+","play_lv":20,"talent_group":6004,"tgroup_name":"小糖人的笔记","pet_id":6004,"pet_lv":30,"effect1":16,"effect2":2,"prop_id":50008,"prop_num":20,"gold_num":20000,"note":"哈哈"},{"config_id":35,"talent_name":"仓促Ⅰ","talent_desc":"该宠物速度+","play_lv":25,"talent_group":6004,"tgroup_name":"小糖人的笔记","pet_id":6004,"pet_lv":30,"effect1":17,"effect2":2,"prop_id":50008,"prop_num":25,"gold_num":25000,"note":"哈哈3"},{"config_id":36,"talent_name":"快马加鞭","talent_desc":"该宠物速度+","play_lv":30,"talent_group":6004,"tgroup_name":"小糖人的笔记","pet_id":6004,"pet_lv":30,"effect1":17,"effect2":1,"prop_id":50008,"prop_num":30,"gold_num":30000,"note":"哈哈"},{"config_id":37,"talent_name":"招揽","talent_desc":"顾客生成时间-","play_lv":35,"talent_group":6004,"tgroup_name":"小糖人的笔记","pet_id":6004,"pet_lv":30,"effect1":18,"effect2":1,"prop_id":50008,"prop_num":35,"gold_num":35000,"note":"哈哈"},{"config_id":38,"talent_name":"招揽ex","talent_desc":"顾客生成时间-","play_lv":40,"talent_group":6004,"tgroup_name":"小糖人的笔记","pet_id":6004,"pet_lv":30,"effect1":19,"effect2":5,"prop_id":50008,"prop_num":40,"gold_num":40000,"note":"哈哈测试"},{"config_id":39,"talent_name":"团购","talent_desc":"每秒多招揽1个顾客团体概率+","play_lv":45,"talent_group":6004,"tgroup_name":"小糖人的笔记","pet_id":6004,"pet_lv":30,"effect1":20,"effect2":1,"prop_id":50008,"prop_num":45,"gold_num":45000,"note":"哈哈"},{"config_id":40,"talent_name":"舒适","talent_desc":"餐厅每个格子舒适+","play_lv":50,"talent_group":6004,"tgroup_name":"小糖人的笔记","pet_id":6004,"pet_lv":30,"effect1":36,"effect2":3,"prop_id":50008,"prop_num":50,"gold_num":50000,"note":"哈哈"},{"config_id":41,"talent_name":"安抚","talent_desc":"顾客等待时间+","play_lv":5,"talent_group":6005,"tgroup_name":"毛毛熊的笔记","pet_id":6005,"pet_lv":30,"effect1":11,"effect2":2,"prop_id":50008,"prop_num":5,"gold_num":5000,"note":"哈哈1"},{"config_id":42,"talent_name":"安抚ex","talent_desc":"顾客等待时间+","play_lv":10,"talent_group":6005,"tgroup_name":"毛毛熊的笔记","pet_id":6005,"pet_lv":30,"effect1":12,"effect2":10,"prop_id":50008,"prop_num":10,"gold_num":10000,"note":"哈哈"},{"config_id":43,"talent_name":"回扣Ⅱ","talent_desc":"蓝色品质的食材成本-1","play_lv":15,"talent_group":6005,"tgroup_name":"毛毛熊的笔记","pet_id":6005,"pet_lv":30,"effect1":47,"effect2":2,"prop_id":50008,"prop_num":15,"gold_num":15000,"note":"哈哈2"},{"config_id":44,"talent_name":"回扣Ⅰ","talent_desc":"蓝色品质的青菜成本-1","play_lv":20,"talent_group":6005,"tgroup_name":"毛毛熊的笔记","pet_id":6005,"pet_lv":30,"effect1":48,"effect2":800082,"prop_id":50008,"prop_num":20,"gold_num":20000,"note":"哈哈"},{"config_id":45,"talent_name":"仓促Ⅱ","talent_desc":"该宠物速度+","play_lv":25,"talent_group":6005,"tgroup_name":"毛毛熊的笔记","pet_id":6005,"pet_lv":30,"effect1":17,"effect2":2,"prop_id":50008,"prop_num":25,"gold_num":25000,"note":"哈哈3"},{"config_id":46,"talent_name":"着色","talent_desc":"菜品[色]+","play_lv":30,"talent_group":6005,"tgroup_name":"毛毛熊的笔记","pet_id":6005,"pet_lv":30,"effect1":37,"effect2":2,"prop_id":50008,"prop_num":30,"gold_num":30000,"note":"哈哈"},{"config_id":47,"talent_name":"增香","talent_desc":"菜品[香]+","play_lv":35,"talent_group":6005,"tgroup_name":"毛毛熊的笔记","pet_id":6005,"pet_lv":30,"effect1":38,"effect2":2,"prop_id":50008,"prop_num":35,"gold_num":35000,"note":"哈哈"},{"config_id":48,"talent_name":"调味","talent_desc":"菜品[味]+","play_lv":40,"talent_group":6005,"tgroup_name":"毛毛熊的笔记","pet_id":6005,"pet_lv":30,"effect1":39,"effect2":2,"prop_id":50008,"prop_num":40,"gold_num":40000,"note":"哈哈测试"},{"config_id":49,"talent_name":"加量","talent_desc":"菜品[量]+","play_lv":45,"talent_group":6005,"tgroup_name":"毛毛熊的笔记","pet_id":6005,"pet_lv":30,"effect1":40,"effect2":2,"prop_id":50008,"prop_num":45,"gold_num":45000,"note":"哈哈"},{"config_id":50,"talent_name":"摆盘","talent_desc":"菜品[型]+","play_lv":50,"talent_group":6005,"tgroup_name":"毛毛熊的笔记","pet_id":6005,"pet_lv":30,"effect1":41,"effect2":2,"prop_id":50008,"prop_num":50,"gold_num":50000,"note":"哈哈"},{"config_id":51,"talent_name":"安抚","talent_desc":"顾客等待时间+","play_lv":5,"talent_group":6007,"tgroup_name":"皮皮的笔记","pet_id":6007,"pet_lv":30,"effect1":11,"effect2":1,"prop_id":50008,"prop_num":5,"gold_num":5000,"note":"哈哈1"},{"config_id":52,"talent_name":"自来水","talent_desc":"顾客[好评+1]+","play_lv":10,"talent_group":6007,"tgroup_name":"皮皮的笔记","pet_id":6007,"pet_lv":30,"effect1":13,"effect2":4,"prop_id":50008,"prop_num":10,"gold_num":10000,"note":"哈哈"},{"config_id":53,"talent_name":"生财有道","talent_desc":"出售菜品金币额外+","play_lv":15,"talent_group":6007,"tgroup_name":"皮皮的笔记","pet_id":6007,"pet_lv":30,"effect1":15,"effect2":2,"prop_id":50008,"prop_num":15,"gold_num":15000,"note":"哈哈2"},{"config_id":54,"talent_name":"狼吞虎咽","talent_desc":"顾客速度+","play_lv":20,"talent_group":6007,"tgroup_name":"皮皮的笔记","pet_id":6007,"pet_lv":30,"effect1":16,"effect2":2,"prop_id":50008,"prop_num":20,"gold_num":20000,"note":"哈哈"},{"config_id":55,"talent_name":"仓促Ⅰ","talent_desc":"该宠物速度+","play_lv":25,"talent_group":6007,"tgroup_name":"皮皮的笔记","pet_id":6007,"pet_lv":30,"effect1":17,"effect2":2,"prop_id":50008,"prop_num":25,"gold_num":25000,"note":"哈哈3"},{"config_id":56,"talent_name":"回扣Ⅱ","talent_desc":"橙色品质的食材成本-1","play_lv":30,"talent_group":6007,"tgroup_name":"皮皮的笔记","pet_id":6007,"pet_lv":30,"effect1":47,"effect2":4,"prop_id":50008,"prop_num":30,"gold_num":30000,"note":"哈哈"},{"config_id":57,"talent_name":"回扣Ⅰ","talent_desc":"橙色品质的鸡蛋成本-1","play_lv":35,"talent_group":6007,"tgroup_name":"皮皮的笔记","pet_id":6007,"pet_lv":30,"effect1":48,"effect2":800204,"prop_id":50008,"prop_num":35,"gold_num":35000,"note":"哈哈"},{"config_id":58,"talent_name":"招揽ex","talent_desc":"顾客生成时间-","play_lv":40,"talent_group":6007,"tgroup_name":"皮皮的笔记","pet_id":6007,"pet_lv":30,"effect1":19,"effect2":5,"prop_id":50008,"prop_num":40,"gold_num":40000,"note":"哈哈测试"},{"config_id":59,"talent_name":"团购","talent_desc":"每秒多招揽1个顾客团体概率+","play_lv":45,"talent_group":6007,"tgroup_name":"皮皮的笔记","pet_id":6007,"pet_lv":30,"effect1":20,"effect2":1,"prop_id":50008,"prop_num":45,"gold_num":45000,"note":"哈哈"},{"config_id":60,"talent_name":"舒适","talent_desc":"餐厅每个格子舒适+","play_lv":50,"talent_group":6007,"tgroup_name":"皮皮的笔记","pet_id":6007,"pet_lv":30,"effect1":36,"effect2":3,"prop_id":50008,"prop_num":50,"gold_num":50000,"note":"哈哈"},{"config_id":61,"talent_name":"生财有道ex","talent_desc":"出售菜品金币额外+","play_lv":5,"talent_group":6008,"tgroup_name":"咪咪的笔记","pet_id":6008,"pet_lv":30,"effect1":14,"effect2":10,"prop_id":50008,"prop_num":5,"gold_num":5000,"note":"哈哈1"},{"config_id":62,"talent_name":"生财有道","talent_desc":"出售菜品金币额外+","play_lv":10,"talent_group":6008,"tgroup_name":"咪咪的笔记","pet_id":6008,"pet_lv":30,"effect1":15,"effect2":2,"prop_id":50008,"prop_num":10,"gold_num":10000,"note":"哈哈"},{"config_id":63,"talent_name":"好评","talent_desc":"使所有顾客的好评都为10","play_lv":15,"talent_group":6008,"tgroup_name":"咪咪的笔记","pet_id":6008,"pet_lv":30,"effect1":34,"effect2":1,"prop_id":50008,"prop_num":15,"gold_num":15000,"note":"哈哈2"},{"config_id":64,"talent_name":"环境","talent_desc":"餐厅每个格子环境+","play_lv":20,"talent_group":6008,"tgroup_name":"咪咪的笔记","pet_id":6008,"pet_lv":30,"effect1":35,"effect2":5,"prop_id":50008,"prop_num":20,"gold_num":20000,"note":"哈哈"},{"config_id":65,"talent_name":"舒适","talent_desc":"餐厅每个格子舒适+","play_lv":25,"talent_group":6008,"tgroup_name":"咪咪的笔记","pet_id":6008,"pet_lv":30,"effect1":36,"effect2":5,"prop_id":50008,"prop_num":25,"gold_num":25000,"note":"哈哈3"},{"config_id":66,"talent_name":"着色","talent_desc":"菜品[色]+","play_lv":30,"talent_group":6008,"tgroup_name":"咪咪的笔记","pet_id":6008,"pet_lv":30,"effect1":37,"effect2":2,"prop_id":50008,"prop_num":30,"gold_num":30000,"note":"哈哈"},{"config_id":67,"talent_name":"增香","talent_desc":"菜品[香]+","play_lv":35,"talent_group":6008,"tgroup_name":"咪咪的笔记","pet_id":6008,"pet_lv":30,"effect1":38,"effect2":2,"prop_id":50008,"prop_num":35,"gold_num":35000,"note":"哈哈"},{"config_id":68,"talent_name":"调味","talent_desc":"菜品[味]+","play_lv":40,"talent_group":6008,"tgroup_name":"咪咪的笔记","pet_id":6008,"pet_lv":30,"effect1":39,"effect2":2,"prop_id":50008,"prop_num":40,"gold_num":40000,"note":"哈哈测试"},{"config_id":69,"talent_name":"加量","talent_desc":"菜品[量]+","play_lv":45,"talent_group":6008,"tgroup_name":"咪咪的笔记","pet_id":6008,"pet_lv":30,"effect1":40,"effect2":2,"prop_id":50008,"prop_num":45,"gold_num":45000,"note":"哈哈"},{"config_id":70,"talent_name":"摆盘","talent_desc":"菜品[型]+","play_lv":50,"talent_group":6008,"tgroup_name":"咪咪的笔记","pet_id":6008,"pet_lv":30,"effect1":41,"effect2":2,"prop_id":50008,"prop_num":50,"gold_num":50000,"note":"哈哈"},{"config_id":71,"talent_name":"生财有道ex","talent_desc":"出售菜品金币额外+","play_lv":5,"talent_group":6009,"tgroup_name":"阿布的笔记","pet_id":6009,"pet_lv":30,"effect1":14,"effect2":10,"prop_id":50008,"prop_num":5,"gold_num":5000,"note":"哈哈1"},{"config_id":72,"talent_name":"生财有道","talent_desc":"出售菜品金币额外+","play_lv":10,"talent_group":6009,"tgroup_name":"阿布的笔记","pet_id":6009,"pet_lv":30,"effect1":15,"effect2":2,"prop_id":50008,"prop_num":10,"gold_num":10000,"note":"哈哈"},{"config_id":73,"talent_name":"好评","talent_desc":"使所有顾客的好评都为10","play_lv":15,"talent_group":6009,"tgroup_name":"阿布的笔记","pet_id":6009,"pet_lv":30,"effect1":34,"effect2":1,"prop_id":50008,"prop_num":15,"gold_num":15000,"note":"哈哈2"},{"config_id":74,"talent_name":"环境","talent_desc":"餐厅每个格子环境+","play_lv":20,"talent_group":6009,"tgroup_name":"阿布的笔记","pet_id":6009,"pet_lv":30,"effect1":35,"effect2":5,"prop_id":50008,"prop_num":20,"gold_num":20000,"note":"哈哈"},{"config_id":75,"talent_name":"舒适","talent_desc":"餐厅每个格子舒适+","play_lv":25,"talent_group":6009,"tgroup_name":"阿布的笔记","pet_id":6009,"pet_lv":30,"effect1":36,"effect2":5,"prop_id":50008,"prop_num":25,"gold_num":25000,"note":"哈哈3"},{"config_id":76,"talent_name":"着色","talent_desc":"菜品[色]+","play_lv":30,"talent_group":6009,"tgroup_name":"阿布的笔记","pet_id":6009,"pet_lv":30,"effect1":37,"effect2":2,"prop_id":50008,"prop_num":30,"gold_num":30000,"note":"哈哈"},{"config_id":77,"talent_name":"增香","talent_desc":"菜品[香]+","play_lv":35,"talent_group":6009,"tgroup_name":"阿布的笔记","pet_id":6009,"pet_lv":30,"effect1":38,"effect2":2,"prop_id":50008,"prop_num":35,"gold_num":35000,"note":"哈哈"},{"config_id":78,"talent_name":"调味","talent_desc":"菜品[味]+","play_lv":40,"talent_group":6009,"tgroup_name":"阿布的笔记","pet_id":6009,"pet_lv":30,"effect1":39,"effect2":2,"prop_id":50008,"prop_num":40,"gold_num":40000,"note":"哈哈测试"},{"config_id":79,"talent_name":"加量","talent_desc":"菜品[量]+","play_lv":45,"talent_group":6009,"tgroup_name":"阿布的笔记","pet_id":6009,"pet_lv":30,"effect1":40,"effect2":2,"prop_id":50008,"prop_num":45,"gold_num":45000,"note":"哈哈"},{"config_id":80,"talent_name":"摆盘","talent_desc":"菜品[型]+","play_lv":50,"talent_group":6009,"tgroup_name":"阿布的笔记","pet_id":6009,"pet_lv":30,"effect1":41,"effect2":2,"prop_id":50008,"prop_num":50,"gold_num":50000,"note":"哈哈"},{"config_id":81,"talent_name":"自来水","talent_desc":"顾客[好评+1]+","play_lv":5,"talent_group":6010,"tgroup_name":"阿蒙的笔记","pet_id":6010,"pet_lv":30,"effect1":13,"effect2":5,"prop_id":50008,"prop_num":5,"gold_num":5000,"note":"哈哈1"},{"config_id":82,"talent_name":"仓促Ⅰ","talent_desc":"该宠物速度+","play_lv":10,"talent_group":6010,"tgroup_name":"阿蒙的笔记","pet_id":6010,"pet_lv":30,"effect1":17,"effect2":2,"prop_id":50008,"prop_num":10,"gold_num":10000,"note":"哈哈"},{"config_id":83,"talent_name":"仓促Ⅱ","talent_desc":"该宠物速度+","play_lv":15,"talent_group":6010,"tgroup_name":"阿蒙的笔记","pet_id":6010,"pet_lv":30,"effect1":17,"effect2":2,"prop_id":50008,"prop_num":15,"gold_num":15000,"note":"哈哈2"},{"config_id":84,"talent_name":"快马加鞭","talent_desc":"该宠物速度+","play_lv":20,"talent_group":6010,"tgroup_name":"阿蒙的笔记","pet_id":6010,"pet_lv":30,"effect1":17,"effect2":1,"prop_id":50008,"prop_num":20,"gold_num":20000,"note":"哈哈"},{"config_id":85,"talent_name":"用爱发电","talent_desc":"所有员工期望薪水-","play_lv":25,"talent_group":6010,"tgroup_name":"阿蒙的笔记","pet_id":6010,"pet_lv":30,"effect1":30,"effect2":3,"prop_id":50008,"prop_num":25,"gold_num":25000,"note":"哈哈3"},{"config_id":86,"talent_name":"赤心ex","talent_desc":"所有员工忠诚度不降低概率+","play_lv":30,"talent_group":6010,"tgroup_name":"阿蒙的笔记","pet_id":6010,"pet_lv":30,"effect1":32,"effect2":1,"prop_id":50008,"prop_num":30,"gold_num":30000,"note":"哈哈"},{"config_id":87,"talent_name":"丹心ex","talent_desc":"所有员工忠诚度不降低概率+","play_lv":35,"talent_group":6010,"tgroup_name":"阿蒙的笔记","pet_id":6010,"pet_lv":30,"effect1":32,"effect2":1,"prop_id":50008,"prop_num":35,"gold_num":35000,"note":"哈哈"},{"config_id":88,"talent_name":"鞭策","talent_desc":"所有员工速度+","play_lv":40,"talent_group":6010,"tgroup_name":"阿蒙的笔记","pet_id":6010,"pet_lv":30,"effect1":33,"effect2":1,"prop_id":50008,"prop_num":40,"gold_num":40000,"note":"哈哈测试"},{"config_id":89,"talent_name":"环境","talent_desc":"餐厅每个格子环境+","play_lv":45,"talent_group":6010,"tgroup_name":"阿蒙的笔记","pet_id":6010,"pet_lv":30,"effect1":35,"effect2":5,"prop_id":50008,"prop_num":45,"gold_num":45000,"note":"哈哈"},{"config_id":90,"talent_name":"舒适","talent_desc":"餐厅每个格子舒适+","play_lv":50,"talent_group":6010,"tgroup_name":"阿蒙的笔记","pet_id":6010,"pet_lv":30,"effect1":36,"effect2":5,"prop_id":50008,"prop_num":50,"gold_num":50000,"note":"哈哈"},{"config_id":91,"talent_name":"招揽","talent_desc":"顾客生成时间-","play_lv":5,"talent_group":6012,"tgroup_name":"犬牙的笔记","pet_id":6012,"pet_lv":30,"effect1":18,"effect2":1,"prop_id":50008,"prop_num":5,"gold_num":5000,"note":"哈哈1"},{"config_id":92,"talent_name":"招揽ex","talent_desc":"顾客生成时间-","play_lv":10,"talent_group":6012,"tgroup_name":"犬牙的笔记","pet_id":6012,"pet_lv":30,"effect1":19,"effect2":5,"prop_id":50008,"prop_num":10,"gold_num":10000,"note":"哈哈"},{"config_id":93,"talent_name":"团购","talent_desc":"每秒多招揽1个顾客团体概率+","play_lv":15,"talent_group":6012,"tgroup_name":"犬牙的笔记","pet_id":6012,"pet_lv":30,"effect1":20,"effect2":1,"prop_id":50008,"prop_num":15,"gold_num":15000,"note":"哈哈2"},{"config_id":94,"talent_name":"用爱发电","talent_desc":"所有员工期望薪水-","play_lv":20,"talent_group":6012,"tgroup_name":"犬牙的笔记","pet_id":6012,"pet_lv":30,"effect1":30,"effect2":3,"prop_id":50008,"prop_num":20,"gold_num":20000,"note":"哈哈"},{"config_id":95,"talent_name":"用爱发电ex","talent_desc":"所有员工期望薪水-","play_lv":25,"talent_group":6012,"tgroup_name":"犬牙的笔记","pet_id":6012,"pet_lv":30,"effect1":31,"effect2":5,"prop_id":50008,"prop_num":25,"gold_num":25000,"note":"哈哈3"},{"config_id":96,"talent_name":"赤心ex","talent_desc":"所有员工忠诚度不降低概率+","play_lv":30,"talent_group":6012,"tgroup_name":"犬牙的笔记","pet_id":6012,"pet_lv":30,"effect1":32,"effect2":1,"prop_id":50008,"prop_num":30,"gold_num":30000,"note":"哈哈"},{"config_id":97,"talent_name":"忠心ex","talent_desc":"所有员工忠诚度不降低概率+","play_lv":35,"talent_group":6012,"tgroup_name":"犬牙的笔记","pet_id":6012,"pet_lv":30,"effect1":32,"effect2":1,"prop_id":50008,"prop_num":35,"gold_num":35000,"note":"哈哈"},{"config_id":98,"talent_name":"丹心ex","talent_desc":"所有员工忠诚度不降低概率+","play_lv":40,"talent_group":6012,"tgroup_name":"犬牙的笔记","pet_id":6012,"pet_lv":30,"effect1":32,"effect2":1,"prop_id":50008,"prop_num":40,"gold_num":40000,"note":"哈哈测试"},{"config_id":99,"talent_name":"死心塌地ex","talent_desc":"所有员工忠诚度不降低概率+","play_lv":45,"talent_group":6012,"tgroup_name":"犬牙的笔记","pet_id":6012,"pet_lv":30,"effect1":32,"effect2":1,"prop_id":50008,"prop_num":45,"gold_num":45000,"note":"哈哈"},{"config_id":100,"talent_name":"鞭策","talent_desc":"所有员工速度+","play_lv":50,"talent_group":6012,"tgroup_name":"犬牙的笔记","pet_id":6012,"pet_lv":30,"effect1":33,"effect2":1,"prop_id":50008,"prop_num":50,"gold_num":50000,"note":"哈哈"},{"config_id":101,"talent_name":"仓促Ⅲ","talent_desc":"该宠物速度+","play_lv":5,"talent_group":6013,"tgroup_name":"拉比的笔记","pet_id":6013,"pet_lv":30,"effect1":17,"effect2":2,"prop_id":50008,"prop_num":5,"gold_num":5000,"note":"哈哈1"},{"config_id":102,"talent_name":"快马加鞭","talent_desc":"该宠物速度+","play_lv":10,"talent_group":6013,"tgroup_name":"拉比的笔记","pet_id":6013,"pet_lv":30,"effect1":17,"effect2":1,"prop_id":50008,"prop_num":10,"gold_num":10000,"note":"哈哈"},{"config_id":103,"talent_name":"好评","talent_desc":"使所有顾客的好评都为10","play_lv":15,"talent_group":6013,"tgroup_name":"拉比的笔记","pet_id":6013,"pet_lv":30,"effect1":34,"effect2":1,"prop_id":50008,"prop_num":15,"gold_num":15000,"note":"哈哈2"},{"config_id":104,"talent_name":"环境","talent_desc":"餐厅每个格子环境+","play_lv":20,"talent_group":6013,"tgroup_name":"拉比的笔记","pet_id":6013,"pet_lv":30,"effect1":35,"effect2":5,"prop_id":50008,"prop_num":20,"gold_num":20000,"note":"哈哈"},{"config_id":105,"talent_name":"舒适","talent_desc":"餐厅每个格子舒适+","play_lv":25,"talent_group":6013,"tgroup_name":"拉比的笔记","pet_id":6013,"pet_lv":30,"effect1":36,"effect2":5,"prop_id":50008,"prop_num":25,"gold_num":25000,"note":"哈哈3"},{"config_id":106,"talent_name":"着色","talent_desc":"菜品[色]+","play_lv":30,"talent_group":6013,"tgroup_name":"拉比的笔记","pet_id":6013,"pet_lv":30,"effect1":37,"effect2":2,"prop_id":50008,"prop_num":30,"gold_num":30000,"note":"哈哈"},{"config_id":107,"talent_name":"增香","talent_desc":"菜品[香]+","play_lv":35,"talent_group":6013,"tgroup_name":"拉比的笔记","pet_id":6013,"pet_lv":30,"effect1":38,"effect2":2,"prop_id":50008,"prop_num":35,"gold_num":35000,"note":"哈哈"},{"config_id":108,"talent_name":"调味","talent_desc":"菜品[味]+","play_lv":40,"talent_group":6013,"tgroup_name":"拉比的笔记","pet_id":6013,"pet_lv":30,"effect1":39,"effect2":2,"prop_id":50008,"prop_num":40,"gold_num":40000,"note":"哈哈测试"},{"config_id":109,"talent_name":"加量","talent_desc":"菜品[量]+","play_lv":45,"talent_group":6013,"tgroup_name":"拉比的笔记","pet_id":6013,"pet_lv":30,"effect1":40,"effect2":2,"prop_id":50008,"prop_num":45,"gold_num":45000,"note":"哈哈"},{"config_id":110,"talent_name":"摆盘","talent_desc":"菜品[型]+","play_lv":50,"talent_group":6013,"tgroup_name":"拉比的笔记","pet_id":6013,"pet_lv":30,"effect1":41,"effect2":2,"prop_id":50008,"prop_num":50,"gold_num":50000,"note":"哈哈"}]