[{"config_id":1,"base_diamond":50,"add_diamond":0,"first_add_diamond":0,"money":120,"special_month":0,"special_item":0,"name":"少ダイヤ","icon_id":1},{"config_id":2,"base_diamond":250,"add_diamond":0,"first_add_diamond":0,"money":600,"special_month":0,"special_item":0,"name":"中ダイヤ","icon_id":2},{"config_id":3,"base_diamond":750,"add_diamond":0,"first_add_diamond":0,"money":1800,"special_month":0,"special_item":0,"name":"大ダイヤ","icon_id":3},{"config_id":4,"base_diamond":1500,"add_diamond":0,"first_add_diamond":0,"money":3600,"special_month":0,"special_item":0,"name":"少ダイヤパック","icon_id":4},{"config_id":5,"base_diamond":2000,"add_diamond":0,"first_add_diamond":0,"money":4800,"special_month":0,"special_item":0,"name":"中ダイヤパック","icon_id":5},{"config_id":6,"base_diamond":4500,"add_diamond":0,"first_add_diamond":0,"money":10800,"special_month":0,"special_item":0,"name":"大ダイヤパック","icon_id":6},{"config_id":7,"base_diamond":5750,"add_diamond":0,"first_add_diamond":0,"money":13800,"special_month":0,"special_item":0,"name":"ザクザクダイヤ","icon_id":7}]