[{"pet_id":6001,"favor_lv":10,"story_id":601101},{"pet_id":6001,"favor_lv":20,"story_id":601201},{"pet_id":6001,"favor_lv":30,"story_id":601301},{"pet_id":6001,"favor_lv":40,"story_id":601401},{"pet_id":6001,"favor_lv":50,"story_id":601501},{"pet_id":6001,"favor_lv":60,"story_id":601601},{"pet_id":6001,"favor_lv":70,"story_id":601701},{"pet_id":6001,"favor_lv":80,"story_id":601801},{"pet_id":6001,"favor_lv":90,"story_id":601901},{"pet_id":6001,"favor_lv":100,"story_id":602001},{"pet_id":6002,"favor_lv":10,"story_id":602101},{"pet_id":6002,"favor_lv":20,"story_id":602201},{"pet_id":6002,"favor_lv":30,"story_id":602301},{"pet_id":6003,"favor_lv":10,"story_id":603101},{"pet_id":6003,"favor_lv":20,"story_id":603201},{"pet_id":6003,"favor_lv":30,"story_id":603301},{"pet_id":6003,"favor_lv":40,"story_id":603401},{"pet_id":6003,"favor_lv":50,"story_id":603501},{"pet_id":6004,"favor_lv":10,"story_id":604101},{"pet_id":6004,"favor_lv":20,"story_id":604201},{"pet_id":6004,"favor_lv":30,"story_id":604301},{"pet_id":6004,"favor_lv":40,"story_id":604401},{"pet_id":6004,"favor_lv":50,"story_id":604501},{"pet_id":6005,"favor_lv":10,"story_id":605101},{"pet_id":6005,"favor_lv":20,"story_id":605201},{"pet_id":6005,"favor_lv":30,"story_id":605301},{"pet_id":6005,"favor_lv":40,"story_id":605401},{"pet_id":6005,"favor_lv":50,"story_id":605501},{"pet_id":6005,"favor_lv":60,"story_id":605605},{"pet_id":6005,"favor_lv":70,"story_id":605701},{"pet_id":6005,"favor_lv":80,"story_id":605801},{"pet_id":6005,"favor_lv":90,"story_id":605901},{"pet_id":6005,"favor_lv":100,"story_id":606001},{"pet_id":6006,"favor_lv":10,"story_id":606101},{"pet_id":6006,"favor_lv":20,"story_id":606201},{"pet_id":6006,"favor_lv":30,"story_id":606301},{"pet_id":6007,"favor_lv":10,"story_id":607101},{"pet_id":6007,"favor_lv":20,"story_id":607201},{"pet_id":6007,"favor_lv":30,"story_id":607301},{"pet_id":6007,"favor_lv":40,"story_id":607401},{"pet_id":6007,"favor_lv":50,"story_id":607501},{"pet_id":6007,"favor_lv":60,"story_id":607607},{"pet_id":6007,"favor_lv":70,"story_id":607701},{"pet_id":6007,"favor_lv":80,"story_id":607801},{"pet_id":6007,"favor_lv":90,"story_id":607901},{"pet_id":6007,"favor_lv":100,"story_id":608001},{"pet_id":6008,"favor_lv":10,"story_id":608101},{"pet_id":6008,"favor_lv":20,"story_id":608201},{"pet_id":6008,"favor_lv":30,"story_id":608301},{"pet_id":6009,"favor_lv":10,"story_id":609101},{"pet_id":6009,"favor_lv":20,"story_id":609201},{"pet_id":6009,"favor_lv":30,"story_id":609301},{"pet_id":6010,"favor_lv":10,"story_id":610101},{"pet_id":6010,"favor_lv":20,"story_id":610201},{"pet_id":6010,"favor_lv":30,"story_id":610301},{"pet_id":6010,"favor_lv":40,"story_id":610401},{"pet_id":6010,"favor_lv":50,"story_id":610501},{"pet_id":6010,"favor_lv":60,"story_id":610610},{"pet_id":6010,"favor_lv":70,"story_id":610701},{"pet_id":6011,"favor_lv":10,"story_id":611101},{"pet_id":6011,"favor_lv":20,"story_id":611201},{"pet_id":6011,"favor_lv":30,"story_id":611301},{"pet_id":6011,"favor_lv":40,"story_id":611401},{"pet_id":6011,"favor_lv":50,"story_id":611501},{"pet_id":6012,"favor_lv":10,"story_id":612101},{"pet_id":6012,"favor_lv":20,"story_id":612201},{"pet_id":6012,"favor_lv":30,"story_id":612301},{"pet_id":6012,"favor_lv":40,"story_id":612401},{"pet_id":6012,"favor_lv":50,"story_id":612501},{"pet_id":6012,"favor_lv":60,"story_id":612601},{"pet_id":6012,"favor_lv":70,"story_id":612701},{"pet_id":6012,"favor_lv":80,"story_id":612801},{"pet_id":6012,"favor_lv":90,"story_id":612901},{"pet_id":6012,"favor_lv":100,"story_id":613001},{"pet_id":6013,"favor_lv":10,"story_id":613101},{"pet_id":6013,"favor_lv":20,"story_id":613201},{"pet_id":6013,"favor_lv":30,"story_id":613301},{"pet_id":6013,"favor_lv":40,"story_id":613401},{"pet_id":6013,"favor_lv":50,"story_id":613501},{"pet_id":6014,"favor_lv":10,"story_id":614101},{"pet_id":6014,"favor_lv":20,"story_id":614201},{"pet_id":6014,"favor_lv":30,"story_id":614301},{"pet_id":6014,"favor_lv":40,"story_id":614401},{"pet_id":6014,"favor_lv":50,"story_id":614501},{"pet_id":6014,"favor_lv":60,"story_id":614601},{"pet_id":6014,"favor_lv":70,"story_id":614701},{"pet_id":6015,"favor_lv":10,"story_id":615101},{"pet_id":6015,"favor_lv":20,"story_id":615201},{"pet_id":6015,"favor_lv":30,"story_id":615301},{"pet_id":6016,"favor_lv":10,"story_id":616101},{"pet_id":6016,"favor_lv":20,"story_id":616201},{"pet_id":6016,"favor_lv":30,"story_id":616301},{"pet_id":6016,"favor_lv":40,"story_id":616401},{"pet_id":6016,"favor_lv":50,"story_id":616501},{"pet_id":6018,"favor_lv":10,"story_id":618101},{"pet_id":6018,"favor_lv":20,"story_id":618201},{"pet_id":6018,"favor_lv":30,"story_id":618301},{"pet_id":6018,"favor_lv":40,"story_id":618401},{"pet_id":6018,"favor_lv":50,"story_id":618501},{"pet_id":6019,"favor_lv":10,"story_id":619101},{"pet_id":6019,"favor_lv":20,"story_id":619201},{"pet_id":6019,"favor_lv":30,"story_id":619301},{"pet_id":6019,"favor_lv":40,"story_id":619401},{"pet_id":6019,"favor_lv":50,"story_id":619501},{"pet_id":6020,"favor_lv":10,"story_id":620101},{"pet_id":6020,"favor_lv":20,"story_id":620201},{"pet_id":6020,"favor_lv":30,"story_id":620301},{"pet_id":6020,"favor_lv":40,"story_id":620401},{"pet_id":6020,"favor_lv":50,"story_id":620501},{"pet_id":6021,"favor_lv":10,"story_id":621101},{"pet_id":6021,"favor_lv":20,"story_id":621201},{"pet_id":6021,"favor_lv":30,"story_id":621301},{"pet_id":6021,"favor_lv":40,"story_id":621401},{"pet_id":6021,"favor_lv":50,"story_id":621501},{"pet_id":6021,"favor_lv":60,"story_id":621601},{"pet_id":6021,"favor_lv":70,"story_id":621701},{"pet_id":6022,"favor_lv":10,"story_id":622101},{"pet_id":6022,"favor_lv":20,"story_id":622201},{"pet_id":6022,"favor_lv":30,"story_id":622301},{"pet_id":6024,"favor_lv":10,"story_id":624101},{"pet_id":6024,"favor_lv":20,"story_id":624201},{"pet_id":6024,"favor_lv":30,"story_id":624301},{"pet_id":6024,"favor_lv":40,"story_id":624401},{"pet_id":6024,"favor_lv":50,"story_id":624501},{"pet_id":6024,"favor_lv":60,"story_id":624601},{"pet_id":6024,"favor_lv":70,"story_id":624701},{"pet_id":6025,"favor_lv":10,"story_id":625101},{"pet_id":6025,"favor_lv":20,"story_id":625201},{"pet_id":6025,"favor_lv":30,"story_id":625301},{"pet_id":6025,"favor_lv":40,"story_id":625401},{"pet_id":6025,"favor_lv":50,"story_id":625501},{"pet_id":6026,"favor_lv":10,"story_id":626101},{"pet_id":6026,"favor_lv":20,"story_id":626201},{"pet_id":6026,"favor_lv":30,"story_id":626301},{"pet_id":6027,"favor_lv":10,"story_id":627101},{"pet_id":6027,"favor_lv":20,"story_id":627201},{"pet_id":6027,"favor_lv":30,"story_id":627301},{"pet_id":6027,"favor_lv":40,"story_id":627401},{"pet_id":6027,"favor_lv":50,"story_id":627501},{"pet_id":6028,"favor_lv":10,"story_id":628101},{"pet_id":6028,"favor_lv":20,"story_id":628201},{"pet_id":6028,"favor_lv":30,"story_id":628301},{"pet_id":6028,"favor_lv":40,"story_id":628401},{"pet_id":6028,"favor_lv":50,"story_id":628501},{"pet_id":6029,"favor_lv":10,"story_id":629101},{"pet_id":6029,"favor_lv":20,"story_id":629201},{"pet_id":6029,"favor_lv":30,"story_id":629301},{"pet_id":6029,"favor_lv":40,"story_id":629401},{"pet_id":6029,"favor_lv":50,"story_id":629501},{"pet_id":6030,"favor_lv":10,"story_id":630101},{"pet_id":6030,"favor_lv":20,"story_id":630201},{"pet_id":6030,"favor_lv":30,"story_id":630301},{"pet_id":6031,"favor_lv":10,"story_id":631101},{"pet_id":6031,"favor_lv":20,"story_id":631201},{"pet_id":6031,"favor_lv":30,"story_id":631301},{"pet_id":6031,"favor_lv":40,"story_id":631401},{"pet_id":6031,"favor_lv":50,"story_id":631501},{"pet_id":6033,"favor_lv":10,"story_id":633101},{"pet_id":6033,"favor_lv":20,"story_id":633201},{"pet_id":6033,"favor_lv":30,"story_id":633301},{"pet_id":6033,"favor_lv":40,"story_id":633401},{"pet_id":6033,"favor_lv":50,"story_id":633501},{"pet_id":6034,"favor_lv":10,"story_id":634101},{"pet_id":6034,"favor_lv":20,"story_id":634201},{"pet_id":6034,"favor_lv":30,"story_id":634301},{"pet_id":6034,"favor_lv":40,"story_id":634401},{"pet_id":6034,"favor_lv":50,"story_id":634501},{"pet_id":6034,"favor_lv":60,"story_id":634601},{"pet_id":6034,"favor_lv":70,"story_id":634701},{"pet_id":6035,"favor_lv":10,"story_id":635101},{"pet_id":6035,"favor_lv":20,"story_id":635201},{"pet_id":6035,"favor_lv":30,"story_id":635301},{"pet_id":6035,"favor_lv":40,"story_id":635401},{"pet_id":6035,"favor_lv":50,"story_id":635501},{"pet_id":6037,"favor_lv":10,"story_id":637101},{"pet_id":6037,"favor_lv":20,"story_id":637201},{"pet_id":6037,"favor_lv":30,"story_id":637301},{"pet_id":6037,"favor_lv":40,"story_id":637401},{"pet_id":6037,"favor_lv":50,"story_id":637501},{"pet_id":6038,"favor_lv":10,"story_id":638101},{"pet_id":6038,"favor_lv":20,"story_id":638201},{"pet_id":6038,"favor_lv":30,"story_id":638301},{"pet_id":6038,"favor_lv":40,"story_id":638401},{"pet_id":6038,"favor_lv":50,"story_id":638501},{"pet_id":6038,"favor_lv":60,"story_id":638601},{"pet_id":6038,"favor_lv":70,"story_id":638701},{"pet_id":6039,"favor_lv":10,"story_id":639101},{"pet_id":6039,"favor_lv":20,"story_id":639201},{"pet_id":6039,"favor_lv":30,"story_id":639301},{"pet_id":6039,"favor_lv":40,"story_id":639401},{"pet_id":6039,"favor_lv":50,"story_id":639501},{"pet_id":6039,"favor_lv":60,"story_id":639601},{"pet_id":6039,"favor_lv":70,"story_id":639701},{"pet_id":6039,"favor_lv":80,"story_id":639801},{"pet_id":6039,"favor_lv":90,"story_id":639901},{"pet_id":6039,"favor_lv":100,"story_id":640001},{"pet_id":6040,"favor_lv":10,"story_id":640101},{"pet_id":6040,"favor_lv":20,"story_id":640201},{"pet_id":6040,"favor_lv":30,"story_id":640301},{"pet_id":6040,"favor_lv":40,"story_id":640401},{"pet_id":6040,"favor_lv":50,"story_id":640501},{"pet_id":6040,"favor_lv":60,"story_id":640601},{"pet_id":6040,"favor_lv":70,"story_id":640701},{"pet_id":6041,"favor_lv":10,"story_id":641101},{"pet_id":6041,"favor_lv":20,"story_id":641201},{"pet_id":6041,"favor_lv":30,"story_id":641301},{"pet_id":6041,"favor_lv":40,"story_id":641401},{"pet_id":6041,"favor_lv":50,"story_id":641501},{"pet_id":6042,"favor_lv":10,"story_id":642101},{"pet_id":6042,"favor_lv":20,"story_id":642201},{"pet_id":6042,"favor_lv":30,"story_id":642301},{"pet_id":6042,"favor_lv":40,"story_id":642401},{"pet_id":6042,"favor_lv":50,"story_id":642501},{"pet_id":6042,"favor_lv":60,"story_id":642601},{"pet_id":6042,"favor_lv":70,"story_id":642701},{"pet_id":6043,"favor_lv":10,"story_id":643101},{"pet_id":6043,"favor_lv":20,"story_id":643201},{"pet_id":6043,"favor_lv":30,"story_id":643301},{"pet_id":6043,"favor_lv":40,"story_id":643401},{"pet_id":6043,"favor_lv":50,"story_id":643501},{"pet_id":6044,"favor_lv":10,"story_id":644101},{"pet_id":6044,"favor_lv":20,"story_id":644201},{"pet_id":6044,"favor_lv":30,"story_id":644301},{"pet_id":6044,"favor_lv":40,"story_id":644401},{"pet_id":6044,"favor_lv":50,"story_id":644501},{"pet_id":6045,"favor_lv":10,"story_id":645101},{"pet_id":6045,"favor_lv":20,"story_id":645201},{"pet_id":6045,"favor_lv":30,"story_id":645301},{"pet_id":6045,"favor_lv":40,"story_id":645401},{"pet_id":6045,"favor_lv":50,"story_id":645501},{"pet_id":6045,"favor_lv":60,"story_id":645601},{"pet_id":6045,"favor_lv":70,"story_id":645701},{"pet_id":6059,"favor_lv":10,"story_id":659101},{"pet_id":6059,"favor_lv":20,"story_id":659201},{"pet_id":6059,"favor_lv":30,"story_id":659301},{"pet_id":6060,"favor_lv":10,"story_id":660101},{"pet_id":6060,"favor_lv":20,"story_id":660201},{"pet_id":6060,"favor_lv":30,"story_id":660301},{"pet_id":6061,"favor_lv":10,"story_id":661101},{"pet_id":6061,"favor_lv":20,"story_id":661201},{"pet_id":6061,"favor_lv":30,"story_id":661301},{"pet_id":6062,"favor_lv":10,"story_id":662101},{"pet_id":6062,"favor_lv":20,"story_id":662201},{"pet_id":6062,"favor_lv":30,"story_id":662301},{"pet_id":6201,"favor_lv":10,"story_id":801101},{"pet_id":6201,"favor_lv":20,"story_id":801201},{"pet_id":6201,"favor_lv":30,"story_id":801301},{"pet_id":6201,"favor_lv":40,"story_id":801401},{"pet_id":6201,"favor_lv":50,"story_id":801501},{"pet_id":6201,"favor_lv":60,"story_id":801601},{"pet_id":6201,"favor_lv":70,"story_id":801701},{"pet_id":6202,"favor_lv":10,"story_id":802101},{"pet_id":6202,"favor_lv":20,"story_id":802201},{"pet_id":6202,"favor_lv":30,"story_id":802301},{"pet_id":6202,"favor_lv":40,"story_id":802401},{"pet_id":6202,"favor_lv":50,"story_id":802501},{"pet_id":6202,"favor_lv":60,"story_id":802601},{"pet_id":6202,"favor_lv":70,"story_id":802701},{"pet_id":6203,"favor_lv":10,"story_id":803101},{"pet_id":6203,"favor_lv":20,"story_id":803201},{"pet_id":6203,"favor_lv":30,"story_id":803301},{"pet_id":6203,"favor_lv":40,"story_id":803401},{"pet_id":6203,"favor_lv":50,"story_id":803501},{"pet_id":6203,"favor_lv":60,"story_id":803601},{"pet_id":6203,"favor_lv":70,"story_id":803701},{"pet_id":6204,"favor_lv":10,"story_id":804101},{"pet_id":6204,"favor_lv":20,"story_id":804201},{"pet_id":6204,"favor_lv":30,"story_id":804301},{"pet_id":6204,"favor_lv":40,"story_id":804401},{"pet_id":6204,"favor_lv":50,"story_id":804501},{"pet_id":6204,"favor_lv":60,"story_id":804601},{"pet_id":6204,"favor_lv":70,"story_id":804701},{"pet_id":6205,"favor_lv":10,"story_id":805101},{"pet_id":6205,"favor_lv":20,"story_id":805201},{"pet_id":6205,"favor_lv":30,"story_id":805301},{"pet_id":6205,"favor_lv":40,"story_id":805401},{"pet_id":6205,"favor_lv":50,"story_id":805501},{"pet_id":6205,"favor_lv":60,"story_id":805601},{"pet_id":6205,"favor_lv":70,"story_id":805701},{"pet_id":6206,"favor_lv":10,"story_id":806101},{"pet_id":6206,"favor_lv":20,"story_id":806201},{"pet_id":6206,"favor_lv":30,"story_id":806301},{"pet_id":6206,"favor_lv":40,"story_id":806401},{"pet_id":6206,"favor_lv":50,"story_id":806501},{"pet_id":6206,"favor_lv":60,"story_id":806601},{"pet_id":6206,"favor_lv":70,"story_id":806701}]