[{"chapter_id":1,"customer_time":10,"customer_num_min":1,"customer_num_max":1,"sour_min":1,"sour_max":10,"sour_add":2,"sweet_min":1,"sweet_max":10,"sweet_add":2,"bitter_min":1,"bitter_max":10,"bitter_add":2,"spicy_min":1,"spicy_max":10,"spicy_add":2,"sault_min":1,"sault_max":10,"sault_add":2,"fresh_min":1,"fresh_max":10,"fresh_add":2,"gold":100,"gold_flaot":50,"customer_type1":1,"weight1":5,"customer_type2":2,"weight2":4,"customer_type3":3,"weight3":3,"customer_type4":4,"weight4":2,"customer_type5":5,"weight5":1,"chapter_weight":1},{"chapter_id":2,"customer_time":12,"customer_num_min":1,"customer_num_max":2,"sour_min":1,"sour_max":10,"sour_add":2,"sweet_min":1,"sweet_max":10,"sweet_add":2,"bitter_min":1,"bitter_max":10,"bitter_add":2,"spicy_min":1,"spicy_max":10,"spicy_add":2,"sault_min":1,"sault_max":10,"sault_add":2,"fresh_min":1,"fresh_max":10,"fresh_add":2,"gold":200,"gold_flaot":100,"customer_type1":6,"weight1":5,"customer_type2":7,"weight2":4,"customer_type3":8,"weight3":3,"customer_type4":9,"weight4":2,"customer_type5":10,"weight5":1,"chapter_weight":1},{"chapter_id":3,"customer_time":15,"customer_num_min":1,"customer_num_max":2,"sour_min":1,"sour_max":10,"sour_add":2,"sweet_min":1,"sweet_max":10,"sweet_add":2,"bitter_min":1,"bitter_max":10,"bitter_add":2,"spicy_min":1,"spicy_max":10,"spicy_add":2,"sault_min":1,"sault_max":10,"sault_add":2,"fresh_min":1,"fresh_max":10,"fresh_add":2,"gold":300,"gold_flaot":150,"customer_type1":11,"weight1":5,"customer_type2":12,"weight2":4,"customer_type3":13,"weight3":3,"customer_type4":14,"weight4":2,"customer_type5":15,"weight5":1,"chapter_weight":1},{"chapter_id":4,"customer_time":18,"customer_num_min":1,"customer_num_max":3,"sour_min":1,"sour_max":10,"sour_add":2,"sweet_min":1,"sweet_max":10,"sweet_add":2,"bitter_min":1,"bitter_max":10,"bitter_add":2,"spicy_min":1,"spicy_max":10,"spicy_add":2,"sault_min":1,"sault_max":10,"sault_add":2,"fresh_min":1,"fresh_max":10,"fresh_add":2,"gold":400,"gold_flaot":200,"customer_type1":16,"weight1":5,"customer_type2":17,"weight2":4,"customer_type3":18,"weight3":3,"customer_type4":19,"weight4":2,"customer_type5":20,"weight5":1,"chapter_weight":1},{"chapter_id":5,"customer_time":20,"customer_num_min":1,"customer_num_max":3,"sour_min":1,"sour_max":10,"sour_add":2,"sweet_min":1,"sweet_max":10,"sweet_add":2,"bitter_min":1,"bitter_max":10,"bitter_add":2,"spicy_min":1,"spicy_max":10,"spicy_add":2,"sault_min":1,"sault_max":10,"sault_add":2,"fresh_min":1,"fresh_max":10,"fresh_add":2,"gold":500,"gold_flaot":250,"customer_type1":21,"weight1":5,"customer_type2":22,"weight2":4,"customer_type3":23,"weight3":3,"customer_type4":24,"weight4":2,"customer_type5":25,"weight5":1,"chapter_weight":1},{"chapter_id":6,"customer_time":22,"customer_num_min":1,"customer_num_max":4,"sour_min":1,"sour_max":10,"sour_add":2,"sweet_min":1,"sweet_max":10,"sweet_add":2,"bitter_min":1,"bitter_max":10,"bitter_add":2,"spicy_min":1,"spicy_max":10,"spicy_add":2,"sault_min":1,"sault_max":10,"sault_add":2,"fresh_min":1,"fresh_max":10,"fresh_add":2,"gold":600,"gold_flaot":300,"customer_type1":26,"weight1":5,"customer_type2":27,"weight2":4,"customer_type3":28,"weight3":3,"customer_type4":29,"weight4":2,"customer_type5":30,"weight5":1,"chapter_weight":1},{"chapter_id":7,"customer_time":24,"customer_num_min":1,"customer_num_max":4,"sour_min":1,"sour_max":10,"sour_add":2,"sweet_min":1,"sweet_max":10,"sweet_add":2,"bitter_min":1,"bitter_max":10,"bitter_add":2,"spicy_min":1,"spicy_max":10,"spicy_add":2,"sault_min":1,"sault_max":10,"sault_add":2,"fresh_min":1,"fresh_max":10,"fresh_add":2,"gold":700,"gold_flaot":350,"customer_type1":31,"weight1":5,"customer_type2":32,"weight2":4,"customer_type3":33,"weight3":3,"customer_type4":34,"weight4":2,"customer_type5":35,"weight5":1,"chapter_weight":1},{"chapter_id":8,"customer_time":26,"customer_num_min":1,"customer_num_max":5,"sour_min":1,"sour_max":10,"sour_add":2,"sweet_min":1,"sweet_max":10,"sweet_add":2,"bitter_min":1,"bitter_max":10,"bitter_add":2,"spicy_min":1,"spicy_max":10,"spicy_add":2,"sault_min":1,"sault_max":10,"sault_add":2,"fresh_min":1,"fresh_max":10,"fresh_add":2,"gold":800,"gold_flaot":400,"customer_type1":36,"weight1":5,"customer_type2":37,"weight2":4,"customer_type3":38,"weight3":3,"customer_type4":39,"weight4":2,"customer_type5":40,"weight5":1,"chapter_weight":1},{"chapter_id":9,"customer_time":28,"customer_num_min":1,"customer_num_max":5,"sour_min":1,"sour_max":10,"sour_add":2,"sweet_min":1,"sweet_max":10,"sweet_add":2,"bitter_min":1,"bitter_max":10,"bitter_add":2,"spicy_min":1,"spicy_max":10,"spicy_add":2,"sault_min":1,"sault_max":10,"sault_add":2,"fresh_min":1,"fresh_max":10,"fresh_add":2,"gold":900,"gold_flaot":450,"customer_type1":41,"weight1":5,"customer_type2":42,"weight2":4,"customer_type3":43,"weight3":3,"customer_type4":44,"weight4":2,"customer_type5":45,"weight5":1,"chapter_weight":1},{"chapter_id":10,"customer_time":30,"customer_num_min":1,"customer_num_max":6,"sour_min":1,"sour_max":10,"sour_add":2,"sweet_min":1,"sweet_max":10,"sweet_add":2,"bitter_min":1,"bitter_max":10,"bitter_add":2,"spicy_min":1,"spicy_max":10,"spicy_add":2,"sault_min":1,"sault_max":10,"sault_add":2,"fresh_min":1,"fresh_max":10,"fresh_add":2,"gold":1000,"gold_flaot":500,"customer_type1":46,"weight1":5,"customer_type2":47,"weight2":4,"customer_type3":48,"weight3":3,"customer_type4":49,"weight4":2,"customer_type5":50,"weight5":1,"chapter_weight":1},{"chapter_id":11,"customer_time":32,"customer_num_min":1,"customer_num_max":6,"sour_min":1,"sour_max":10,"sour_add":2,"sweet_min":1,"sweet_max":10,"sweet_add":2,"bitter_min":1,"bitter_max":10,"bitter_add":2,"spicy_min":1,"spicy_max":10,"spicy_add":2,"sault_min":1,"sault_max":10,"sault_add":2,"fresh_min":1,"fresh_max":10,"fresh_add":2,"gold":1100,"gold_flaot":550,"customer_type1":51,"weight1":5,"customer_type2":52,"weight2":4,"customer_type3":53,"weight3":3,"customer_type4":54,"weight4":2,"customer_type5":55,"weight5":1,"chapter_weight":1},{"chapter_id":12,"customer_time":34,"customer_num_min":1,"customer_num_max":7,"sour_min":1,"sour_max":10,"sour_add":2,"sweet_min":1,"sweet_max":10,"sweet_add":2,"bitter_min":1,"bitter_max":10,"bitter_add":2,"spicy_min":1,"spicy_max":10,"spicy_add":2,"sault_min":1,"sault_max":10,"sault_add":2,"fresh_min":1,"fresh_max":10,"fresh_add":2,"gold":1200,"gold_flaot":600,"customer_type1":56,"weight1":5,"customer_type2":57,"weight2":4,"customer_type3":58,"weight3":3,"customer_type4":59,"weight4":2,"customer_type5":60,"weight5":1,"chapter_weight":1},{"chapter_id":13,"customer_time":36,"customer_num_min":1,"customer_num_max":7,"sour_min":1,"sour_max":10,"sour_add":2,"sweet_min":1,"sweet_max":10,"sweet_add":2,"bitter_min":1,"bitter_max":10,"bitter_add":2,"spicy_min":1,"spicy_max":10,"spicy_add":2,"sault_min":1,"sault_max":10,"sault_add":2,"fresh_min":1,"fresh_max":10,"fresh_add":2,"gold":1300,"gold_flaot":650,"customer_type1":61,"weight1":5,"customer_type2":62,"weight2":4,"customer_type3":63,"weight3":3,"customer_type4":64,"weight4":2,"customer_type5":65,"weight5":1,"chapter_weight":1},{"chapter_id":14,"customer_time":40,"customer_num_min":1,"customer_num_max":8,"sour_min":1,"sour_max":10,"sour_add":2,"sweet_min":1,"sweet_max":10,"sweet_add":2,"bitter_min":1,"bitter_max":10,"bitter_add":2,"spicy_min":1,"spicy_max":10,"spicy_add":2,"sault_min":1,"sault_max":10,"sault_add":2,"fresh_min":1,"fresh_max":10,"fresh_add":2,"gold":1400,"gold_flaot":700,"customer_type1":66,"weight1":5,"customer_type2":67,"weight2":4,"customer_type3":68,"weight3":3,"customer_type4":69,"weight4":2,"customer_type5":70,"weight5":1,"chapter_weight":1},{"chapter_id":15,"customer_time":38,"customer_num_min":1,"customer_num_max":8,"sour_min":1,"sour_max":10,"sour_add":2,"sweet_min":1,"sweet_max":10,"sweet_add":2,"bitter_min":1,"bitter_max":10,"bitter_add":2,"spicy_min":1,"spicy_max":10,"spicy_add":2,"sault_min":1,"sault_max":10,"sault_add":2,"fresh_min":1,"fresh_max":10,"fresh_add":2,"gold":1500,"gold_flaot":750,"customer_type1":71,"weight1":5,"customer_type2":72,"weight2":4,"customer_type3":73,"weight3":3,"customer_type4":74,"weight4":2,"customer_type5":75,"weight5":1,"chapter_weight":1}]