[{"favour_level":1,"favour_exp":10,"skill_num":0},{"favour_level":2,"favour_exp":20,"skill_num":0},{"favour_level":3,"favour_exp":30,"skill_num":0},{"favour_level":4,"favour_exp":40,"skill_num":0},{"favour_level":5,"favour_exp":50,"skill_num":0},{"favour_level":6,"favour_exp":60,"skill_num":0},{"favour_level":7,"favour_exp":70,"skill_num":0},{"favour_level":8,"favour_exp":80,"skill_num":0},{"favour_level":9,"favour_exp":90,"skill_num":0},{"favour_level":10,"favour_exp":100,"skill_num":1},{"favour_level":11,"favour_exp":120,"skill_num":1},{"favour_level":12,"favour_exp":140,"skill_num":1},{"favour_level":13,"favour_exp":160,"skill_num":1},{"favour_level":14,"favour_exp":180,"skill_num":1},{"favour_level":15,"favour_exp":200,"skill_num":1},{"favour_level":16,"favour_exp":220,"skill_num":1},{"favour_level":17,"favour_exp":240,"skill_num":1},{"favour_level":18,"favour_exp":260,"skill_num":1},{"favour_level":19,"favour_exp":280,"skill_num":1},{"favour_level":20,"favour_exp":300,"skill_num":2},{"favour_level":21,"favour_exp":330,"skill_num":2},{"favour_level":22,"favour_exp":360,"skill_num":2},{"favour_level":23,"favour_exp":390,"skill_num":2},{"favour_level":24,"favour_exp":420,"skill_num":2},{"favour_level":25,"favour_exp":450,"skill_num":2},{"favour_level":26,"favour_exp":480,"skill_num":2},{"favour_level":27,"favour_exp":510,"skill_num":2},{"favour_level":28,"favour_exp":540,"skill_num":2},{"favour_level":29,"favour_exp":570,"skill_num":2},{"favour_level":30,"favour_exp":600,"skill_num":3},{"favour_level":31,"favour_exp":640,"skill_num":3},{"favour_level":32,"favour_exp":680,"skill_num":3},{"favour_level":33,"favour_exp":720,"skill_num":3},{"favour_level":34,"favour_exp":760,"skill_num":3},{"favour_level":35,"favour_exp":800,"skill_num":3},{"favour_level":36,"favour_exp":840,"skill_num":3},{"favour_level":37,"favour_exp":880,"skill_num":3},{"favour_level":38,"favour_exp":920,"skill_num":3},{"favour_level":39,"favour_exp":960,"skill_num":3},{"favour_level":40,"favour_exp":1000,"skill_num":4},{"favour_level":41,"favour_exp":1050,"skill_num":4},{"favour_level":42,"favour_exp":1100,"skill_num":4},{"favour_level":43,"favour_exp":1150,"skill_num":4},{"favour_level":44,"favour_exp":1200,"skill_num":4},{"favour_level":45,"favour_exp":1250,"skill_num":4},{"favour_level":46,"favour_exp":1300,"skill_num":4},{"favour_level":47,"favour_exp":1350,"skill_num":4},{"favour_level":48,"favour_exp":1400,"skill_num":4},{"favour_level":49,"favour_exp":1450,"skill_num":4},{"favour_level":50,"favour_exp":1500,"skill_num":5},{"favour_level":51,"favour_exp":1560,"skill_num":5},{"favour_level":52,"favour_exp":1620,"skill_num":5},{"favour_level":53,"favour_exp":1680,"skill_num":5},{"favour_level":54,"favour_exp":1740,"skill_num":5},{"favour_level":55,"favour_exp":1800,"skill_num":5},{"favour_level":56,"favour_exp":1860,"skill_num":5},{"favour_level":57,"favour_exp":1920,"skill_num":5},{"favour_level":58,"favour_exp":1980,"skill_num":5},{"favour_level":59,"favour_exp":2040,"skill_num":5},{"favour_level":60,"favour_exp":2100,"skill_num":6},{"favour_level":61,"favour_exp":2170,"skill_num":6},{"favour_level":62,"favour_exp":2240,"skill_num":6},{"favour_level":63,"favour_exp":2310,"skill_num":6},{"favour_level":64,"favour_exp":2380,"skill_num":6},{"favour_level":65,"favour_exp":2450,"skill_num":6},{"favour_level":66,"favour_exp":2520,"skill_num":6},{"favour_level":67,"favour_exp":2590,"skill_num":6},{"favour_level":68,"favour_exp":2660,"skill_num":6},{"favour_level":69,"favour_exp":2730,"skill_num":6},{"favour_level":70,"favour_exp":2800,"skill_num":7},{"favour_level":71,"favour_exp":2880,"skill_num":7},{"favour_level":72,"favour_exp":2960,"skill_num":7},{"favour_level":73,"favour_exp":3040,"skill_num":7},{"favour_level":74,"favour_exp":3120,"skill_num":7},{"favour_level":75,"favour_exp":3200,"skill_num":7},{"favour_level":76,"favour_exp":3280,"skill_num":7},{"favour_level":77,"favour_exp":3360,"skill_num":7},{"favour_level":78,"favour_exp":3440,"skill_num":7},{"favour_level":79,"favour_exp":3520,"skill_num":7},{"favour_level":80,"favour_exp":3600,"skill_num":8},{"favour_level":81,"favour_exp":3690,"skill_num":8},{"favour_level":82,"favour_exp":3780,"skill_num":8},{"favour_level":83,"favour_exp":3870,"skill_num":8},{"favour_level":84,"favour_exp":3960,"skill_num":8},{"favour_level":85,"favour_exp":4050,"skill_num":8},{"favour_level":86,"favour_exp":4140,"skill_num":8},{"favour_level":87,"favour_exp":4230,"skill_num":8},{"favour_level":88,"favour_exp":4320,"skill_num":8},{"favour_level":89,"favour_exp":4410,"skill_num":8},{"favour_level":90,"favour_exp":4500,"skill_num":9},{"favour_level":91,"favour_exp":4600,"skill_num":9},{"favour_level":92,"favour_exp":4700,"skill_num":9},{"favour_level":93,"favour_exp":4800,"skill_num":9},{"favour_level":94,"favour_exp":4900,"skill_num":9},{"favour_level":95,"favour_exp":5000,"skill_num":9},{"favour_level":96,"favour_exp":5100,"skill_num":9},{"favour_level":97,"favour_exp":5200,"skill_num":9},{"favour_level":98,"favour_exp":5300,"skill_num":9},{"favour_level":99,"favour_exp":5400,"skill_num":9},{"favour_level":100,"favour_exp":10000,"skill_num":10}]