[{"config_id":1,"name1":"三毛","name2":"みみ","name3":"喫茶"},{"config_id":2,"name1":"ハチ","name2":"しっぽ","name3":"店"},{"config_id":3,"name1":"クロ","name2":"毛","name3":"亭"},{"config_id":4,"name1":"シロ","name2":"肉球","name3":"房"},{"config_id":5,"name1":"茶","name2":"もこ","name3":"坊"},{"config_id":6,"name1":"茶白","name2":"もふ","name3":"茶店"},{"config_id":7,"name1":"スコ","name2":"ふに","name3":"料理"},{"config_id":8,"name1":"ブリ","name2":"ぷに","name3":"帝国"},{"config_id":9,"name1":"ラグ","name2":"ふわ","name3":"苑"},{"config_id":10,"name1":"アビ","name2":"とろ","name3":"園"},{"config_id":11,"name1":"柴","name2":"ゆる","name3":"菜館"},{"config_id":12,"name1":"豆柴","name2":"ぽこ","name3":"家"},{"config_id":13,"name1":"ブル","name2":"ちゃぷ","name3":"名人"},{"config_id":14,"name1":"秋田","name2":"ゆる","name3":"楼"},{"config_id":15,"name1":"土佐","name2":"ニャン","name3":"庭"},{"config_id":16,"name1":"パグ","name2":"ワン","name3":"宫"},{"config_id":17,"name1":"ニャ","name2":"ピカ","name3":"城"},{"config_id":18,"name1":"可憐","name2":"カワ","name3":"酒楼"},{"config_id":19,"name1":"和風","name2":"モテ","name3":"都"},{"config_id":20,"name1":"欧風","name2":"キラ","name3":"珈琲"},{"config_id":21,"name1":"中華","name2":"あ～ん","name3":"甘香"},{"config_id":22,"name1":"肉肉","name2":"いちゃ","name3":"茶店"},{"config_id":23,"name1":"海海","name2":"もきゅ","name3":"紅茶"},{"config_id":24,"name1":"花花","name2":"ぴゅあ","name3":"美人"},{"config_id":25,"name1":"麗し","name2":"ぺたん","name3":"美猫"},{"config_id":26,"name1":"誘惑","name2":"ぴた","name3":"犬"},{"config_id":27,"name1":"執事","name2":"うるる","name3":"ねこ"},{"config_id":28,"name1":"紳士","name2":"きらら","name3":"いぬ"},{"config_id":29,"name1":"陶酔","name2":"ドキッ","name3":"慕情"},{"config_id":30,"name1":"浪漫","name2":"キュン","name3":"恋慕"},{"config_id":31,"name1":"春風","name2":"ククク","name3":"情熱"},{"config_id":32,"name1":"夏空","name2":"くふふ","name3":"恋飯"},{"config_id":33,"name1":"秋色","name2":"エキゾ","name3":"愛情"},{"config_id":34,"name1":"冬","name2":"アメショ","name3":"魅力"},{"config_id":35,"name1":"美食","name2":"ペキニー","name3":"片想"},{"config_id":36,"name1":"糖糖","name2":"ボメラニ","name3":"恋情"},{"config_id":37,"name1":"辛辛","name2":"コリー","name3":"キス"},{"config_id":38,"name1":"可愛","name2":"コーギー","name3":"ハグ"},{"config_id":39,"name1":"星空","name2":"チャウ","name3":"恋占"},{"config_id":40,"name1":"虹色","name2":"パピヨン","name3":"極"},{"config_id":41,"name1":"珊瑚","name2":"シーズー","name3":"粋"},{"config_id":42,"name1":"水飴","name2":"トイプー","name3":"姫"},{"config_id":43,"name1":"桃色","name2":"爽やか","name3":"王"},{"config_id":44,"name1":"真紅","name2":"華やか","name3":"王子"},{"config_id":45,"name1":"薔薇","name2":"うさうさ","name3":"后"},{"config_id":46,"name1":"薄紅","name2":"白うさぎ","name3":"皇帝"},{"config_id":47,"name1":"琥珀","name2":"黒うさぎ","name3":"舞踏"},{"config_id":48,"name1":"山吹","name2":"マンチ","name3":"船"},{"config_id":49,"name1":"杏","name2":"ソマリ","name3":"浪漫"},{"config_id":50,"name1":"若菜","name2":"チワワ","name3":"詩"},{"config_id":51,"name1":"山吹","name2":"ポメラ","name3":"歌"},{"config_id":52,"name1":"柚葉","name2":"シャム","name3":"楽曲"},{"config_id":53,"name1":"萌葱","name2":"もっちり","name3":"輪舞"},{"config_id":54,"name1":"竜胆","name2":"もぎゅ","name3":"奏曲"},{"config_id":55,"name1":"葡萄","name2":"汗だく","name3":"序曲"},{"config_id":56,"name1":"葵","name2":"だくだく","name3":"組曲"},{"config_id":57,"name1":"薄紅","name2":"もりもり","name3":"旋律"},{"config_id":58,"name1":"紅","name2":"たっぷり","name3":"匠"},{"config_id":59,"name1":"牡丹","name2":"とろ～り","name3":"福"},{"config_id":60,"name1":"薄桜","name2":"たわわ","name3":"創作"},{"config_id":61,"name1":"乙女","name2":"たぷたぷ","name3":"温泉"},{"config_id":62,"name1":"白梅","name2":"チュッ","name3":"美酒"},{"config_id":63,"name1":"亜麻","name2":"えへへ","name3":"名店"},{"config_id":64,"name1":"うみ","name2":"ガブッ","name3":"料亭"},{"config_id":65,"name1":"えり","name2":"どすこい","name3":"食堂"},{"config_id":66,"name1":"あこ","name2":"どたばた","name3":"茶寮"},{"config_id":67,"name1":"しほ","name2":"どっさり","name3":"割烹"},{"config_id":68,"name1":"さな","name2":"どんぶり","name3":"約束"},{"config_id":69,"name1":"すず","name2":"めろめろ","name3":"駅"},{"config_id":70,"name1":"さき","name2":"ゆるふわ","name3":"学校"},{"config_id":71,"name1":"さよ","name2":"にこにこ","name3":"教室"},{"config_id":72,"name1":"ちい","name2":"うっとり","name3":"山頂"},{"config_id":73,"name1":"ちさ","name2":"のほほん","name3":"授業"},{"config_id":74,"name1":"ちせ","name2":"のんびり","name3":"湯処"},{"config_id":75,"name1":"なな","name2":"ぱくぱく","name3":"旅行"},{"config_id":76,"name1":"まみ","name2":"ばくばく","name3":"花園"},{"config_id":77,"name1":"ゆい","name2":"ぱくっ","name3":"花畑"},{"config_id":78,"name1":"りの","name2":"ハグ","name3":"牧場"},{"config_id":79,"name1":"りい","name2":"ばっちり","name3":"楽園"},{"config_id":80,"name1":"れな","name2":"激ウマ","name3":"世界"},{"config_id":81,"name1":"るみ","name2":"激カラ","name3":"天国"},{"config_id":82,"name1":"はる","name2":"ぴこぴこ","name3":"引力"},{"config_id":83,"name1":"りく","name2":"ひそひそ","name3":"星"},{"config_id":84,"name1":"かい","name2":"ぴちぴち","name3":"夢"},{"config_id":85,"name1":"れん","name2":"ぷるぷる","name3":"愛"},{"config_id":86,"name1":"ゆう","name2":"ピタッ","name3":"占い"},{"config_id":87,"name1":"恍惚","name2":"まったり","name3":"競争"},{"config_id":88,"name1":"一途","name2":"もぐもぐ","name3":"GO"},{"config_id":89,"name1":"昴","name2":"よちよち","name3":"小屋"},{"config_id":90,"name1":"乱","name2":"るんるん","name3":"家族"},{"config_id":91,"name1":"煌き","name2":"取れたて","name3":"下僕"},{"config_id":92,"name1":"橘","name2":"絶品","name3":"主人"},{"config_id":93,"name1":"雅","name2":"こんがり","name3":"恋人"},{"config_id":94,"name1":"モカ","name2":"スイート","name3":"初恋"},{"config_id":95,"name1":"イブ","name2":"ビター","name3":"彼氏"},{"config_id":96,"name1":"ララ","name2":"激ウマ","name3":"恋彼"},{"config_id":97,"name1":"ラム","name2":"満腹","name3":"彼女"},{"config_id":98,"name1":"ミラ","name2":"びっくり","name3":"蜂蜜"},{"config_id":99,"name1":"メル","name2":"どっきり","name3":"次元"},{"config_id":100,"name1":"ネネ","name2":"ときめき","name3":"星"},{"config_id":101,"name1":"絆","name2":"あつあつ","name3":"月"},{"config_id":102,"name1":"誓の","name2":"ミラクル","name3":"ラブ"}]