[{"pet_id":6001,"condition":1,"condition_value":1,"weight":1,"comment":"へへっ、明日はごちそういっぱい食べちゃお！"},{"pet_id":6001,"condition":1,"condition_value":2,"weight":1,"comment":"え～ん、今夜もインスタントラーメンかなあ。"},{"pet_id":6001,"condition":2,"condition_value":1,"weight":1,"comment":"天国だってこんなに魅力的じゃないですよ！"},{"pet_id":6001,"condition":2,"condition_value":2,"weight":1,"comment":"まだまだお店の魅力が足りませんね。"},{"pet_id":6001,"condition":3,"condition_value":1,"weight":1,"comment":"快適なお店は人気店への第一歩ですね。"},{"pet_id":6001,"condition":3,"condition_value":2,"weight":1,"comment":"もっと過ごしやすいお店にならないかな。"},{"pet_id":6001,"condition":4,"condition_value":1,"weight":1,"comment":"う～ん、やる気が出ません。"},{"pet_id":6001,"condition":4,"condition_value":2,"weight":1,"comment":"はりきってお仕事！"},{"pet_id":6001,"condition":4,"condition_value":3,"weight":1,"comment":"私はいつもオーナーさんについていきます。"},{"pet_id":6001,"condition":5,"condition_value":0,"weight":1,"comment":"わたしはココ。最高のレストランをつくりましょ！"},{"pet_id":6002,"condition":1,"condition_value":1,"weight":1,"comment":"明日はあの子をデートに誘うんだ！"},{"pet_id":6002,"condition":1,"condition_value":2,"weight":1,"comment":"節約レシピが続きそうだなあ。"},{"pet_id":6002,"condition":2,"condition_value":1,"weight":1,"comment":"だれもがうらやむレストランって感じだろ？"},{"pet_id":6002,"condition":2,"condition_value":2,"weight":1,"comment":"なんかもの足りないよな～。"},{"pet_id":6002,"condition":3,"condition_value":1,"weight":1,"comment":"居心地バツグン！夢見心地だね。"},{"pet_id":6002,"condition":3,"condition_value":2,"weight":1,"comment":"ちょっと窮屈かな～。"},{"pet_id":6002,"condition":4,"condition_value":1,"weight":1,"comment":"ダメだ～オイラ、力が全然出ないよ。"},{"pet_id":6002,"condition":4,"condition_value":2,"weight":1,"comment":"ほらほら、みんなもがんばろうぜ！"},{"pet_id":6002,"condition":4,"condition_value":3,"weight":1,"comment":"オーナー、一生ついていくよ！"},{"pet_id":6002,"condition":5,"condition_value":0,"weight":1,"comment":"オイラ豆柴！あ、あの子、かわいすぎ！あの子も！"},{"pet_id":6003,"condition":1,"condition_value":1,"weight":1,"comment":"十分過ぎるお給料です。"},{"pet_id":6003,"condition":1,"condition_value":2,"weight":1,"comment":"今月ちょっとピンチですね。"},{"pet_id":6003,"condition":2,"condition_value":1,"weight":1,"comment":"惚れ惚れするようなお店ですね。"},{"pet_id":6003,"condition":2,"condition_value":2,"weight":1,"comment":"どうしたら魅力的なお店になるでしょうか。"},{"pet_id":6003,"condition":3,"condition_value":1,"weight":1,"comment":"うん、これならお客様にもくつろいでいただけます。"},{"pet_id":6003,"condition":3,"condition_value":2,"weight":1,"comment":"もっと広々としたお店がいいですね。"},{"pet_id":6003,"condition":4,"condition_value":1,"weight":1,"comment":"すみません、なんだか気持ちが入らなくって。"},{"pet_id":6003,"condition":4,"condition_value":2,"weight":1,"comment":"よいおもてなしを致しましょう。"},{"pet_id":6003,"condition":4,"condition_value":3,"weight":1,"comment":"私はオーナーと永遠に契約したいです。"},{"pet_id":6003,"condition":5,"condition_value":0,"weight":1,"comment":"海翔です。歌うときのように、お客様をもてなすよ。"},{"pet_id":6004,"condition":1,"condition_value":1,"weight":1,"comment":"いつかお店を開くために、貯金、貯金！"},{"pet_id":6004,"condition":1,"condition_value":2,"weight":1,"comment":"貯金残高が減っちゃいそうです。"},{"pet_id":6004,"condition":2,"condition_value":1,"weight":1,"comment":"うっとりするようなお店になりました。"},{"pet_id":6004,"condition":2,"condition_value":2,"weight":1,"comment":"う～ん、イマイチ魅力に欠けますね。"},{"pet_id":6004,"condition":3,"condition_value":1,"weight":1,"comment":"この居心地！素晴らしいです。"},{"pet_id":6004,"condition":3,"condition_value":2,"weight":1,"comment":"快適なお店づくりは難しいですね。"},{"pet_id":6004,"condition":4,"condition_value":1,"weight":1,"comment":"少し疲れているかもしれません。"},{"pet_id":6004,"condition":4,"condition_value":2,"weight":1,"comment":"みんなで力を合わせましょう！"},{"pet_id":6004,"condition":4,"condition_value":3,"weight":1,"comment":"私たちの喜びはみなさまへのサービスのために。"},{"pet_id":6004,"condition":5,"condition_value":0,"weight":1,"comment":"隼です。あなたと働くことができて光栄です。"},{"pet_id":6005,"condition":1,"condition_value":1,"weight":1,"comment":"明日はお買い物！オーナーも来てくれるよね？"},{"pet_id":6005,"condition":1,"condition_value":2,"weight":1,"comment":"美味しいごはんが買えません(涙)。"},{"pet_id":6005,"condition":2,"condition_value":1,"weight":1,"comment":"こんなお店ならだ～い好き！"},{"pet_id":6005,"condition":2,"condition_value":2,"weight":1,"comment":"愛されレストランがいいなあ。"},{"pet_id":6005,"condition":3,"condition_value":1,"weight":1,"comment":"ひろ～いキッチン！嬉しいな。"},{"pet_id":6005,"condition":3,"condition_value":2,"weight":1,"comment":"オーナーさん、もっと居心地のよいお店がいいな。"},{"pet_id":6005,"condition":4,"condition_value":1,"weight":1,"comment":"ふにゅ～……。しょんぼり…。"},{"pet_id":6005,"condition":4,"condition_value":2,"weight":1,"comment":"みんなもがんばりましょ！"},{"pet_id":6005,"condition":4,"condition_value":3,"weight":1,"comment":"チキンにビーフ、お魚もぜ～んぶそろってる！"},{"pet_id":6005,"condition":5,"condition_value":0,"weight":1,"comment":"ルルだよ。美味しいごちそうはみ〜んな私のもの！"},{"pet_id":6006,"condition":1,"condition_value":1,"weight":1,"comment":"ダーリンへのプレゼント何にしよう？"},{"pet_id":6006,"condition":1,"condition_value":2,"weight":1,"comment":"アイヤ～。お給料足りないね。"},{"pet_id":6006,"condition":2,"condition_value":1,"weight":1,"comment":"さすがダーリン。みんなに好かれる魅力的なお店ね。"},{"pet_id":6006,"condition":2,"condition_value":2,"weight":1,"comment":"ダーリン！もっと魅力的なお店にするアル。"},{"pet_id":6006,"condition":3,"condition_value":1,"weight":1,"comment":"ダーリンとまったり過ごせるお店になったね。"},{"pet_id":6006,"condition":3,"condition_value":2,"weight":1,"comment":"ダーリン、窮屈アルね。"},{"pet_id":6006,"condition":4,"condition_value":1,"weight":1,"comment":"ハナはやる気が出ないアルね。"},{"pet_id":6006,"condition":4,"condition_value":2,"weight":1,"comment":"え～ん、ダーリンもっとかまってね！"},{"pet_id":6006,"condition":4,"condition_value":3,"weight":1,"comment":"ダーリン！だ～い好き！"},{"pet_id":6006,"condition":5,"condition_value":0,"weight":1,"comment":"ハナの夢は素敵なお嫁さんになることね！"},{"pet_id":6007,"condition":1,"condition_value":1,"weight":1,"comment":"お給料は貯金しちゃいます！"},{"pet_id":6007,"condition":1,"condition_value":2,"weight":1,"comment":"今月、お給料ギリギリだなあ。"},{"pet_id":6007,"condition":2,"condition_value":1,"weight":1,"comment":"こんなに素敵なお店、誇らしいです。"},{"pet_id":6007,"condition":2,"condition_value":2,"weight":1,"comment":"オーナーさん、内装を変えてみませんか？"},{"pet_id":6007,"condition":3,"condition_value":1,"weight":1,"comment":"アットホームな雰囲気で快適ですね。"},{"pet_id":6007,"condition":3,"condition_value":2,"weight":1,"comment":"この居心地！ずっといられちゃいますね。"},{"pet_id":6007,"condition":4,"condition_value":1,"weight":1,"comment":"つ、疲れてないですよ…。"},{"pet_id":6007,"condition":4,"condition_value":2,"weight":1,"comment":"えっと、力を合わせてがんばりましょう！"},{"pet_id":6007,"condition":4,"condition_value":3,"weight":1,"comment":"私、オーナーさんと出会えてよかったって思うんです。"},{"pet_id":6007,"condition":5,"condition_value":0,"weight":1,"comment":"えっと、ピッピと申します。これからよろしくお願いします。"},{"pet_id":6008,"condition":1,"condition_value":1,"weight":1,"comment":"ふふ、ミミのお財布いっぱいなのだ！"},{"pet_id":6008,"condition":1,"condition_value":2,"weight":1,"comment":"おい！給料が足りないゾ！"},{"pet_id":6008,"condition":2,"condition_value":1,"weight":1,"comment":"これはカワイイ内装じゃないか。"},{"pet_id":6008,"condition":2,"condition_value":2,"weight":1,"comment":"なんだお前センスあるのか？"},{"pet_id":6008,"condition":3,"condition_value":1,"weight":1,"comment":"ふふ、ここはミミの場所だ！"},{"pet_id":6008,"condition":3,"condition_value":2,"weight":1,"comment":"内装を見直しだ！居心地大事！"},{"pet_id":6008,"condition":4,"condition_value":1,"weight":1,"comment":"ミミはやる気が落ちている！"},{"pet_id":6008,"condition":4,"condition_value":2,"weight":1,"comment":"おいお前、しっかり働くように！"},{"pet_id":6008,"condition":4,"condition_value":3,"weight":1,"comment":"ふふ、働いてやらなくもないゾ！"},{"pet_id":6008,"condition":5,"condition_value":0,"weight":1,"comment":"ミミに絶対服従するのだ！"},{"pet_id":6009,"condition":1,"condition_value":1,"weight":1,"comment":"生活のためだけじゃなく、オーナーと働きたいなって。"},{"pet_id":6009,"condition":1,"condition_value":2,"weight":1,"comment":"もっと他のバイトしないとヤバイな。"},{"pet_id":6009,"condition":2,"condition_value":1,"weight":1,"comment":"こんなに魅力的なお店見たことないよ！"},{"pet_id":6009,"condition":2,"condition_value":2,"weight":1,"comment":"な～んか違うんだよなぁ。魅力に欠けるっていうか。"},{"pet_id":6009,"condition":3,"condition_value":1,"weight":1,"comment":"へへっ。みんなに来てほしいお店だなあ。"},{"pet_id":6009,"condition":3,"condition_value":2,"weight":1,"comment":"目指すべきは、いつまでもいられる場所？っていうか。"},{"pet_id":6009,"condition":4,"condition_value":1,"weight":1,"comment":"オーナー！やる気のスイッチ押してくれ！"},{"pet_id":6009,"condition":4,"condition_value":2,"weight":1,"comment":"お客さんをもっともてなそうぜ！"},{"pet_id":6009,"condition":4,"condition_value":3,"weight":1,"comment":"テンション上がってきた！"},{"pet_id":6009,"condition":5,"condition_value":0,"weight":1,"comment":"彼女募集中！Ab（アブ）って呼んでくれよな？"},{"pet_id":6010,"condition":1,"condition_value":1,"weight":1,"comment":"まあ、はした金でも受け取っておいてやる。"},{"pet_id":6010,"condition":1,"condition_value":2,"weight":1,"comment":"ふざけるな！生活費が足りないだと？"},{"pet_id":6010,"condition":2,"condition_value":1,"weight":1,"comment":"オーナー、なかなかいいセンスしているな。"},{"pet_id":6010,"condition":2,"condition_value":2,"weight":1,"comment":"魅力に欠けるな。オレがプロデュースしてやろうか？"},{"pet_id":6010,"condition":3,"condition_value":1,"weight":1,"comment":"ふふ、快適だ。"},{"pet_id":6010,"condition":3,"condition_value":2,"weight":1,"comment":"もっとお客の気持ちを考えろ。"},{"pet_id":6010,"condition":4,"condition_value":1,"weight":1,"comment":"なんだ、オレに働いてほしいのか？"},{"pet_id":6010,"condition":4,"condition_value":2,"weight":1,"comment":"もっとテキパキ動け。オレも働いてやらんでもない。"},{"pet_id":6010,"condition":4,"condition_value":3,"weight":1,"comment":"好調だな。オレのおかげだ。"},{"pet_id":6010,"condition":5,"condition_value":0,"weight":1,"comment":"たまには働いてやろうと思ってな。……おい、無視するな。"},{"pet_id":6011,"condition":1,"condition_value":1,"weight":1,"comment":"お洋服買っちゃおうかなぁ？"},{"pet_id":6011,"condition":1,"condition_value":2,"weight":1,"comment":"オーナーさん、もっとボクのこと考えてよ。"},{"pet_id":6011,"condition":2,"condition_value":1,"weight":1,"comment":"魅力的なお店になったね。流石オーナーさん。"},{"pet_id":6011,"condition":2,"condition_value":2,"weight":1,"comment":"オーナーさん、飾り付けいっしょに考えようよ。"},{"pet_id":6011,"condition":3,"condition_value":1,"weight":1,"comment":"お店にいるとふわふわな気持ちになるよね。"},{"pet_id":6011,"condition":3,"condition_value":2,"weight":1,"comment":"もっとお客さんに快適に過ごしてほしいな。"},{"pet_id":6011,"condition":4,"condition_value":1,"weight":1,"comment":"どうしたんだろ、元気がなくって。"},{"pet_id":6011,"condition":4,"condition_value":2,"weight":1,"comment":"みんながんばろ！メロンパン、焼いてきたよ。"},{"pet_id":6011,"condition":4,"condition_value":3,"weight":1,"comment":"オーナーさん、何でも任せてください！"},{"pet_id":6011,"condition":5,"condition_value":0,"weight":1,"comment":"なんでみんなかわいい服を着せようとするの？"},{"pet_id":6012,"condition":1,"condition_value":1,"weight":1,"comment":"オーナー、お給料いっぱいでうれしいです。"},{"pet_id":6012,"condition":1,"condition_value":2,"weight":1,"comment":"お給料ギリギリ…ピンチだなあ。"},{"pet_id":6012,"condition":2,"condition_value":1,"weight":1,"comment":"魅力的なお店はまるで華やかなステージですね。"},{"pet_id":6012,"condition":2,"condition_value":2,"weight":1,"comment":"お客様への見え方って重要ですね。"},{"pet_id":6012,"condition":3,"condition_value":1,"weight":1,"comment":"この居心地ならお客様も大満足だね。"},{"pet_id":6012,"condition":3,"condition_value":2,"weight":1,"comment":"オーナー、お店の居心地を改善しませんか？"},{"pet_id":6012,"condition":4,"condition_value":1,"weight":1,"comment":"暑いのかなあ。疲れてしまって。"},{"pet_id":6012,"condition":4,"condition_value":2,"weight":1,"comment":"さあ、みんながんばろうね！"},{"pet_id":6012,"condition":4,"condition_value":3,"weight":1,"comment":"オーナー、あなたについていきます。"},{"pet_id":6012,"condition":5,"condition_value":0,"weight":1,"comment":"かなえたい夢があるんです。応援してください！"},{"pet_id":6013,"condition":1,"condition_value":1,"weight":1,"comment":"お給料いっぱい！えっ？何が欲しいって？"},{"pet_id":6013,"condition":1,"condition_value":2,"weight":1,"comment":"お給料ギリギリだなあ。"},{"pet_id":6013,"condition":2,"condition_value":1,"weight":1,"comment":"まるで夢の世界のよう！"},{"pet_id":6013,"condition":2,"condition_value":2,"weight":1,"comment":"オーナーさん、魅力的なお店にするコツ教えようか？"},{"pet_id":6013,"condition":3,"condition_value":1,"weight":1,"comment":"快適だね～。こんな居心地はじめてだよ。"},{"pet_id":6013,"condition":3,"condition_value":2,"weight":1,"comment":"う～ん、もっと居心地のいいお店にしたいな～。"},{"pet_id":6013,"condition":4,"condition_value":1,"weight":1,"comment":"このまま眠っちゃおうかな？"},{"pet_id":6013,"condition":4,"condition_value":2,"weight":1,"comment":"さあ、みんなで作り上げよう！"},{"pet_id":6013,"condition":4,"condition_value":3,"weight":1,"comment":"夢見心地を届けるよ！"},{"pet_id":6013,"condition":5,"condition_value":0,"weight":1,"comment":"ボクはラビ。夢の世界へ案内するよ。"},{"pet_id":6014,"condition":1,"condition_value":1,"weight":1,"comment":"新しいティーセットを買おうかしら。"},{"pet_id":6014,"condition":1,"condition_value":2,"weight":1,"comment":"おい、下僕。給与の見直しを提案致しますの。"},{"pet_id":6014,"condition":2,"condition_value":1,"weight":1,"comment":"細部まで選び抜かれたこのしつらえ。完璧ですわ。"},{"pet_id":6014,"condition":2,"condition_value":2,"weight":1,"comment":"魅力的なお店の作り方、一から学び直すのだ。"},{"pet_id":6014,"condition":3,"condition_value":1,"weight":1,"comment":"落ち着く空間でティータイム。夢のようなの。"},{"pet_id":6014,"condition":3,"condition_value":2,"weight":1,"comment":"ここでくつろぐことなどできないのね。"},{"pet_id":6014,"condition":4,"condition_value":1,"weight":1,"comment":"おい下僕、休憩にするのね。元気がでないのだ。"},{"pet_id":6014,"condition":4,"condition_value":2,"weight":1,"comment":"テキパキと働くのだ。"},{"pet_id":6014,"condition":4,"condition_value":3,"weight":1,"comment":"おい、下僕。面白いやつじゃ。"},{"pet_id":6014,"condition":5,"condition_value":0,"weight":1,"comment":"わたくしを選ぶとは下僕にしては悪くないな。"},{"pet_id":6015,"condition":1,"condition_value":1,"weight":1,"comment":"仲間でどこか出かけたいのぉ。"},{"pet_id":6015,"condition":1,"condition_value":2,"weight":1,"comment":"今月ピンチじゃのう。"},{"pet_id":6015,"condition":2,"condition_value":1,"weight":1,"comment":"魅力あふれるお店ができたのう！"},{"pet_id":6015,"condition":2,"condition_value":2,"weight":1,"comment":"アニキ！お客さんを引きつける魅力が必要じゃ。"},{"pet_id":6015,"condition":3,"condition_value":1,"weight":1,"comment":"いや～、居心地最高じゃの。"},{"pet_id":6015,"condition":3,"condition_value":2,"weight":1,"comment":"いかんのぉ。お店の居心地見直しじゃ！"},{"pet_id":6015,"condition":4,"condition_value":1,"weight":1,"comment":"どうしちまったのかな、やる気が。"},{"pet_id":6015,"condition":4,"condition_value":2,"weight":1,"comment":"笑顔でもてなそうぜ！"},{"pet_id":6015,"condition":4,"condition_value":3,"weight":1,"comment":"アニキ！オレはついていくぜ！"},{"pet_id":6015,"condition":5,"condition_value":0,"weight":1,"comment":"俺は人の役に立ちたいんじゃ！ほいで大切な人を守る！ ！"},{"pet_id":6016,"condition":1,"condition_value":1,"weight":1,"comment":"ウフフ、新しいお洋服を買おうかしら。"},{"pet_id":6016,"condition":1,"condition_value":2,"weight":1,"comment":"オーナーくん。もっと私のこと大切になさい！"},{"pet_id":6016,"condition":2,"condition_value":1,"weight":1,"comment":"どう？私の言った通りにすれば魅力は自然と生まれるわ！"},{"pet_id":6016,"condition":2,"condition_value":2,"weight":1,"comment":"私のアドバイスが必要かしら？魅力的なお店にしたいでしょ？"},{"pet_id":6016,"condition":3,"condition_value":1,"weight":1,"comment":"なかなか快適。オーナーくんやるじゃない。"},{"pet_id":6016,"condition":3,"condition_value":2,"weight":1,"comment":"こんなんじゃ全然ダメよ。居心地って大事なの！"},{"pet_id":6016,"condition":4,"condition_value":1,"weight":1,"comment":"ふにゃ～。やる気がなくなってしまった…。"},{"pet_id":6016,"condition":4,"condition_value":2,"weight":1,"comment":"みんなしっかり！だらしないとこは見せられないわ。"},{"pet_id":6016,"condition":4,"condition_value":3,"weight":1,"comment":"私に任せておけば問題ないわ！"},{"pet_id":6016,"condition":5,"condition_value":0,"weight":1,"comment":"私のレビューがいくつも人気店をつくったわ。HNは黒猫よ。"},{"pet_id":6018,"condition":1,"condition_value":1,"weight":1,"comment":"欲しいものがあるのかって？それは秘密さ。"},{"pet_id":6018,"condition":1,"condition_value":2,"weight":1,"comment":"オーナー君。もう少し給与を検討して欲しいな。"},{"pet_id":6018,"condition":2,"condition_value":1,"weight":1,"comment":"いやあ、魅力的なお店になったね。感動！"},{"pet_id":6018,"condition":2,"condition_value":2,"weight":1,"comment":"どうしたら魅力が増すかなあ。謎解きより難しいかも。"},{"pet_id":6018,"condition":3,"condition_value":1,"weight":1,"comment":"まったりしちゃいますね。謎解きの後はお昼寝かな？"},{"pet_id":6018,"condition":3,"condition_value":2,"weight":1,"comment":"オーナー君、快適なお店づくりは謎解きよりも簡単なはずだよ？"},{"pet_id":6018,"condition":4,"condition_value":1,"weight":1,"comment":"謎解きですか？またにしましょう。"},{"pet_id":6018,"condition":4,"condition_value":2,"weight":1,"comment":"さあ、みんなでもてなしましょう！"},{"pet_id":6018,"condition":4,"condition_value":3,"weight":1,"comment":"仕事の後は謎解きだよ。"},{"pet_id":6018,"condition":5,"condition_value":0,"weight":1,"comment":"真実を見つけるのは僕の仕事！ぼくはレストラン探偵さ。"},{"pet_id":6019,"condition":1,"condition_value":1,"weight":1,"comment":"額に汗して働くって、なんかいいわね。"},{"pet_id":6019,"condition":1,"condition_value":2,"weight":1,"comment":"欲しいカバンがあるんだけどぉ。"},{"pet_id":6019,"condition":2,"condition_value":1,"weight":1,"comment":"あら、魅力的じゃない。オーナー君、やるわね。"},{"pet_id":6019,"condition":2,"condition_value":2,"weight":1,"comment":"こんなの私の理想とはかけ離れていますわ。"},{"pet_id":6019,"condition":3,"condition_value":1,"weight":1,"comment":"へ～え。快適快適。ず～といられちゃう。"},{"pet_id":6019,"condition":3,"condition_value":2,"weight":1,"comment":"オーナー君、もっと居心地のいいお店にしましょ？"},{"pet_id":6019,"condition":4,"condition_value":1,"weight":1,"comment":"あ〜ん、もう疲れちゃったぁ。"},{"pet_id":6019,"condition":4,"condition_value":2,"weight":1,"comment":"みなさん、おもてなしの心を忘れずにね。"},{"pet_id":6019,"condition":4,"condition_value":3,"weight":1,"comment":"オーナー君って面白いですわね。"},{"pet_id":6019,"condition":5,"condition_value":0,"weight":1,"comment":"たまには庶民の世界に触れるのもわるくないかしら。"},{"pet_id":6020,"condition":1,"condition_value":1,"weight":1,"comment":"お給料もいっぱい出し食べ歩きに行こっかな？"},{"pet_id":6020,"condition":1,"condition_value":2,"weight":1,"comment":"今月は食べ過ぎ注意かも。"},{"pet_id":6020,"condition":2,"condition_value":1,"weight":1,"comment":"お月さまのきれいな夜にはこんな素敵なお店に来たいわ～。"},{"pet_id":6020,"condition":2,"condition_value":2,"weight":1,"comment":"もう！オーナーさん、内装やり直しです！"},{"pet_id":6020,"condition":3,"condition_value":1,"weight":1,"comment":"これならの～んびりできちゃうね。ルナル～ナ～。"},{"pet_id":6020,"condition":3,"condition_value":2,"weight":1,"comment":"居心地もっとよくしないと、お客さん逃げちゃいますよ？"},{"pet_id":6020,"condition":4,"condition_value":1,"weight":1,"comment":"オーナーさん遊んでくださ～い。やる気がでませんよ！"},{"pet_id":6020,"condition":4,"condition_value":2,"weight":1,"comment":"み～んな、今日もがんばろうね！"},{"pet_id":6020,"condition":4,"condition_value":3,"weight":1,"comment":"キャハハ！オーナーさん、ルナルナはやる気いっぱいです。"},{"pet_id":6020,"condition":5,"condition_value":0,"weight":1,"comment":"あなたの運命を照らします。ルナルナです！"},{"pet_id":6021,"condition":1,"condition_value":1,"weight":1,"comment":"お給料いっぱいだし、コスプレ衣装買っちゃおうかな？"},{"pet_id":6021,"condition":1,"condition_value":2,"weight":1,"comment":"オーナー、もうちょっと私のこと大切にしてみない？"},{"pet_id":6021,"condition":2,"condition_value":1,"weight":1,"comment":"こんなに魅力的なお店ならお客さんも大満足だね。"},{"pet_id":6021,"condition":2,"condition_value":2,"weight":1,"comment":"もっと魅力的なお店にしていこうぜ！"},{"pet_id":6021,"condition":3,"condition_value":1,"weight":1,"comment":"うん！居心地すっごくいいよぉ！"},{"pet_id":6021,"condition":3,"condition_value":2,"weight":1,"comment":"もうちょっと過ごしやすかったらなあ。居心地大事だよ？"},{"pet_id":6021,"condition":4,"condition_value":1,"weight":1,"comment":"オーナー、たまには構ってよ！"},{"pet_id":6021,"condition":4,"condition_value":2,"weight":1,"comment":"みんな、手加減なしでいこうぜ！"},{"pet_id":6021,"condition":4,"condition_value":3,"weight":1,"comment":"オーナー、私に任せておきなって！"},{"pet_id":6021,"condition":5,"condition_value":0,"weight":1,"comment":"恋にぶつかっていくのがショコラでしょ？"},{"pet_id":6022,"condition":1,"condition_value":1,"weight":1,"comment":"これで新刊じゃんじゃん買えそうです。"},{"pet_id":6022,"condition":1,"condition_value":2,"weight":1,"comment":"今月は活動控えないと。ぐっすん。"},{"pet_id":6022,"condition":2,"condition_value":1,"weight":1,"comment":"魅力的なお店、なにかドラマが生まれそう！"},{"pet_id":6022,"condition":2,"condition_value":2,"weight":1,"comment":"魅力あるお店、難しいです。"},{"pet_id":6022,"condition":3,"condition_value":1,"weight":1,"comment":"まったりできるなあ。オーナー、漫画の話をしましょう。"},{"pet_id":6022,"condition":3,"condition_value":2,"weight":1,"comment":"漫画に囲まれてたら快適だけどなあ。"},{"pet_id":6022,"condition":4,"condition_value":1,"weight":1,"comment":"早く帰ってアニメ見なきゃ。"},{"pet_id":6022,"condition":4,"condition_value":2,"weight":1,"comment":"みんなと協力するのは難しいけど、がんばるよ。"},{"pet_id":6022,"condition":4,"condition_value":3,"weight":1,"comment":"僕と友達になってほしいな。"},{"pet_id":6022,"condition":5,"condition_value":0,"weight":1,"comment":"くふふ、この展開は最高だわ。作者、分かってる。"},{"pet_id":6024,"condition":1,"condition_value":1,"weight":1,"comment":"勉強のための本買おうかな～。うふふふ。"},{"pet_id":6024,"condition":1,"condition_value":2,"weight":1,"comment":"オーナーさん、私のことどう思ってるんですか？"},{"pet_id":6024,"condition":2,"condition_value":1,"weight":1,"comment":"魅力的なお店づくり、とても勉強になります。"},{"pet_id":6024,"condition":2,"condition_value":2,"weight":1,"comment":"お店の魅力を高める提案をいたしましょうか？"},{"pet_id":6024,"condition":3,"condition_value":1,"weight":1,"comment":"居心地がこんなにいいなんて、素敵です！"},{"pet_id":6024,"condition":3,"condition_value":2,"weight":1,"comment":"どうしたら居心地がよくなりますでしょうか。"},{"pet_id":6024,"condition":4,"condition_value":1,"weight":1,"comment":"ちょっぴり疲れてしまったかも…。"},{"pet_id":6024,"condition":4,"condition_value":2,"weight":1,"comment":"みなさん協力してください！素敵な接客を！"},{"pet_id":6024,"condition":4,"condition_value":3,"weight":1,"comment":"オーナーさんのために尽くします！"},{"pet_id":6024,"condition":5,"condition_value":0,"weight":1,"comment":"パルフェです。あなたをサポートいたします。"},{"pet_id":6025,"condition":1,"condition_value":1,"weight":1,"comment":"オーナーくん、買い物に付き合ってほしいと？"},{"pet_id":6025,"condition":1,"condition_value":2,"weight":1,"comment":"もっとうちのこと、大切にしてほしかと。"},{"pet_id":6025,"condition":2,"condition_value":1,"weight":1,"comment":"オーナーくんは魅力的なお店つくるっちゃんね。"},{"pet_id":6025,"condition":2,"condition_value":2,"weight":1,"comment":"魅力が足りないと？どうしたらいいちゃん？"},{"pet_id":6025,"condition":3,"condition_value":1,"weight":1,"comment":"ゆっくり過ごせてとってもよかね！"},{"pet_id":6025,"condition":3,"condition_value":2,"weight":1,"comment":"なんだか落ち着かんと！"},{"pet_id":6025,"condition":4,"condition_value":1,"weight":1,"comment":"ちょっと疲れたとよ。"},{"pet_id":6025,"condition":4,"condition_value":2,"weight":1,"comment":"もっとがんばらんとね。"},{"pet_id":6025,"condition":4,"condition_value":3,"weight":1,"comment":"お客さんをメロメロにするっちゃん！"},{"pet_id":6025,"condition":5,"condition_value":0,"weight":1,"comment":"はじめまして。チュチュって呼んでよかとよ？"},{"pet_id":6026,"condition":1,"condition_value":1,"weight":1,"comment":"あらぁ、こんなにいただいていいのかしら。"},{"pet_id":6026,"condition":1,"condition_value":2,"weight":1,"comment":"愛情が足りなくなぁあい？"},{"pet_id":6026,"condition":2,"condition_value":1,"weight":1,"comment":"オーナーくぅん、あなたのお店ってとっても魅力的ね。"},{"pet_id":6026,"condition":2,"condition_value":2,"weight":1,"comment":"お客様のハートもつかまないとダメよ！"},{"pet_id":6026,"condition":3,"condition_value":1,"weight":1,"comment":"まったりとした気持ちになるわあ。居心地がいいって素敵ね。"},{"pet_id":6026,"condition":3,"condition_value":2,"weight":1,"comment":"もっと居心地のいいお店つくりたいねぇ。"},{"pet_id":6026,"condition":4,"condition_value":1,"weight":1,"comment":"オーナーくぅん、疲れちゃったあ。"},{"pet_id":6026,"condition":4,"condition_value":2,"weight":1,"comment":"お客様をトリコにしちゃうんだからぁ。"},{"pet_id":6026,"condition":4,"condition_value":3,"weight":1,"comment":"オーナーくんって、かわいいいのね。"},{"pet_id":6026,"condition":5,"condition_value":0,"weight":1,"comment":"お客様はみんな私のト・リ・コ"},{"pet_id":6027,"condition":1,"condition_value":1,"weight":1,"comment":""},{"pet_id":6027,"condition":1,"condition_value":2,"weight":1,"comment":""},{"pet_id":6027,"condition":2,"condition_value":1,"weight":1,"comment":""},{"pet_id":6027,"condition":2,"condition_value":2,"weight":1,"comment":""},{"pet_id":6027,"condition":3,"condition_value":1,"weight":1,"comment":""},{"pet_id":6027,"condition":3,"condition_value":2,"weight":1,"comment":""},{"pet_id":6027,"condition":4,"condition_value":1,"weight":1,"comment":""},{"pet_id":6027,"condition":4,"condition_value":2,"weight":1,"comment":""},{"pet_id":6027,"condition":4,"condition_value":3,"weight":1,"comment":""},{"pet_id":6027,"condition":5,"condition_value":0,"weight":1,"comment":"人気のお店をつくりたい？ならボクに任せてよ。"},{"pet_id":6028,"condition":1,"condition_value":1,"weight":1,"comment":""},{"pet_id":6028,"condition":1,"condition_value":2,"weight":1,"comment":""},{"pet_id":6028,"condition":2,"condition_value":1,"weight":1,"comment":""},{"pet_id":6028,"condition":2,"condition_value":2,"weight":1,"comment":""},{"pet_id":6028,"condition":3,"condition_value":1,"weight":1,"comment":""},{"pet_id":6028,"condition":3,"condition_value":2,"weight":1,"comment":""},{"pet_id":6028,"condition":4,"condition_value":1,"weight":1,"comment":""},{"pet_id":6028,"condition":4,"condition_value":2,"weight":1,"comment":""},{"pet_id":6028,"condition":4,"condition_value":3,"weight":1,"comment":""},{"pet_id":6028,"condition":5,"condition_value":0,"weight":1,"comment":"最高の料理に出会いたい、僕は旅をしています。"},{"pet_id":6029,"condition":1,"condition_value":1,"weight":1,"comment":""},{"pet_id":6029,"condition":1,"condition_value":2,"weight":1,"comment":""},{"pet_id":6029,"condition":2,"condition_value":1,"weight":1,"comment":""},{"pet_id":6029,"condition":2,"condition_value":2,"weight":1,"comment":""},{"pet_id":6029,"condition":3,"condition_value":1,"weight":1,"comment":""},{"pet_id":6029,"condition":3,"condition_value":2,"weight":1,"comment":""},{"pet_id":6029,"condition":4,"condition_value":1,"weight":1,"comment":""},{"pet_id":6029,"condition":4,"condition_value":2,"weight":1,"comment":""},{"pet_id":6029,"condition":4,"condition_value":3,"weight":1,"comment":""},{"pet_id":6029,"condition":5,"condition_value":0,"weight":1,"comment":"メイメイは子供じゃありません！もう大人です。"},{"pet_id":6030,"condition":1,"condition_value":1,"weight":1,"comment":"ふふっ。オレクラスとの契約にはこれぐらいがふさわしいな。"},{"pet_id":6030,"condition":1,"condition_value":2,"weight":1,"comment":"契約の対価を求めているわけじゃないが…。"},{"pet_id":6030,"condition":2,"condition_value":1,"weight":1,"comment":"魅力的なお店になったな。さすがマスターだ。"},{"pet_id":6030,"condition":2,"condition_value":2,"weight":1,"comment":""},{"pet_id":6030,"condition":3,"condition_value":1,"weight":1,"comment":""},{"pet_id":6030,"condition":3,"condition_value":2,"weight":1,"comment":""},{"pet_id":6030,"condition":4,"condition_value":1,"weight":1,"comment":""},{"pet_id":6030,"condition":4,"condition_value":2,"weight":1,"comment":"ひとりひとりの力をひとつに。そうだろう、マスター。"},{"pet_id":6030,"condition":4,"condition_value":3,"weight":1,"comment":"オレがこの店に人気をもたらしてやろう。"},{"pet_id":6030,"condition":5,"condition_value":0,"weight":1,"comment":"マスター、オレと契約をしよう。"},{"pet_id":6031,"condition":1,"condition_value":1,"weight":1,"comment":"帰りにお茶など買いにいこうかな。"},{"pet_id":6031,"condition":1,"condition_value":2,"weight":1,"comment":"給与だけが私の評価ではないですが、これはちょっと。"},{"pet_id":6031,"condition":2,"condition_value":1,"weight":1,"comment":"オーナーどの、あなたは美の感覚にすぐれているようだ。"},{"pet_id":6031,"condition":2,"condition_value":2,"weight":1,"comment":"まだまだ美への探求が足りないようですね。"},{"pet_id":6031,"condition":3,"condition_value":1,"weight":1,"comment":"快適快適。おもてなしの真髄にふれるようだ。"},{"pet_id":6031,"condition":3,"condition_value":2,"weight":1,"comment":"もっと居心地のよい空間で、お客様をつかみましょうぞ。"},{"pet_id":6031,"condition":4,"condition_value":1,"weight":1,"comment":"ふむ、やる気の出る言霊が必要ですな。"},{"pet_id":6031,"condition":4,"condition_value":2,"weight":1,"comment":"必ずやお店を繁盛させてみせます。"},{"pet_id":6031,"condition":4,"condition_value":3,"weight":1,"comment":"おもてなしの真髄、ご覧に入れましょう。"},{"pet_id":6031,"condition":5,"condition_value":0,"weight":1,"comment":"和の真髄、この晴明がお届けいたします"},{"pet_id":6033,"condition":1,"condition_value":1,"weight":1,"comment":"財布もずっしり！やる気もばっちり！"},{"pet_id":6033,"condition":1,"condition_value":2,"weight":1,"comment":"オーナーさん、もう少しお給料ほしいなあ。"},{"pet_id":6033,"condition":2,"condition_value":1,"weight":1,"comment":"魅力いっぱいのお店、まかないグルメも美味しいよ。"},{"pet_id":6033,"condition":2,"condition_value":2,"weight":1,"comment":"まだまだ魅力不足。がんばって！"},{"pet_id":6033,"condition":3,"condition_value":1,"weight":1,"comment":"オーナーって居心地へのこだわりがすごいね。"},{"pet_id":6033,"condition":3,"condition_value":2,"weight":1,"comment":"お客様にとって居心地は大事だからね。"},{"pet_id":6033,"condition":4,"condition_value":1,"weight":1,"comment":"やる気減退気味。オーナー、この気持ちわかる？"},{"pet_id":6033,"condition":4,"condition_value":2,"weight":1,"comment":"みんな、仲のいいお店紹介してよ？"},{"pet_id":6033,"condition":4,"condition_value":3,"weight":1,"comment":"オーナー、ぼくのまかないグルメ道応援してくれよ。"},{"pet_id":6033,"condition":5,"condition_value":0,"weight":1,"comment":"ぼくはグルメ。まかない料理こそグルメの真髄！"},{"pet_id":6034,"condition":1,"condition_value":1,"weight":1,"comment":"決めましたわ。ぜ～んぶ買い占めますわよ！"},{"pet_id":6034,"condition":1,"condition_value":2,"weight":1,"comment":"オーナーさん、私のこと大切になさってくださる？"},{"pet_id":6034,"condition":2,"condition_value":1,"weight":1,"comment":"やるじゃない。悔しいけどときめいちゃう！"},{"pet_id":6034,"condition":2,"condition_value":2,"weight":1,"comment":"お客様の心をつかんでこそ、経営ですわ。"},{"pet_id":6034,"condition":3,"condition_value":1,"weight":1,"comment":"和みますわね。いつまでもいられますわ。"},{"pet_id":6034,"condition":3,"condition_value":2,"weight":1,"comment":"まだまだお客様のお気持ちがわかっていらっしゃらないのね。"},{"pet_id":6034,"condition":4,"condition_value":1,"weight":1,"comment":"少しがんばり過ぎてしまったかしら。"},{"pet_id":6034,"condition":4,"condition_value":2,"weight":1,"comment":"みなさん！お客様に最高の時間をお届けしましょう。"},{"pet_id":6034,"condition":4,"condition_value":3,"weight":1,"comment":"私のものになってもよくってよ。"},{"pet_id":6034,"condition":5,"condition_value":0,"weight":1,"comment":"あれもこれもぜ〜んぶわたくしのもの！"},{"pet_id":6035,"condition":1,"condition_value":1,"weight":1,"comment":"これはボクが期待されているということですね。"},{"pet_id":6035,"condition":1,"condition_value":2,"weight":1,"comment":"もっとボクに任せてください！"},{"pet_id":6035,"condition":2,"condition_value":1,"weight":1,"comment":"ふふっ。なんて魅力的なお店なんだ。"},{"pet_id":6035,"condition":2,"condition_value":2,"weight":1,"comment":"このお店の魅力がわかってもらえないんて、悲しい！"},{"pet_id":6035,"condition":3,"condition_value":1,"weight":1,"comment":"快適だ！こんなに居心地のいいお店はない！"},{"pet_id":6035,"condition":3,"condition_value":2,"weight":1,"comment":"居心地の良さを改善すれば、もっとよいお店になるはず！"},{"pet_id":6035,"condition":4,"condition_value":1,"weight":1,"comment":"私の熱意が伝わらないなんて〜。"},{"pet_id":6035,"condition":4,"condition_value":2,"weight":1,"comment":"さあみなさん、もう一息がんばりましょう！"},{"pet_id":6035,"condition":4,"condition_value":3,"weight":1,"comment":"僕が来たからには、このお店こそ人気ナンバーワンです！"},{"pet_id":6035,"condition":5,"condition_value":0,"weight":1,"comment":"キミの瞳に映るのは、そう僕だけ！"},{"pet_id":6036,"condition":1,"condition_value":1,"weight":1,"comment":"仮）お給料いっぱいでうれしい。"},{"pet_id":6036,"condition":1,"condition_value":2,"weight":1,"comment":"仮）お給料ギリギリだなあ。"},{"pet_id":6036,"condition":2,"condition_value":1,"weight":1,"comment":"仮）魅力的なお店で誇らしいです。"},{"pet_id":6036,"condition":2,"condition_value":2,"weight":1,"comment":"仮）もっと魅力的なお店にしないと。"},{"pet_id":6036,"condition":3,"condition_value":1,"weight":1,"comment":"仮）これならお客様も快適です。"},{"pet_id":6036,"condition":3,"condition_value":2,"weight":1,"comment":"仮）快適なお店づくりをしないと。"},{"pet_id":6036,"condition":4,"condition_value":1,"weight":1,"comment":"仮）なんだかやる気がでません。"},{"pet_id":6036,"condition":4,"condition_value":2,"weight":1,"comment":"仮）みんなもテキパキがんばりましょう。"},{"pet_id":6036,"condition":4,"condition_value":3,"weight":1,"comment":"仮）やる気マックスあなたについていきます。"},{"pet_id":6036,"condition":5,"condition_value":0,"weight":1,"comment":"仮）自己紹介"},{"pet_id":6037,"condition":1,"condition_value":1,"weight":1,"comment":"美しい私にふさわしいお給料ね。"},{"pet_id":6037,"condition":1,"condition_value":2,"weight":1,"comment":"もっと私の評価、高くてもよいのじゃなくて。"},{"pet_id":6037,"condition":2,"condition_value":1,"weight":1,"comment":"私の美しさにふさわしい魅力あふれるお店だわ。"},{"pet_id":6037,"condition":2,"condition_value":2,"weight":1,"comment":"この程度のお店の魅力では、お客様が離れてしまいますわ。"},{"pet_id":6037,"condition":3,"condition_value":1,"weight":1,"comment":"快適ですわ。美容にもきっとよいですわ。"},{"pet_id":6037,"condition":3,"condition_value":2,"weight":1,"comment":"居心地の改善が必要ですわ。"},{"pet_id":6037,"condition":4,"condition_value":1,"weight":1,"comment":"今日はお肌の調子が悪くって。"},{"pet_id":6037,"condition":4,"condition_value":2,"weight":1,"comment":"みなさまがんばりましょう！美しい私が応援いたしますわ。"},{"pet_id":6037,"condition":4,"condition_value":3,"weight":1,"comment":"今日も私、輝いているわ！"},{"pet_id":6037,"condition":5,"condition_value":0,"weight":1,"comment":"年齢を重ねることに美しくなる。美しいって罪かしら？"},{"pet_id":6038,"condition":1,"condition_value":1,"weight":1,"comment":"一流のギャルソンにふさわしいギャラですね。"},{"pet_id":6038,"condition":1,"condition_value":2,"weight":1,"comment":"スタッフを大事にしてこそ一流のお店ですよ。"},{"pet_id":6038,"condition":2,"condition_value":1,"weight":1,"comment":"魅力的な内装です。オーナーさんやりますね。"},{"pet_id":6038,"condition":2,"condition_value":2,"weight":1,"comment":"お店の魅力を高めましょう！"},{"pet_id":6038,"condition":3,"condition_value":1,"weight":1,"comment":"素晴らしい居心地です。"},{"pet_id":6038,"condition":3,"condition_value":2,"weight":1,"comment":"お客様は居心地に満足いただけていないようです。"},{"pet_id":6038,"condition":4,"condition_value":1,"weight":1,"comment":"少し疲れているようです。"},{"pet_id":6038,"condition":4,"condition_value":2,"weight":1,"comment":"みんなの呼吸を合わせて。最高のおもてなしを。"},{"pet_id":6038,"condition":4,"condition_value":3,"weight":1,"comment":"オーナーさん、私が人気店にしてみせます。"},{"pet_id":6038,"condition":5,"condition_value":0,"weight":1,"comment":"私は森羅。料理の与える喜びは神様の贈り物。"},{"pet_id":6039,"condition":1,"condition_value":1,"weight":1,"comment":"新しい楽器を買おうかな。"},{"pet_id":6039,"condition":1,"condition_value":2,"weight":1,"comment":"今月は出費、控えないとね。"},{"pet_id":6039,"condition":2,"condition_value":1,"weight":1,"comment":"流石オーナーさん。こんなに魅力的なお店で働けて嬉しいです。"},{"pet_id":6039,"condition":2,"condition_value":2,"weight":1,"comment":"魅力的なお店にするための提案考えてみますね。"},{"pet_id":6039,"condition":3,"condition_value":1,"weight":1,"comment":"お客様本当にくつろいで過ごしていただけていますね。"},{"pet_id":6039,"condition":3,"condition_value":2,"weight":1,"comment":"すこし窮屈かもしれません。居心地を改善しましょう。"},{"pet_id":6039,"condition":4,"condition_value":1,"weight":1,"comment":"少しがんばりすぎたかも。すみません。"},{"pet_id":6039,"condition":4,"condition_value":2,"weight":1,"comment":"みんなでハーモニーを！がんばろうね。"},{"pet_id":6039,"condition":4,"condition_value":3,"weight":1,"comment":"オーナーさん、あなたと働けて嬉しいです。"},{"pet_id":6039,"condition":5,"condition_value":0,"weight":1,"comment":"負けたくない人がいるんだ。"},{"pet_id":6040,"condition":1,"condition_value":1,"weight":1,"comment":"このオレにふさわしい給与だな。無理はするなよ？"},{"pet_id":6040,"condition":1,"condition_value":2,"weight":1,"comment":"オーナー、経営を大事にするのは分かるがスタッフもな。"},{"pet_id":6040,"condition":2,"condition_value":1,"weight":1,"comment":"ふふっ。魅力的な店になったじゃないか。"},{"pet_id":6040,"condition":2,"condition_value":2,"weight":1,"comment":"お客様の目は厳しい。もっと魅力を高めよう。"},{"pet_id":6040,"condition":3,"condition_value":1,"weight":1,"comment":"快適じゃないか。お客様におくつろぎいただける。"},{"pet_id":6040,"condition":3,"condition_value":2,"weight":1,"comment":"お客様の声に耳を傾けるんだ。居心地は大事だぞ。"},{"pet_id":6040,"condition":4,"condition_value":1,"weight":1,"comment":"オーナー、やる気のスイッチを押してくれ。"},{"pet_id":6040,"condition":4,"condition_value":2,"weight":1,"comment":"みんな力を貸してくれ。最高のおもてなしをしよう。"},{"pet_id":6040,"condition":4,"condition_value":3,"weight":1,"comment":"オーナー、オレが人気のお店にしてやる。"},{"pet_id":6040,"condition":5,"condition_value":0,"weight":1,"comment":"オレは岳斗。気軽に呼んでくれ。"},{"pet_id":6041,"condition":1,"condition_value":1,"weight":1,"comment":"美味しいお店めぐりができそう。だ〜ね〜。"},{"pet_id":6041,"condition":1,"condition_value":2,"weight":1,"comment":"今月はグルメレビューあまりできそうにない、だ〜ね〜。"},{"pet_id":6041,"condition":2,"condition_value":1,"weight":1,"comment":"ぼっくんのレビューにも負けない魅力的なお店。だ〜ね〜。"},{"pet_id":6041,"condition":2,"condition_value":2,"weight":1,"comment":"　もっと魅力を高める、だ〜ね〜。"},{"pet_id":6041,"condition":3,"condition_value":1,"weight":1,"comment":"美味しい料理にベストな居心地。だ〜ね〜。"},{"pet_id":6041,"condition":3,"condition_value":2,"weight":1,"comment":"居心地はもう一歩、だ〜ね〜。"},{"pet_id":6041,"condition":4,"condition_value":1,"weight":1,"comment":"今日は元気がない。だ〜ね〜。"},{"pet_id":6041,"condition":4,"condition_value":2,"weight":1,"comment":"協力すれば100人力。だ〜ね〜。"},{"pet_id":6041,"condition":4,"condition_value":3,"weight":1,"comment":"なんでもぼっくんに任せて。だ〜ね〜。"},{"pet_id":6041,"condition":5,"condition_value":0,"weight":1,"comment":"ボクは博士。美味しく食べる秘訣は、料理についてたくさん知ること。だーねー。"},{"pet_id":6042,"condition":1,"condition_value":1,"weight":1,"comment":"オーナーさま、大事にしていただいてありがとうございます。"},{"pet_id":6042,"condition":1,"condition_value":2,"weight":1,"comment":"もう少し私の事、大事にしてくださいませんか？"},{"pet_id":6042,"condition":2,"condition_value":1,"weight":1,"comment":"Beautiful！とても魅力的なお店ですわ！"},{"pet_id":6042,"condition":2,"condition_value":2,"weight":1,"comment":"お客様のハートをつかむ、とても大事ですわ。"},{"pet_id":6042,"condition":3,"condition_value":1,"weight":1,"comment":"Feeling good！とても快適ですわ。"},{"pet_id":6042,"condition":3,"condition_value":2,"weight":1,"comment":"居心地のよいお店づくり、課題ですわね。"},{"pet_id":6042,"condition":4,"condition_value":1,"weight":1,"comment":"少し疲れているかもしれません。"},{"pet_id":6042,"condition":4,"condition_value":2,"weight":1,"comment":"みんなで協力しましょう！"},{"pet_id":6042,"condition":4,"condition_value":3,"weight":1,"comment":"親愛なるオーナーさまのために。I'll do my best!"},{"pet_id":6042,"condition":5,"condition_value":0,"weight":1,"comment":"あなたのお気持ち、赤いルージュに染め上げます。"},{"pet_id":6043,"condition":1,"condition_value":1,"weight":1,"comment":"今日は夕飯のおかず一品増やしちゃお！"},{"pet_id":6043,"condition":1,"condition_value":2,"weight":1,"comment":"今月は節約生活か〜。しょんぼり。"},{"pet_id":6043,"condition":2,"condition_value":1,"weight":1,"comment":"うふふ、こ～んなに魅力的なお店なら鼻が高い。"},{"pet_id":6043,"condition":2,"condition_value":2,"weight":1,"comment":"お客さんの心をつかむって難しいよね。"},{"pet_id":6043,"condition":3,"condition_value":1,"weight":1,"comment":"弟たちも呼びたいなあ。とっても居心地がいいし。"},{"pet_id":6043,"condition":3,"condition_value":2,"weight":1,"comment":"のんびりできるお店が出来たらなあ。"},{"pet_id":6043,"condition":4,"condition_value":1,"weight":1,"comment":"今日は元気でないんだ〜。"},{"pet_id":6043,"condition":4,"condition_value":2,"weight":1,"comment":"弟たちのためにもがんばらなきゃ！"},{"pet_id":6043,"condition":4,"condition_value":3,"weight":1,"comment":"オーナーさんのために私ができることやってみるね。"},{"pet_id":6043,"condition":5,"condition_value":0,"weight":1,"comment":"ミオです。弟たちがいるから遅番はできませんからね！"},{"pet_id":6044,"condition":1,"condition_value":1,"weight":1,"comment":"お給料いっぱいでうれしいです。"},{"pet_id":6044,"condition":1,"condition_value":2,"weight":1,"comment":"今月は節約節約。スイーツが恋しい！"},{"pet_id":6044,"condition":2,"condition_value":1,"weight":1,"comment":"スイーツのような甘い空間ですね。オーナーさんすごい！"},{"pet_id":6044,"condition":2,"condition_value":2,"weight":1,"comment":"お店の魅力？スイーツ以外のことは得意じゃないなあ。"},{"pet_id":6044,"condition":3,"condition_value":1,"weight":1,"comment":"くつろぎ空間でスイーツ！夢のようだね。"},{"pet_id":6044,"condition":3,"condition_value":2,"weight":1,"comment":"なんだか落ち着かないなあ。スイーツを楽しめないよ。"},{"pet_id":6044,"condition":4,"condition_value":1,"weight":1,"comment":"甘い物が足りないのかな～。"},{"pet_id":6044,"condition":4,"condition_value":2,"weight":1,"comment":"イケメンなんかには負けないよ。"},{"pet_id":6044,"condition":4,"condition_value":3,"weight":1,"comment":"オーナーさん、スイーツのことなら任せてよ！"},{"pet_id":6044,"condition":5,"condition_value":0,"weight":1,"comment":"スイーツ男子がイケメンだなんて、妄想だよ。"},{"pet_id":6045,"condition":1,"condition_value":1,"weight":1,"comment":"何買っちゃおうっかな？えっ気になるんですか？"},{"pet_id":6045,"condition":1,"condition_value":2,"weight":1,"comment":"オーナーさん、私の事もう少し考えてくれてもいいんじゃない？"},{"pet_id":6045,"condition":2,"condition_value":1,"weight":1,"comment":"なんだかうっとりしちゃう。オーナーさん、結構やるじゃん。"},{"pet_id":6045,"condition":2,"condition_value":2,"weight":1,"comment":"今一つなんだよな〜。私が飾りつけよっか？"},{"pet_id":6045,"condition":3,"condition_value":1,"weight":1,"comment":"ま〜ったりな気分。オーナーさん隣りに座ってもいいんですよ？"},{"pet_id":6045,"condition":3,"condition_value":2,"weight":1,"comment":"狭いのは無理なんですけど？"},{"pet_id":6045,"condition":4,"condition_value":1,"weight":1,"comment":"もう無理なんですけど〜。"},{"pet_id":6045,"condition":4,"condition_value":2,"weight":1,"comment":"シフトが多いのはあんまり。でもがんばりますよ？"},{"pet_id":6045,"condition":4,"condition_value":3,"weight":1,"comment":"私ががんばったらオーナーさんはうれしいですか？"},{"pet_id":6045,"condition":5,"condition_value":0,"weight":1,"comment":"シフト多いのは無理ですからね？よろしくお願いします。"},{"pet_id":6058,"condition":1,"condition_value":1,"weight":1,"comment":"仮）お給料いっぱいでうれしい。"},{"pet_id":6058,"condition":1,"condition_value":2,"weight":1,"comment":"仮）お給料ギリギリだなあ。"},{"pet_id":6058,"condition":2,"condition_value":1,"weight":1,"comment":"仮）魅力的なお店で誇らしいです。"},{"pet_id":6058,"condition":2,"condition_value":2,"weight":1,"comment":"仮）もっと魅力的なお店にしないと。"},{"pet_id":6058,"condition":3,"condition_value":1,"weight":1,"comment":"仮）これならお客様も快適です。"},{"pet_id":6058,"condition":3,"condition_value":2,"weight":1,"comment":"仮）快適なお店づくりをしないと。"},{"pet_id":6058,"condition":4,"condition_value":1,"weight":1,"comment":"仮）なんだかやる気がでません。"},{"pet_id":6058,"condition":4,"condition_value":2,"weight":1,"comment":"仮）みんなもテキパキがんばりましょう。"},{"pet_id":6058,"condition":4,"condition_value":3,"weight":1,"comment":"仮）やる気マックスあなたについていきます。"},{"pet_id":6058,"condition":5,"condition_value":0,"weight":1,"comment":"仮）自己紹介"},{"pet_id":6046,"condition":1,"condition_value":1,"weight":1,"comment":"勉強にお金使いたいけど、やっぱり遊びたい！"},{"pet_id":6046,"condition":1,"condition_value":2,"weight":1,"comment":"大人しく家で包丁でも研ぐか。"},{"pet_id":6046,"condition":2,"condition_value":1,"weight":1,"comment":"この魅力！店長わかってるー！"},{"pet_id":6046,"condition":2,"condition_value":2,"weight":1,"comment":"お店の魅力か～。店長ならなんとかできるっしょ。"},{"pet_id":6046,"condition":3,"condition_value":1,"weight":1,"comment":"まったり気分に浸れるお店、好きだわ～。"},{"pet_id":6046,"condition":3,"condition_value":2,"weight":1,"comment":"窮屈だったりしたらお客さんって減っちゃうかな。"},{"pet_id":6046,"condition":4,"condition_value":1,"weight":1,"comment":"見習いにはハードル高いわ。"},{"pet_id":6046,"condition":4,"condition_value":2,"weight":1,"comment":"店長、俺に任せてくださいよー！"},{"pet_id":6046,"condition":4,"condition_value":3,"weight":1,"comment":"店長とはいっしょに働いててなんか楽しいんだわ。"},{"pet_id":6046,"condition":5,"condition_value":0,"weight":1,"comment":"はじめまして。オレってば見習いなんだわ。"},{"pet_id":6047,"condition":1,"condition_value":1,"weight":1,"comment":"見習いなのに大切にしてくれてありがとうございます。"},{"pet_id":6047,"condition":1,"condition_value":2,"weight":1,"comment":"買いたい本があるけどなあ。"},{"pet_id":6047,"condition":2,"condition_value":1,"weight":1,"comment":"うっとりしたお客様のお顔、忘れられません。"},{"pet_id":6047,"condition":2,"condition_value":2,"weight":1,"comment":"魅力的なお店づくり、これも勉強ですね。"},{"pet_id":6047,"condition":3,"condition_value":1,"weight":1,"comment":"居心地のいい場所って、また来たくなりますね。"},{"pet_id":6047,"condition":3,"condition_value":2,"weight":1,"comment":"お料理を楽しんでもらうためにも居心地は大事ですよね。"},{"pet_id":6047,"condition":4,"condition_value":1,"weight":1,"comment":"ちょっと壁にぶつかっているかも？"},{"pet_id":6047,"condition":4,"condition_value":2,"weight":1,"comment":"いつまでも見習いじゃありませんからね。"},{"pet_id":6047,"condition":4,"condition_value":3,"weight":1,"comment":"まだまだ勉強中ですががんばります！"},{"pet_id":6047,"condition":5,"condition_value":0,"weight":1,"comment":"はじめまして。まだまだ見習いです。"},{"pet_id":6048,"condition":1,"condition_value":1,"weight":1,"comment":"新人のオレにこんなに。オーナーは経営者の鏡だな～。"},{"pet_id":6048,"condition":1,"condition_value":2,"weight":1,"comment":"今月生活厳しいんスよ。"},{"pet_id":6048,"condition":2,"condition_value":1,"weight":1,"comment":"オーナーのプロデュース力、まじすごいっス。"},{"pet_id":6048,"condition":2,"condition_value":2,"weight":1,"comment":"お客さんが感動するような魅力、難しいなあ。"},{"pet_id":6048,"condition":3,"condition_value":1,"weight":1,"comment":"こんなに居心地いいなら、お客としても来たいなあ。"},{"pet_id":6048,"condition":3,"condition_value":2,"weight":1,"comment":"居心地をよくする？どうしたらいいんスか？"},{"pet_id":6048,"condition":4,"condition_value":1,"weight":1,"comment":"ね、寝てないよ？"},{"pet_id":6048,"condition":4,"condition_value":2,"weight":1,"comment":"見習いから卒業するためにもがんばります。"},{"pet_id":6048,"condition":4,"condition_value":3,"weight":1,"comment":"眠い。でもがんばるしか！"},{"pet_id":6048,"condition":5,"condition_value":0,"weight":1,"comment":"はじめまして。見習いなんスよ。"},{"pet_id":6049,"condition":1,"condition_value":1,"weight":1,"comment":"新人なのにオーナーって太っ腹ですね。"},{"pet_id":6049,"condition":1,"condition_value":2,"weight":1,"comment":"勉強中とはいえ、ちょっと生活苦しいかも。"},{"pet_id":6049,"condition":2,"condition_value":1,"weight":1,"comment":"さっきのお客様、とってもときめいてました。"},{"pet_id":6049,"condition":2,"condition_value":2,"weight":1,"comment":"お料理はがんばりますが、それだけじゃ魅力不足ですよね。"},{"pet_id":6049,"condition":3,"condition_value":1,"weight":1,"comment":"お客様に笑顔でいてもらえるとうれしいですね。"},{"pet_id":6049,"condition":3,"condition_value":2,"weight":1,"comment":"居心地をよくするってどうしたらいいんでしょう？"},{"pet_id":6049,"condition":4,"condition_value":1,"weight":1,"comment":"やっぱりまだ慣れないや。"},{"pet_id":6049,"condition":4,"condition_value":2,"weight":1,"comment":"まだまだ見習いだけど、がんばるよ！"},{"pet_id":6049,"condition":4,"condition_value":3,"weight":1,"comment":"えへへ。ハムスターの写メ見る？"},{"pet_id":6049,"condition":5,"condition_value":0,"weight":1,"comment":"はじめまして。ぼくはまだ見習いだよ"},{"pet_id":6050,"condition":1,"condition_value":1,"weight":1,"comment":"何買おっかなあ。あれだろ、これだろ？"},{"pet_id":6050,"condition":1,"condition_value":2,"weight":1,"comment":"あれぇ。お財布空じゃん！？"},{"pet_id":6050,"condition":2,"condition_value":1,"weight":1,"comment":"魅力あふれるお店は働いてても気持ちいいもんな。"},{"pet_id":6050,"condition":2,"condition_value":2,"weight":1,"comment":"オレが店内飾ってやろうか？"},{"pet_id":6050,"condition":3,"condition_value":1,"weight":1,"comment":"オーナーはお客さんの気持わかるんだな。居心地すごくいいぜ？"},{"pet_id":6050,"condition":3,"condition_value":2,"weight":1,"comment":"居心地のよさはまずお客さんの気持ちになるところから。"},{"pet_id":6050,"condition":4,"condition_value":1,"weight":1,"comment":"ふわ～もう疲れた！"},{"pet_id":6050,"condition":4,"condition_value":2,"weight":1,"comment":"協力って難しいけど、やってみようぜ？"},{"pet_id":6050,"condition":4,"condition_value":3,"weight":1,"comment":"オレに任せろよ！人気のお店にしてやるぜ！"},{"pet_id":6050,"condition":5,"condition_value":0,"weight":1,"comment":"やっぱりオレだろ？"},{"pet_id":6051,"condition":1,"condition_value":1,"weight":1,"comment":"オーナー！もっと給与あげてくれてもいいぞ？"},{"pet_id":6051,"condition":1,"condition_value":2,"weight":1,"comment":"オレのこともっと考えろよな？"},{"pet_id":6051,"condition":2,"condition_value":1,"weight":1,"comment":"魅力あふれるお店、誇らしいぞ。"},{"pet_id":6051,"condition":2,"condition_value":2,"weight":1,"comment":"魅力か？オレもスゲーアイデアだしてやるよ。"},{"pet_id":6051,"condition":3,"condition_value":1,"weight":1,"comment":"これは快適！オーナーやるなあ。"},{"pet_id":6051,"condition":3,"condition_value":2,"weight":1,"comment":"こんな居心地じゃお客さん逃げちゃうぜ？"},{"pet_id":6051,"condition":4,"condition_value":1,"weight":1,"comment":"ふ～。ちょっと疲れてるかな。"},{"pet_id":6051,"condition":4,"condition_value":2,"weight":1,"comment":"よーし、みんなテキパキこなすぞ！"},{"pet_id":6051,"condition":4,"condition_value":3,"weight":1,"comment":"主役はもちろん、オレだな。"},{"pet_id":6051,"condition":5,"condition_value":0,"weight":1,"comment":"オレは荒鷲。なあ、わっりーことしようぜ！"},{"pet_id":6052,"condition":1,"condition_value":1,"weight":1,"comment":"なにか欲しいものがあるかって？秘密であります！"},{"pet_id":6052,"condition":1,"condition_value":2,"weight":1,"comment":"今月は貯金はできなさそうであります…。"},{"pet_id":6052,"condition":2,"condition_value":1,"weight":1,"comment":"オーナーさん、魅力があふれるお店づくり感服しました。"},{"pet_id":6052,"condition":2,"condition_value":2,"weight":1,"comment":"魅力的なお店への道はまだまだ険しいであります。"},{"pet_id":6052,"condition":3,"condition_value":1,"weight":1,"comment":"居心地バツグン！まさにこのお店のことですね。"},{"pet_id":6052,"condition":3,"condition_value":2,"weight":1,"comment":"ちょっと窮屈かもしれませんね。居心地は大事であります。"},{"pet_id":6052,"condition":4,"condition_value":1,"weight":1,"comment":"どうしたのでしょう。力が湧きません。"},{"pet_id":6052,"condition":4,"condition_value":2,"weight":1,"comment":"みんなで力を合わせるのであります！"},{"pet_id":6052,"condition":4,"condition_value":3,"weight":1,"comment":"やる気に満ちているのであります！"},{"pet_id":6052,"condition":5,"condition_value":0,"weight":1,"comment":"ぼくは牛若。あなたと働くことが出来て光栄です。"},{"pet_id":6053,"condition":1,"condition_value":1,"weight":1,"comment":"すっごーい！お給料いっぱいかも。"},{"pet_id":6053,"condition":1,"condition_value":2,"weight":1,"comment":"オーナーさん、もっとシフォンのこと大事にして欲しいな。"},{"pet_id":6053,"condition":2,"condition_value":1,"weight":1,"comment":"うっとりしちゃうようなお店になったね。"},{"pet_id":6053,"condition":2,"condition_value":2,"weight":1,"comment":"ちがうよぉ。もっと魅力的なお店がいいよぉ。"},{"pet_id":6053,"condition":3,"condition_value":1,"weight":1,"comment":"快適！シフォンもお気に入りだよ。"},{"pet_id":6053,"condition":3,"condition_value":2,"weight":1,"comment":"ねえねえ、もっと居心地のいいお店にしようよ。"},{"pet_id":6053,"condition":4,"condition_value":1,"weight":1,"comment":"もう・・だめえ。"},{"pet_id":6053,"condition":4,"condition_value":2,"weight":1,"comment":"みんながんばって～？"},{"pet_id":6053,"condition":4,"condition_value":3,"weight":1,"comment":"そんなにがんばれないよ？"},{"pet_id":6053,"condition":5,"condition_value":0,"weight":1,"comment":"はじめましてぇ、シフォンです。"},{"pet_id":6054,"condition":1,"condition_value":1,"weight":1,"comment":"オーナーさん、お給料いっぱいでうれしいです。"},{"pet_id":6054,"condition":1,"condition_value":2,"weight":1,"comment":"え～ん、プリン買うのは我慢かなあ。"},{"pet_id":6054,"condition":2,"condition_value":1,"weight":1,"comment":"魅力あふれるお店ってこういう感じなんですね。"},{"pet_id":6054,"condition":2,"condition_value":2,"weight":1,"comment":"お店の魅力アップ、がんばらないとですね。"},{"pet_id":6054,"condition":3,"condition_value":1,"weight":1,"comment":"なんかぽかぽかします。居心地がいいですね。"},{"pet_id":6054,"condition":3,"condition_value":2,"weight":1,"comment":"居心地のいいお店かあ。難しいなあ。"},{"pet_id":6054,"condition":4,"condition_value":1,"weight":1,"comment":"どうしちゃったのかなぁ。ちょっとやる気がでません。"},{"pet_id":6054,"condition":4,"condition_value":2,"weight":1,"comment":"うふふふ。みんなでがんばりましょう！"},{"pet_id":6054,"condition":4,"condition_value":3,"weight":1,"comment":"ちょっと恥ずかしいけど・・一生懸命がんばります！"},{"pet_id":6054,"condition":5,"condition_value":0,"weight":1,"comment":"プリンって呼んでもらえますか？"},{"pet_id":6055,"condition":1,"condition_value":1,"weight":1,"comment":"ねぇねぇ、お給料いっぱいですうれしいです！"},{"pet_id":6055,"condition":1,"condition_value":2,"weight":1,"comment":"オーナーさん、お給料足りないかも。え～ん。"},{"pet_id":6055,"condition":2,"condition_value":1,"weight":1,"comment":"ピッコーン！魅力いっぱいですね。"},{"pet_id":6055,"condition":2,"condition_value":2,"weight":1,"comment":"魅力不足ですね。もっとがんばりまょぉ！"},{"pet_id":6055,"condition":3,"condition_value":1,"weight":1,"comment":"わー！まったりなのです。それでねそれでね、聞いてください。"},{"pet_id":6055,"condition":3,"condition_value":2,"weight":1,"comment":"これじゃあお団子ゆっくり食べられません。"},{"pet_id":6055,"condition":4,"condition_value":1,"weight":1,"comment":"オーナーさん、疲れっちゃかもなのです。"},{"pet_id":6055,"condition":4,"condition_value":2,"weight":1,"comment":"みんながんばりましょ！お団子食べてください。"},{"pet_id":6055,"condition":4,"condition_value":3,"weight":1,"comment":"お団子ちゃんにまっかせてください！"},{"pet_id":6055,"condition":5,"condition_value":0,"weight":1,"comment":"はじめましてぇ。お団子ちゃんって呼んでください！"},{"pet_id":6056,"condition":1,"condition_value":1,"weight":1,"comment":"お給料いっぱいでうれしいな。ありがとうございます！"},{"pet_id":6056,"condition":1,"condition_value":2,"weight":1,"comment":"オーナーさん、もう少し給料上げてほしいな？"},{"pet_id":6056,"condition":2,"condition_value":1,"weight":1,"comment":"こんなに魅力がでるなんて。行列ができちゃうかも。"},{"pet_id":6056,"condition":2,"condition_value":2,"weight":1,"comment":"オーナーさん、魅力を上げる内装に力をいれましょう！"},{"pet_id":6056,"condition":3,"condition_value":1,"weight":1,"comment":"いやあこんなに居心地がいいなんて。"},{"pet_id":6056,"condition":3,"condition_value":2,"weight":1,"comment":"快適なお店ってどうやったらできるんだろう。"},{"pet_id":6056,"condition":4,"condition_value":1,"weight":1,"comment":"なんだかやる気がでません…。"},{"pet_id":6056,"condition":4,"condition_value":2,"weight":1,"comment":"みんなもテキパキがんばりましょう。"},{"pet_id":6056,"condition":4,"condition_value":3,"weight":1,"comment":"やる気全開です！オーナーさんについて行きますよ。"},{"pet_id":6056,"condition":5,"condition_value":0,"weight":1,"comment":"僕はカスタード。よろしくね。"},{"pet_id":6057,"condition":1,"condition_value":1,"weight":1,"comment":"いつもありがとうございます！クッキーを焼いてきました。"},{"pet_id":6057,"condition":1,"condition_value":2,"weight":1,"comment":"もう少しお給料上がったらなあ。"},{"pet_id":6057,"condition":2,"condition_value":1,"weight":1,"comment":"お客さん増えましたね。魅力的だからかな？"},{"pet_id":6057,"condition":2,"condition_value":2,"weight":1,"comment":"誰もがうっとりするようなお店になったらなあ。"},{"pet_id":6057,"condition":3,"condition_value":1,"weight":1,"comment":"居心地がいいってお客さんから。なんだか嬉しくて。"},{"pet_id":6057,"condition":3,"condition_value":2,"weight":1,"comment":"レイアウトなのかなあ。居心地のよさ研究ですね。"},{"pet_id":6057,"condition":4,"condition_value":1,"weight":1,"comment":"オーナーさん、やる気減退気味なんです。"},{"pet_id":6057,"condition":4,"condition_value":2,"weight":1,"comment":"力を合わせて素敵なお店にしましょう！"},{"pet_id":6057,"condition":4,"condition_value":3,"weight":1,"comment":"オーナーさん、あなたといられて嬉しいです。"},{"pet_id":6057,"condition":5,"condition_value":0,"weight":1,"comment":"はじめまして。クッキーって呼んでください。"},{"pet_id":6059,"condition":1,"condition_value":1,"weight":1,"comment":"なんだ給料を出しすぎて貧乏か？クックックッ。"},{"pet_id":6059,"condition":1,"condition_value":2,"weight":1,"comment":"おい、私が貧乏でどうする？"},{"pet_id":6059,"condition":2,"condition_value":1,"weight":1,"comment":"魅力的なのはいいが、お前、制服が後ろ前だぞ。"},{"pet_id":6059,"condition":2,"condition_value":2,"weight":1,"comment":"こんな魅力ではお客が逃げていくなあ。よしよし。"},{"pet_id":6059,"condition":3,"condition_value":1,"weight":1,"comment":"快適じゃないか。お前、どこで覚えた！？"},{"pet_id":6059,"condition":3,"condition_value":2,"weight":1,"comment":"私も居心地が悪い店は苦手だな。"},{"pet_id":6059,"condition":4,"condition_value":1,"weight":1,"comment":"つまらない。ドッキリになぜ引っかからないんだ。"},{"pet_id":6059,"condition":4,"condition_value":2,"weight":1,"comment":"お前たちがんばれよ。私はドッキリトラップを…。"},{"pet_id":6059,"condition":4,"condition_value":3,"weight":1,"comment":"不幸センサー発動！クックックッ。"},{"pet_id":6059,"condition":5,"condition_value":0,"weight":1,"comment":"クックックッお前不幸な顔をしているなぁ。"},{"pet_id":6060,"condition":1,"condition_value":1,"weight":1,"comment":"美容グッズ買いまくるんだからぁ！"},{"pet_id":6060,"condition":1,"condition_value":2,"weight":1,"comment":"えー！これじゃあ豆乳買えないかも。"},{"pet_id":6060,"condition":2,"condition_value":1,"weight":1,"comment":"輝いているっていうか、すごい引きつけられる魅力だよ。"},{"pet_id":6060,"condition":2,"condition_value":2,"weight":1,"comment":"お客さん、他のお店に取られちゃうよ？魅力上げてこ！"},{"pet_id":6060,"condition":3,"condition_value":1,"weight":1,"comment":"快適、快適。オーナーさん、やるじゃん。"},{"pet_id":6060,"condition":3,"condition_value":2,"weight":1,"comment":"居心地がたりないんじゃないかなあ。"},{"pet_id":6060,"condition":4,"condition_value":1,"weight":1,"comment":"はあ……なんで私だけ。なんでもないよ！"},{"pet_id":6060,"condition":4,"condition_value":2,"weight":1,"comment":"みんながんばろうよ！まかないのピザ食べてね～。"},{"pet_id":6060,"condition":4,"condition_value":3,"weight":1,"comment":"やる気に満ちてるんだから！む、胸の事は言わないの！"},{"pet_id":6060,"condition":5,"condition_value":0,"weight":1,"comment":"乙女の悩みは海よりも深いんだからぁ。"},{"pet_id":6061,"condition":1,"condition_value":1,"weight":1,"comment":"財布に余裕が！シュシュになにかプレゼントしたいな～。"},{"pet_id":6061,"condition":1,"condition_value":2,"weight":1,"comment":"うああっ！財布が空なのです…。"},{"pet_id":6061,"condition":2,"condition_value":1,"weight":1,"comment":"こんな魅力的なお店ができるんだね。女子力あるなあ。"},{"pet_id":6061,"condition":2,"condition_value":2,"weight":1,"comment":"これじゃあお客さん離れちゃうよ？魅力上げていこう。"},{"pet_id":6061,"condition":3,"condition_value":1,"weight":1,"comment":"これならまったりできるね。シュシュとも…。"},{"pet_id":6061,"condition":3,"condition_value":2,"weight":1,"comment":"オーナーさん！もっとお店の居心地にも力を入れて！"},{"pet_id":6061,"condition":4,"condition_value":1,"weight":1,"comment":"かわいい子不足だなあ。シュシュはどこ？"},{"pet_id":6061,"condition":4,"condition_value":2,"weight":1,"comment":"かわいいスタッフがいっぱい！がんばれる～。"},{"pet_id":6061,"condition":4,"condition_value":3,"weight":1,"comment":"オーナーさん！私がんばるよ。シュシュとシフト一緒にしてね。"},{"pet_id":6061,"condition":5,"condition_value":0,"weight":1,"comment":"ど、ドキドキしてる？そんなはず、そんなはずないーーー。"},{"pet_id":6062,"condition":1,"condition_value":1,"weight":1,"comment":"えへへ。うれしいなあ。"},{"pet_id":6062,"condition":1,"condition_value":2,"weight":1,"comment":"え～ん。今月ピンチかも。"},{"pet_id":6062,"condition":2,"condition_value":1,"weight":1,"comment":"素敵なお店になりましたね。流石オーナーさん。"},{"pet_id":6062,"condition":2,"condition_value":2,"weight":1,"comment":"なにか足りないなあ。ど、どうしたらいいんだろう。"},{"pet_id":6062,"condition":3,"condition_value":1,"weight":1,"comment":"これなら。みんなで楽しく過ごせますね。"},{"pet_id":6062,"condition":3,"condition_value":2,"weight":1,"comment":"ふぇぇ、快適なお店づくり、難しいなあ。"},{"pet_id":6062,"condition":4,"condition_value":1,"weight":1,"comment":"あの…どうせあたしなんか。ほっておいてください。"},{"pet_id":6062,"condition":4,"condition_value":2,"weight":1,"comment":"あたしもがんばりますから、素敵なお店にしましょ？"},{"pet_id":6062,"condition":4,"condition_value":3,"weight":1,"comment":"はい、押し花です。オーナーさんがやる気をくれますね！"},{"pet_id":6062,"condition":5,"condition_value":0,"weight":1,"comment":"ひえぇ、ごめんなさい、ごめんなさい・・・あたしのせいで。"},{"pet_id":6200,"condition":1,"condition_value":1,"weight":1,"comment":"仮）お給料いっぱいでうれしい。"},{"pet_id":6200,"condition":1,"condition_value":2,"weight":1,"comment":"仮）お給料ギリギリだなあ。"},{"pet_id":6200,"condition":2,"condition_value":1,"weight":1,"comment":"仮）魅力的なお店で誇らしいです。"},{"pet_id":6200,"condition":2,"condition_value":2,"weight":1,"comment":"仮）もっと魅力的なお店にしないと。"},{"pet_id":6200,"condition":3,"condition_value":1,"weight":1,"comment":"仮）これならお客様も快適です。"},{"pet_id":6200,"condition":3,"condition_value":2,"weight":1,"comment":"仮）快適なお店づくりをしないと。"},{"pet_id":6200,"condition":4,"condition_value":1,"weight":1,"comment":"仮）なんだかやる気がでません。"},{"pet_id":6200,"condition":4,"condition_value":2,"weight":1,"comment":"仮）みんなもテキパキがんばりましょう。"},{"pet_id":6200,"condition":4,"condition_value":3,"weight":1,"comment":"仮）やる気マックスあなたについていきます。"},{"pet_id":6200,"condition":5,"condition_value":0,"weight":1,"comment":"仮）自己紹介"},{"pet_id":6201,"condition":1,"condition_value":1,"weight":1,"comment":"仮）お給料いっぱいでうれしい。"},{"pet_id":6201,"condition":1,"condition_value":2,"weight":1,"comment":"仮）お給料ギリギリだなあ。"},{"pet_id":6201,"condition":2,"condition_value":1,"weight":1,"comment":"仮）魅力的なお店で誇らしいです。"},{"pet_id":6201,"condition":2,"condition_value":2,"weight":1,"comment":"仮）もっと魅力的なお店にしないと。"},{"pet_id":6201,"condition":3,"condition_value":1,"weight":1,"comment":"仮）これならお客様も快適です。"},{"pet_id":6201,"condition":3,"condition_value":2,"weight":1,"comment":"仮）快適なお店づくりをしないと。"},{"pet_id":6201,"condition":4,"condition_value":1,"weight":1,"comment":"仮）なんだかやる気がでません。"},{"pet_id":6201,"condition":4,"condition_value":2,"weight":1,"comment":"仮）みんなもテキパキがんばりましょう。"},{"pet_id":6201,"condition":4,"condition_value":3,"weight":1,"comment":"仮）やる気マックスあなたについていきます。"},{"pet_id":6201,"condition":5,"condition_value":0,"weight":1,"comment":"仮）自己紹介"},{"pet_id":6202,"condition":1,"condition_value":1,"weight":1,"comment":"仮）お給料いっぱいでうれしい。"},{"pet_id":6202,"condition":1,"condition_value":2,"weight":1,"comment":"仮）お給料ギリギリだなあ。"},{"pet_id":6202,"condition":2,"condition_value":1,"weight":1,"comment":"仮）魅力的なお店で誇らしいです。"},{"pet_id":6202,"condition":2,"condition_value":2,"weight":1,"comment":"仮）もっと魅力的なお店にしないと。"},{"pet_id":6202,"condition":3,"condition_value":1,"weight":1,"comment":"仮）これならお客様も快適です。"},{"pet_id":6202,"condition":3,"condition_value":2,"weight":1,"comment":"仮）快適なお店づくりをしないと。"},{"pet_id":6202,"condition":4,"condition_value":1,"weight":1,"comment":"仮）なんだかやる気がでません。"},{"pet_id":6202,"condition":4,"condition_value":2,"weight":1,"comment":"仮）みんなもテキパキがんばりましょう。"},{"pet_id":6202,"condition":4,"condition_value":3,"weight":1,"comment":"仮）やる気マックスあなたについていきます。"},{"pet_id":6202,"condition":5,"condition_value":0,"weight":1,"comment":"仮）自己紹介"},{"pet_id":6203,"condition":1,"condition_value":1,"weight":1,"comment":"仮）お給料いっぱいでうれしい。"},{"pet_id":6203,"condition":1,"condition_value":2,"weight":1,"comment":"仮）お給料ギリギリだなあ。"},{"pet_id":6203,"condition":2,"condition_value":1,"weight":1,"comment":"仮）魅力的なお店で誇らしいです。"},{"pet_id":6203,"condition":2,"condition_value":2,"weight":1,"comment":"仮）もっと魅力的なお店にしないと。"},{"pet_id":6203,"condition":3,"condition_value":1,"weight":1,"comment":"仮）これならお客様も快適です。"},{"pet_id":6203,"condition":3,"condition_value":2,"weight":1,"comment":"仮）快適なお店づくりをしないと。"},{"pet_id":6203,"condition":4,"condition_value":1,"weight":1,"comment":"仮）なんだかやる気がでません。"},{"pet_id":6203,"condition":4,"condition_value":2,"weight":1,"comment":"仮）みんなもテキパキがんばりましょう。"},{"pet_id":6203,"condition":4,"condition_value":3,"weight":1,"comment":"仮）やる気マックスあなたについていきます。"},{"pet_id":6203,"condition":5,"condition_value":0,"weight":1,"comment":"仮）自己紹介"},{"pet_id":6204,"condition":1,"condition_value":1,"weight":1,"comment":"仮）お給料いっぱいでうれしい。"},{"pet_id":6204,"condition":1,"condition_value":2,"weight":1,"comment":"仮）お給料ギリギリだなあ。"},{"pet_id":6204,"condition":2,"condition_value":1,"weight":1,"comment":"仮）魅力的なお店で誇らしいです。"},{"pet_id":6204,"condition":2,"condition_value":2,"weight":1,"comment":"仮）もっと魅力的なお店にしないと。"},{"pet_id":6204,"condition":3,"condition_value":1,"weight":1,"comment":"仮）これならお客様も快適です。"},{"pet_id":6204,"condition":3,"condition_value":2,"weight":1,"comment":"仮）快適なお店づくりをしないと。"},{"pet_id":6204,"condition":4,"condition_value":1,"weight":1,"comment":"仮）なんだかやる気がでません。"},{"pet_id":6204,"condition":4,"condition_value":2,"weight":1,"comment":"仮）みんなもテキパキがんばりましょう。"},{"pet_id":6204,"condition":4,"condition_value":3,"weight":1,"comment":"仮）やる気マックスあなたについていきます。"},{"pet_id":6204,"condition":5,"condition_value":0,"weight":1,"comment":"仮）自己紹介"},{"pet_id":6205,"condition":1,"condition_value":1,"weight":1,"comment":"オーナーっち、買い物に付き合ってくれぬか？"},{"pet_id":6205,"condition":1,"condition_value":2,"weight":1,"comment":"少し懐がさみしいぞ。わらわのこともっと大切にするのじゃ。"},{"pet_id":6205,"condition":2,"condition_value":1,"weight":1,"comment":"魅了あふれるお店じゃのお。くるしゅうないぞ。"},{"pet_id":6205,"condition":2,"condition_value":2,"weight":1,"comment":"魅力的な装飾、わらわが選んでやろう。"},{"pet_id":6205,"condition":3,"condition_value":1,"weight":1,"comment":"フォッ、フォッ、フォッ。心地よいおぉ。"},{"pet_id":6205,"condition":3,"condition_value":2,"weight":1,"comment":"なにか窮屈じゃ。もっと居心地をよくするのじゃ。"},{"pet_id":6205,"condition":4,"condition_value":1,"weight":1,"comment":"オーナーっち、ちょっと疲れてしまっとぞよ。"},{"pet_id":6205,"condition":4,"condition_value":2,"weight":1,"comment":"みなよいか、おもてなしは心じゃぞ。"},{"pet_id":6205,"condition":4,"condition_value":3,"weight":1,"comment":"オーナーっち！最高のレストランをつくろうの。"},{"pet_id":6205,"condition":5,"condition_value":0,"weight":1,"comment":"わらわの魅力に骨抜きになっているのじゃろ？"},{"pet_id":6206,"condition":1,"condition_value":1,"weight":1,"comment":"仮）お給料いっぱいでうれしい。"},{"pet_id":6206,"condition":1,"condition_value":2,"weight":1,"comment":"仮）お給料ギリギリだなあ。"},{"pet_id":6206,"condition":2,"condition_value":1,"weight":1,"comment":"仮）魅力的なお店で誇らしいです。"},{"pet_id":6206,"condition":2,"condition_value":2,"weight":1,"comment":"仮）もっと魅力的なお店にしないと。"},{"pet_id":6206,"condition":3,"condition_value":1,"weight":1,"comment":"仮）これならお客様も快適です。"},{"pet_id":6206,"condition":3,"condition_value":2,"weight":1,"comment":"仮）快適なお店づくりをしないと。"},{"pet_id":6206,"condition":4,"condition_value":1,"weight":1,"comment":"仮）なんだかやる気がでません。"},{"pet_id":6206,"condition":4,"condition_value":2,"weight":1,"comment":"仮）みんなもテキパキがんばりましょう。"},{"pet_id":6206,"condition":4,"condition_value":3,"weight":1,"comment":"仮）やる気マックスあなたについていきます。"},{"pet_id":6206,"condition":5,"condition_value":0,"weight":1,"comment":"仮）自己紹介"},{"pet_id":6207,"condition":1,"condition_value":1,"weight":1,"comment":"仮）お給料いっぱいでうれしい。"},{"pet_id":6207,"condition":1,"condition_value":2,"weight":1,"comment":"仮）お給料ギリギリだなあ。"},{"pet_id":6207,"condition":2,"condition_value":1,"weight":1,"comment":"仮）魅力的なお店で誇らしいです。"},{"pet_id":6207,"condition":2,"condition_value":2,"weight":1,"comment":"仮）もっと魅力的なお店にしないと。"},{"pet_id":6207,"condition":3,"condition_value":1,"weight":1,"comment":"仮）これならお客様も快適です。"},{"pet_id":6207,"condition":3,"condition_value":2,"weight":1,"comment":"仮）快適なお店づくりをしないと。"},{"pet_id":6207,"condition":4,"condition_value":1,"weight":1,"comment":"仮）なんだかやる気がでません。"},{"pet_id":6207,"condition":4,"condition_value":2,"weight":1,"comment":"仮）みんなもテキパキがんばりましょう。"},{"pet_id":6207,"condition":4,"condition_value":3,"weight":1,"comment":"仮）やる気マックスあなたについていきます。"},{"pet_id":6207,"condition":5,"condition_value":0,"weight":1,"comment":"仮）自己紹介"}]