[{"config_id":1,"pic_id":1,"name":"ゴールド","desc":"最も一般的に使われている通貨","quality":3,"sale_price":0,"use_type":0,"use_value1":0,"use_value2":0,"is_use":0},{"config_id":2,"pic_id":2,"name":"ピンクダイヤ","desc":"貴重なピンクのダイヤモンド｡望むもの全てを買える","quality":5,"sale_price":0,"use_type":0,"use_value1":0,"use_value2":0,"is_use":0},{"config_id":3,"pic_id":3,"name":"アクアコイン","desc":"謎の紋章の青色のコイン｡ダイヤと同じくらい貴重","quality":4,"sale_price":0,"use_type":0,"use_value1":0,"use_value2":0,"is_use":0},{"config_id":4,"pic_id":4,"name":"けもみみメダル","desc":"スタッフを雇うことができる勲章","quality":4,"sale_price":0,"use_type":0,"use_value1":0,"use_value2":0,"is_use":0},{"config_id":5,"pic_id":5,"name":"レストランexp","desc":"レストランLvを上げます｡Lvが高いと店舗を大きくできます","quality":3,"sale_price":0,"use_type":0,"use_value1":0,"use_value2":0,"is_use":0},{"config_id":6,"pic_id":6,"name":"プレイヤーexp","desc":"プレイヤーLvを上げます｡Lvが高いと金庫を大きくできます","quality":3,"sale_price":0,"use_type":0,"use_value1":0,"use_value2":0,"is_use":0},{"config_id":7,"pic_id":7,"name":"装飾コイン","desc":"珍しい内装アイテムの購入やレベルアップができます","quality":4,"sale_price":0,"use_type":0,"use_value1":0,"use_value2":0,"is_use":0},{"config_id":8,"pic_id":8,"name":"友情Pt","desc":"友達と交流して貴重なアイテムを入手","quality":3,"sale_price":0,"use_type":0,"use_value1":0,"use_value2":0,"is_use":0},{"config_id":9,"pic_id":9,"name":"広告コイン","desc":"広告に必要な通貨","quality":4,"sale_price":0,"use_type":0,"use_value1":0,"use_value2":0,"is_use":0},{"config_id":50001,"pic_id":50001,"name":"ガチャ券","desc":"スタッフの募集するためのチケット","quality":4,"sale_price":10,"use_type":0,"use_value1":0,"use_value2":0,"is_use":0},{"config_id":50002,"pic_id":50002,"name":"れしぴブックR","desc":"R以下の料理またはレシピを入手｡解禁済料理を入手した場合はレシピを取得します","quality":2,"sale_price":15,"use_type":2,"use_value1":1,"use_value2":0,"is_use":1},{"config_id":50003,"pic_id":50003,"name":"れしぴブックSR","desc":"SRの料理またはレシピを入手｡解禁済料理を入手した場合はレシピ×20枚を取得します","quality":3,"sale_price":30,"use_type":2,"use_value1":2,"use_value2":0,"is_use":1},{"config_id":50004,"pic_id":50004,"name":"れしぴブックUR","desc":"URの料理またはレシピを入手｡解禁済料理を入手した場合はレシピ×50枚を取得します","quality":4,"sale_price":50,"use_type":2,"use_value1":3,"use_value2":0,"is_use":1},{"config_id":50005,"pic_id":50005,"name":"食材R·1日","desc":"R食材x1日獲得､低確率でR食材x永久獲得","quality":2,"sale_price":100,"use_type":2,"use_value1":4,"use_value2":0,"is_use":1},{"config_id":50006,"pic_id":50006,"name":"食材SR·1日","desc":"SR食材x1日獲得､低確率でSR食材x永久獲得","quality":3,"sale_price":100,"use_type":2,"use_value1":5,"use_value2":0,"is_use":1},{"config_id":50007,"pic_id":50007,"name":"食材UR·1日","desc":"UR食材x1日獲得､低確率でUR食材x永久獲得","quality":4,"sale_price":100,"use_type":2,"use_value1":6,"use_value2":0,"is_use":1},{"config_id":50008,"pic_id":50008,"name":"ゴムボール","desc":"犬系好感度+20","quality":1,"sale_price":20,"use_type":5,"use_value1":1,"use_value2":20,"is_use":1},{"config_id":50009,"pic_id":50009,"name":"がぶがぶ骨","desc":"犬系好感度+50","quality":2,"sale_price":50,"use_type":5,"use_value1":1,"use_value2":50,"is_use":1},{"config_id":50010,"pic_id":50010,"name":"犬じゃらし","desc":"犬系好感度+100","quality":3,"sale_price":100,"use_type":5,"use_value1":1,"use_value2":100,"is_use":1},{"config_id":50011,"pic_id":50011,"name":"ピンクの豚","desc":"犬系好感度+250","quality":4,"sale_price":250,"use_type":5,"use_value1":1,"use_value2":250,"is_use":1},{"config_id":50012,"pic_id":50012,"name":"ネジまき鼠","desc":"犬系好感度+500","quality":5,"sale_price":500,"use_type":5,"use_value1":1,"use_value2":500,"is_use":1},{"config_id":50013,"pic_id":50013,"name":"毛糸玉","desc":"猫系好感度+20","quality":1,"sale_price":20,"use_type":5,"use_value1":2,"use_value2":20,"is_use":1},{"config_id":50014,"pic_id":50014,"name":"小さな鈴","desc":"猫系好感度+50","quality":2,"sale_price":50,"use_type":5,"use_value1":2,"use_value2":50,"is_use":1},{"config_id":50015,"pic_id":50015,"name":"のぼり台","desc":"猫系好感度+100","quality":3,"sale_price":100,"use_type":5,"use_value1":2,"use_value2":100,"is_use":1},{"config_id":50016,"pic_id":50016,"name":"ペンライト","desc":"猫系好感度+250","quality":4,"sale_price":250,"use_type":5,"use_value1":2,"use_value2":250,"is_use":1},{"config_id":50017,"pic_id":50017,"name":"紙箱ハウス","desc":"猫系好感度+500","quality":5,"sale_price":500,"use_type":5,"use_value1":2,"use_value2":500,"is_use":1},{"config_id":50018,"pic_id":50018,"name":"食材セットR·7日","desc":"全てのR食材を7日分獲得","quality":2,"sale_price":100,"use_type":1,"use_value1":343,"use_value2":0,"is_use":1},{"config_id":50019,"pic_id":50019,"name":"食材セットSR·7日","desc":"全てのSR食材を7日分獲得","quality":3,"sale_price":100,"use_type":1,"use_value1":344,"use_value2":0,"is_use":1},{"config_id":50020,"pic_id":50020,"name":"食材セットUR·7日","desc":"全てのUR食材を7日分獲得","quality":4,"sale_price":100,"use_type":1,"use_value1":345,"use_value2":0,"is_use":1},{"config_id":50021,"pic_id":50021,"name":"ジャーキー","desc":"犬系の忠诚+20","quality":3,"sale_price":100,"use_type":4,"use_value1":1,"use_value2":20,"is_use":1},{"config_id":50022,"pic_id":50022,"name":"にぼし","desc":"猫系の忠诚+20","quality":3,"sale_price":100,"use_type":4,"use_value1":2,"use_value2":20,"is_use":1},{"config_id":50023,"pic_id":50023,"name":"スキル缶","desc":"通常スキルをリセットする缶詰｡おいしい！","quality":4,"sale_price":100,"use_type":0,"use_value1":0,"use_value2":0,"is_use":0},{"config_id":50024,"pic_id":50024,"name":"クッキー","desc":"専属スキルをレベルアップするクッキー","quality":3,"sale_price":100,"use_type":0,"use_value1":0,"use_value2":0,"is_use":0},{"config_id":58001,"pic_id":58001,"name":"餃子","desc":"イベントアイテム｡報酬と交換できます","quality":2,"sale_price":1,"use_type":0,"use_value1":0,"use_value2":0,"is_use":0},{"config_id":58002,"pic_id":58002,"name":"計測バッチ","desc":"イベントアイテム｡報酬と交換できます","quality":2,"sale_price":1,"use_type":0,"use_value1":0,"use_value2":0,"is_use":0},{"config_id":58003,"pic_id":58003,"name":"清明団子","desc":"イベントアイテム｡報酬と交換できます","quality":2,"sale_price":1,"use_type":0,"use_value1":0,"use_value2":0,"is_use":0},{"config_id":58100,"pic_id":58100,"name":"EPT","desc":"イベント限定経営スタイルを設定している時ストーリーを確認すると取得できます。イベント終了後､クリアされます｡","quality":2,"sale_price":1,"use_type":0,"use_value1":0,"use_value2":0,"is_use":0},{"config_id":59001,"pic_id":59001,"name":"わくわく海鮮手巻きレシピ","desc":"わくわく海鮮手巻きの研究開発に使用","quality":4,"sale_price":160,"use_type":0,"use_value1":0,"use_value2":0,"is_use":0},{"config_id":59002,"pic_id":59002,"name":"ふわトロだし巻き卵レシピ","desc":"ふわトロだし巻き卵の研究開発に使用","quality":1,"sale_price":10,"use_type":0,"use_value1":0,"use_value2":0,"is_use":0},{"config_id":59003,"pic_id":59003,"name":"お母さんの肉じゃがレシピ","desc":"お母さんの肉じゃがの研究開発に使用","quality":2,"sale_price":40,"use_type":0,"use_value1":0,"use_value2":0,"is_use":0},{"config_id":59004,"pic_id":59004,"name":"ジューシー豚の角煮レシピ","desc":"ジューシー豚の角煮の研究開発に使用","quality":2,"sale_price":40,"use_type":0,"use_value1":0,"use_value2":0,"is_use":0},{"config_id":59005,"pic_id":59005,"name":"三つ葉のおすましレシピ","desc":"三つ葉のおすましの研究開発に使用","quality":1,"sale_price":10,"use_type":0,"use_value1":0,"use_value2":0,"is_use":0},{"config_id":59006,"pic_id":59006,"name":"さくさく天ぷら丼レシピ","desc":"さくさく天ぷら丼の研究開発に使用","quality":2,"sale_price":40,"use_type":0,"use_value1":0,"use_value2":0,"is_use":0},{"config_id":59007,"pic_id":59007,"name":"焼き魚定食レシピ","desc":"焼き魚定食の研究開発に使用","quality":3,"sale_price":90,"use_type":0,"use_value1":0,"use_value2":0,"is_use":0},{"config_id":59008,"pic_id":59008,"name":"屋台風焼きそばレシピ","desc":"屋台風焼きそばの研究開発に使用","quality":4,"sale_price":160,"use_type":0,"use_value1":0,"use_value2":0,"is_use":0},{"config_id":59009,"pic_id":59009,"name":"アツアツ鍋焼きうどんレシピ","desc":"アツアツ鍋焼きうどんの研究開発に使用","quality":3,"sale_price":90,"use_type":0,"use_value1":0,"use_value2":0,"is_use":0},{"config_id":59010,"pic_id":59010,"name":"京風茶碗蒸しレシピ","desc":"京風茶碗蒸しの研究開発に使用","quality":3,"sale_price":90,"use_type":0,"use_value1":0,"use_value2":0,"is_use":0},{"config_id":59011,"pic_id":59011,"name":"肉厚ビーフステーキレシピ","desc":"肉厚ビーフステーキの研究開発に使用","quality":4,"sale_price":160,"use_type":0,"use_value1":0,"use_value2":0,"is_use":0},{"config_id":59012,"pic_id":59012,"name":"濃厚ビーフシチューレシピ","desc":"濃厚ビーフシチューの研究開発に使用","quality":3,"sale_price":90,"use_type":0,"use_value1":0,"use_value2":0,"is_use":0},{"config_id":59013,"pic_id":59013,"name":"愛妻風オムライスレシピ","desc":"愛妻風オムライスの研究開発に使用","quality":3,"sale_price":90,"use_type":0,"use_value1":0,"use_value2":0,"is_use":0},{"config_id":59014,"pic_id":59014,"name":"絶品クリームパスタレシピ","desc":"絶品クリームパスタの研究開発に使用","quality":2,"sale_price":40,"use_type":0,"use_value1":0,"use_value2":0,"is_use":0},{"config_id":59015,"pic_id":59015,"name":"秘伝レシピのグラタンレシピ","desc":"秘伝レシピのグラタンの研究開発に使用","quality":4,"sale_price":160,"use_type":0,"use_value1":0,"use_value2":0,"is_use":0},{"config_id":59016,"pic_id":59016,"name":"元気ハンバーグレシピ","desc":"元気ハンバーグの研究開発に使用","quality":1,"sale_price":10,"use_type":0,"use_value1":0,"use_value2":0,"is_use":0},{"config_id":59017,"pic_id":59017,"name":"贅沢エビフライレシピ","desc":"贅沢エビフライの研究開発に使用","quality":1,"sale_price":10,"use_type":0,"use_value1":0,"use_value2":0,"is_use":0},{"config_id":59018,"pic_id":59018,"name":"大盛カレーライスレシピ","desc":"大盛カレーライスの研究開発に使用","quality":2,"sale_price":40,"use_type":0,"use_value1":0,"use_value2":0,"is_use":0},{"config_id":59019,"pic_id":59019,"name":"やみつきナポリタンレシピ","desc":"やみつきナポリタンの研究開発に使用","quality":2,"sale_price":40,"use_type":0,"use_value1":0,"use_value2":0,"is_use":0},{"config_id":59020,"pic_id":59020,"name":"店長のシーザーサラダレシピ","desc":"店長のシーザーサラダの研究開発に使用","quality":3,"sale_price":90,"use_type":0,"use_value1":0,"use_value2":0,"is_use":0},{"config_id":59021,"pic_id":59021,"name":"ぷりぷりエビ蒸し餃子レシピ","desc":"ぷりぷりエビ蒸し餃子の研究開発に使用","quality":3,"sale_price":90,"use_type":0,"use_value1":0,"use_value2":0,"is_use":0},{"config_id":59022,"pic_id":59022,"name":"色どり春巻きレシピ","desc":"色どり春巻きの研究開発に使用","quality":1,"sale_price":10,"use_type":0,"use_value1":0,"use_value2":0,"is_use":0},{"config_id":59023,"pic_id":59023,"name":"具たっぷりエビ炒飯レシピ","desc":"具たっぷりエビ炒飯の研究開発に使用","quality":2,"sale_price":40,"use_type":0,"use_value1":0,"use_value2":0,"is_use":0},{"config_id":59024,"pic_id":59024,"name":"コク旨麻婆豆腐レシピ","desc":"コク旨麻婆豆腐の研究開発に使用","quality":1,"sale_price":10,"use_type":0,"use_value1":0,"use_value2":0,"is_use":0},{"config_id":59025,"pic_id":59025,"name":"スタミナホイコーローレシピ","desc":"スタミナホイコーローの研究開発に使用","quality":4,"sale_price":160,"use_type":0,"use_value1":0,"use_value2":0,"is_use":0},{"config_id":59026,"pic_id":59026,"name":"パイナップル炒飯レシピ","desc":"パイナップル炒飯の研究開発に使用","quality":3,"sale_price":90,"use_type":0,"use_value1":0,"use_value2":0,"is_use":0},{"config_id":59027,"pic_id":59027,"name":"ピリ辛中華風春雨レシピ","desc":"ピリ辛中華風春雨の研究開発に使用","quality":4,"sale_price":160,"use_type":0,"use_value1":0,"use_value2":0,"is_use":0},{"config_id":59028,"pic_id":59028,"name":"本格チンジャオロースレシピ","desc":"本格チンジャオロースの研究開発に使用","quality":3,"sale_price":90,"use_type":0,"use_value1":0,"use_value2":0,"is_use":0},{"config_id":59029,"pic_id":59029,"name":"うま辛バンバンジーレシピ","desc":"うま辛バンバンジーの研究開発に使用","quality":2,"sale_price":40,"use_type":0,"use_value1":0,"use_value2":0,"is_use":0},{"config_id":59030,"pic_id":59030,"name":"天然エビの三色炒めレシピ","desc":"天然エビの三色炒めの研究開発に使用","quality":2,"sale_price":40,"use_type":0,"use_value1":0,"use_value2":0,"is_use":0},{"config_id":59031,"pic_id":59031,"name":"苺のショートケーキレシピ","desc":"苺のショートケーキの研究開発に使用","quality":2,"sale_price":40,"use_type":0,"use_value1":0,"use_value2":0,"is_use":0},{"config_id":59032,"pic_id":59032,"name":"一口カスタードプリンレシピ","desc":"一口カスタードプリンの研究開発に使用","quality":1,"sale_price":10,"use_type":0,"use_value1":0,"use_value2":0,"is_use":0},{"config_id":59033,"pic_id":59033,"name":"モーニングワッフルレシピ","desc":"モーニングワッフルの研究開発に使用","quality":2,"sale_price":40,"use_type":0,"use_value1":0,"use_value2":0,"is_use":0},{"config_id":59034,"pic_id":59034,"name":"濃厚シュークリームレシピ","desc":"濃厚シュークリームの研究開発に使用","quality":2,"sale_price":40,"use_type":0,"use_value1":0,"use_value2":0,"is_use":0},{"config_id":59035,"pic_id":59035,"name":"とろけるチョコアイスレシピ","desc":"とろけるチョコアイスの研究開発に使用","quality":1,"sale_price":10,"use_type":0,"use_value1":0,"use_value2":0,"is_use":0},{"config_id":59036,"pic_id":59036,"name":"マンゴークリーム大福レシピ","desc":"マンゴークリーム大福の研究開発に使用","quality":3,"sale_price":90,"use_type":0,"use_value1":0,"use_value2":0,"is_use":0},{"config_id":59037,"pic_id":59037,"name":"季節の花ねりきりレシピ","desc":"季節の花ねりきりの研究開発に使用","quality":4,"sale_price":160,"use_type":0,"use_value1":0,"use_value2":0,"is_use":0},{"config_id":59038,"pic_id":59038,"name":"ロイヤルティラミスレシピ","desc":"ロイヤルティラミスの研究開発に使用","quality":3,"sale_price":90,"use_type":0,"use_value1":0,"use_value2":0,"is_use":0},{"config_id":59039,"pic_id":59039,"name":"姫様風マカロンレシピ","desc":"姫様風マカロンの研究開発に使用","quality":4,"sale_price":160,"use_type":0,"use_value1":0,"use_value2":0,"is_use":0},{"config_id":59040,"pic_id":59040,"name":"旬果物のエッグタルトレシピ","desc":"旬果物のエッグタルトの研究開発に使用","quality":3,"sale_price":90,"use_type":0,"use_value1":0,"use_value2":0,"is_use":0},{"config_id":59041,"pic_id":59041,"name":"カフェ・カプチーノレシピ","desc":"カフェ・カプチーノの研究開発に使用","quality":2,"sale_price":40,"use_type":0,"use_value1":0,"use_value2":0,"is_use":0},{"config_id":59042,"pic_id":59042,"name":"緑の抹茶スムージーレシピ","desc":"緑の抹茶スムージーの研究開発に使用","quality":3,"sale_price":90,"use_type":0,"use_value1":0,"use_value2":0,"is_use":0},{"config_id":59043,"pic_id":59043,"name":"カフェモカ・マイルドレシピ","desc":"カフェモカ・マイルドの研究開発に使用","quality":2,"sale_price":40,"use_type":0,"use_value1":0,"use_value2":0,"is_use":0},{"config_id":59044,"pic_id":59044,"name":"フレッシュレモネードレシピ","desc":"フレッシュレモネードの研究開発に使用","quality":2,"sale_price":40,"use_type":0,"use_value1":0,"use_value2":0,"is_use":0},{"config_id":59045,"pic_id":59045,"name":"レモンクリームソーダレシピ","desc":"レモンクリームソーダの研究開発に使用","quality":3,"sale_price":90,"use_type":0,"use_value1":0,"use_value2":0,"is_use":0},{"config_id":59046,"pic_id":59046,"name":"バナナミルクセーキレシピ","desc":"バナナミルクセーキの研究開発に使用","quality":1,"sale_price":10,"use_type":0,"use_value1":0,"use_value2":0,"is_use":0},{"config_id":59047,"pic_id":59047,"name":"タピオカ苺ミルクティレシピ","desc":"タピオカ苺ミルクティの研究開発に使用","quality":3,"sale_price":90,"use_type":0,"use_value1":0,"use_value2":0,"is_use":0},{"config_id":59048,"pic_id":59048,"name":"懐かしひやし飴レシピ","desc":"懐かしひやし飴の研究開発に使用","quality":1,"sale_price":10,"use_type":0,"use_value1":0,"use_value2":0,"is_use":0},{"config_id":59049,"pic_id":59049,"name":"白玉抹茶ラテレシピ","desc":"白玉抹茶ラテの研究開発に使用","quality":4,"sale_price":160,"use_type":0,"use_value1":0,"use_value2":0,"is_use":0},{"config_id":59050,"pic_id":59050,"name":"王様のフラッぺレシピ","desc":"王様のフラッぺの研究開発に使用","quality":4,"sale_price":160,"use_type":0,"use_value1":0,"use_value2":0,"is_use":0},{"config_id":51001,"pic_id":800014,"name":"ご飯UR･1日","desc":"ご飯UR×1日獲得､低確率でご飯URx永久","quality":4,"sale_price":100,"use_type":2,"use_value1":7,"use_value2":0,"is_use":1},{"config_id":51002,"pic_id":800024,"name":"栗UR･1日","desc":"栗UR×1日獲得､低確率で栗URx永久","quality":4,"sale_price":100,"use_type":2,"use_value1":8,"use_value2":0,"is_use":1},{"config_id":51003,"pic_id":800034,"name":"トマトUR･1日","desc":"トマトUR×1日獲得､低確率でトマトURx永久","quality":4,"sale_price":100,"use_type":2,"use_value1":9,"use_value2":0,"is_use":1},{"config_id":51004,"pic_id":800044,"name":"ジャガイモUR･1日","desc":"ジャガイモUR×1日獲得､低確率でジャガイモURx永久","quality":4,"sale_price":100,"use_type":2,"use_value1":10,"use_value2":0,"is_use":1},{"config_id":51005,"pic_id":800054,"name":"唐辛子UR･1日","desc":"唐辛子UR×1日獲得､低確率で唐辛子URx永久","quality":4,"sale_price":100,"use_type":2,"use_value1":11,"use_value2":0,"is_use":1},{"config_id":51006,"pic_id":800064,"name":"コーンUR･1日","desc":"コーンUR×1日獲得､低確率でコーンURx永久","quality":4,"sale_price":100,"use_type":2,"use_value1":12,"use_value2":0,"is_use":1},{"config_id":51007,"pic_id":800074,"name":"しいたけUR･1日","desc":"しいたけUR×1日獲得､低確率でしいたけURx永久","quality":4,"sale_price":100,"use_type":2,"use_value1":13,"use_value2":0,"is_use":1},{"config_id":51008,"pic_id":800084,"name":"レタスUR･1日","desc":"レタスUR×1日獲得､低確率でレタスURx永久","quality":4,"sale_price":100,"use_type":2,"use_value1":14,"use_value2":0,"is_use":1},{"config_id":51009,"pic_id":800094,"name":"きくらげUR･1日","desc":"きくらげUR×1日獲得､低確率できくらげURx永久","quality":4,"sale_price":100,"use_type":2,"use_value1":15,"use_value2":0,"is_use":1},{"config_id":51010,"pic_id":800104,"name":"ほうれん草UR･1日","desc":"ほうれん草UR×1日獲得､低確率でほうれん草URx永久","quality":4,"sale_price":100,"use_type":2,"use_value1":16,"use_value2":0,"is_use":1},{"config_id":51011,"pic_id":800114,"name":"エンドウ豆UR･1日","desc":"エンドウ豆UR×1日獲得､低確率でエンドウ豆URx永久","quality":4,"sale_price":100,"use_type":2,"use_value1":17,"use_value2":0,"is_use":1},{"config_id":51012,"pic_id":800124,"name":"タケノコUR･1日","desc":"タケノコUR×1日獲得､低確率でタケノコURx永久","quality":4,"sale_price":100,"use_type":2,"use_value1":18,"use_value2":0,"is_use":1},{"config_id":51013,"pic_id":800134,"name":"芽ニンニクUR･1日","desc":"芽ニンニクUR×1日獲得､低確率で芽ニンニクURx永久","quality":4,"sale_price":100,"use_type":2,"use_value1":19,"use_value2":0,"is_use":1},{"config_id":51014,"pic_id":800144,"name":"豆腐UR･1日","desc":"豆腐UR×1日獲得､低確率で豆腐URx永久","quality":4,"sale_price":100,"use_type":2,"use_value1":20,"use_value2":0,"is_use":1},{"config_id":51015,"pic_id":800154,"name":"春雨UR･1日","desc":"春雨UR×1日獲得､低確率で春雨URx永久","quality":4,"sale_price":100,"use_type":2,"use_value1":21,"use_value2":0,"is_use":1},{"config_id":51016,"pic_id":800164,"name":"ピーナツUR･1日","desc":"ピーナツUR×1日獲得､低確率でピーナツURx永久","quality":4,"sale_price":100,"use_type":2,"use_value1":22,"use_value2":0,"is_use":1},{"config_id":51017,"pic_id":800174,"name":"人参UR･1日","desc":"人参UR×1日獲得､低確率で人参URx永久","quality":4,"sale_price":100,"use_type":2,"use_value1":23,"use_value2":0,"is_use":1},{"config_id":51018,"pic_id":800184,"name":"しらたきUR･1日","desc":"しらたきUR×1日獲得､低確率でしらたきURx永久","quality":4,"sale_price":100,"use_type":2,"use_value1":24,"use_value2":0,"is_use":1},{"config_id":51019,"pic_id":800194,"name":"ベーコンUR･1日","desc":"ベーコンUR×1日獲得､低確率でベーコンURx永久","quality":4,"sale_price":100,"use_type":2,"use_value1":25,"use_value2":0,"is_use":1},{"config_id":51020,"pic_id":800204,"name":"卵UR･1日","desc":"卵UR×1日獲得､低確率で卵URx永久","quality":4,"sale_price":100,"use_type":2,"use_value1":26,"use_value2":0,"is_use":1},{"config_id":51021,"pic_id":800214,"name":"三つ葉UR･1日","desc":"三つ葉UR×1日獲得､低確率で三つ葉URx永久","quality":4,"sale_price":100,"use_type":2,"use_value1":27,"use_value2":0,"is_use":1},{"config_id":51022,"pic_id":800224,"name":"焼きのりUR･1日","desc":"焼きのりUR×1日獲得､低確率で焼きのりURx永久","quality":4,"sale_price":100,"use_type":2,"use_value1":28,"use_value2":0,"is_use":1},{"config_id":51023,"pic_id":800234,"name":"牛ひき肉UR･1日","desc":"牛ひき肉UR×1日獲得､低確率で牛ひき肉URx永久","quality":4,"sale_price":100,"use_type":2,"use_value1":29,"use_value2":0,"is_use":1},{"config_id":51024,"pic_id":800244,"name":"豚肉UR･1日","desc":"豚肉UR×1日獲得､低確率で豚肉URx永久","quality":4,"sale_price":100,"use_type":2,"use_value1":30,"use_value2":0,"is_use":1},{"config_id":51025,"pic_id":800254,"name":"牛肉UR･1日","desc":"牛肉UR×1日獲得､低確率で牛肉URx永久","quality":4,"sale_price":100,"use_type":2,"use_value1":31,"use_value2":0,"is_use":1},{"config_id":51026,"pic_id":800264,"name":"リンゴUR･1日","desc":"リンゴUR×1日獲得､低確率でリンゴURx永久","quality":4,"sale_price":100,"use_type":2,"use_value1":32,"use_value2":0,"is_use":1},{"config_id":51027,"pic_id":800274,"name":"エビUR･1日","desc":"エビUR×1日獲得､低確率でエビURx永久","quality":4,"sale_price":100,"use_type":2,"use_value1":33,"use_value2":0,"is_use":1},{"config_id":51028,"pic_id":800284,"name":"鶏肉UR･1日","desc":"鶏肉UR×1日獲得､低確率で鶏肉URx永久","quality":4,"sale_price":100,"use_type":2,"use_value1":34,"use_value2":0,"is_use":1},{"config_id":51029,"pic_id":800294,"name":"小麦粉UR･1日","desc":"小麦粉UR×1日獲得､低確率で小麦粉URx永久","quality":4,"sale_price":100,"use_type":2,"use_value1":35,"use_value2":0,"is_use":1},{"config_id":51030,"pic_id":800304,"name":"白玉粉UR･1日","desc":"白玉粉UR×1日獲得､低確率で白玉粉URx永久","quality":4,"sale_price":100,"use_type":2,"use_value1":36,"use_value2":0,"is_use":1},{"config_id":51031,"pic_id":800314,"name":"レモンUR･1日","desc":"レモンUR×1日獲得､低確率でレモンURx永久","quality":4,"sale_price":100,"use_type":2,"use_value1":37,"use_value2":0,"is_use":1},{"config_id":51032,"pic_id":800324,"name":"アーモンドUR･1日","desc":"アーモンドUR×1日獲得､低確率でアーモンドURx永久","quality":4,"sale_price":100,"use_type":2,"use_value1":38,"use_value2":0,"is_use":1},{"config_id":51033,"pic_id":800334,"name":"タピオカUR･1日","desc":"タピオカUR×1日獲得､低確率でタピオカURx永久","quality":4,"sale_price":100,"use_type":2,"use_value1":39,"use_value2":0,"is_use":1},{"config_id":51034,"pic_id":800344,"name":"かぼちゃUR･1日","desc":"かぼちゃUR×1日獲得､低確率でかぼちゃURx永久","quality":4,"sale_price":100,"use_type":2,"use_value1":40,"use_value2":0,"is_use":1},{"config_id":51035,"pic_id":800354,"name":"中華麺UR･1日","desc":"中華麺UR×1日獲得､低確率で中華麺URx永久","quality":4,"sale_price":100,"use_type":2,"use_value1":41,"use_value2":0,"is_use":1},{"config_id":51036,"pic_id":800364,"name":"イチゴUR･1日","desc":"イチゴUR×1日獲得､低確率でイチゴURx永久","quality":4,"sale_price":100,"use_type":2,"use_value1":42,"use_value2":0,"is_use":1},{"config_id":51037,"pic_id":800374,"name":"マンゴーUR･1日","desc":"マンゴーUR×1日獲得､低確率でマンゴーURx永久","quality":4,"sale_price":100,"use_type":2,"use_value1":43,"use_value2":0,"is_use":1},{"config_id":51038,"pic_id":800384,"name":"バナナUR･1日","desc":"バナナUR×1日獲得､低確率でバナナURx永久","quality":4,"sale_price":100,"use_type":2,"use_value1":44,"use_value2":0,"is_use":1},{"config_id":51039,"pic_id":800394,"name":"みず飴UR･1日","desc":"みず飴UR×1日獲得､低確率でみず飴URx永久","quality":4,"sale_price":100,"use_type":2,"use_value1":45,"use_value2":0,"is_use":1},{"config_id":51040,"pic_id":800404,"name":"抹茶UR･1日","desc":"抹茶UR×1日獲得､低確率で抹茶URx永久","quality":4,"sale_price":100,"use_type":2,"use_value1":46,"use_value2":0,"is_use":1},{"config_id":51041,"pic_id":800414,"name":"さくらんぼUR･1日","desc":"さくらんぼUR×1日獲得､低確率でさくらんぼURx永久","quality":4,"sale_price":100,"use_type":2,"use_value1":47,"use_value2":0,"is_use":1},{"config_id":51042,"pic_id":800424,"name":"白あんUR･1日","desc":"白あんUR×1日獲得､低確率で白あんURx永久","quality":4,"sale_price":100,"use_type":2,"use_value1":48,"use_value2":0,"is_use":1},{"config_id":51043,"pic_id":800434,"name":"キャベツUR･1日","desc":"キャベツUR×1日獲得､低確率でキャベツURx永久","quality":4,"sale_price":100,"use_type":2,"use_value1":49,"use_value2":0,"is_use":1},{"config_id":51044,"pic_id":800444,"name":"牛乳UR･1日","desc":"牛乳UR×1日獲得､低確率で牛乳URx永久","quality":4,"sale_price":100,"use_type":2,"use_value1":50,"use_value2":0,"is_use":1},{"config_id":51045,"pic_id":800454,"name":"紅茶UR･1日","desc":"紅茶UR×1日獲得､低確率で紅茶URx永久","quality":4,"sale_price":100,"use_type":2,"use_value1":51,"use_value2":0,"is_use":1},{"config_id":51046,"pic_id":800464,"name":"珈琲UR･1日","desc":"珈琲UR×1日獲得､低確率で珈琲URx永久","quality":4,"sale_price":100,"use_type":2,"use_value1":52,"use_value2":0,"is_use":1},{"config_id":51047,"pic_id":800474,"name":"パスタUR･1日","desc":"パスタUR×1日獲得､低確率でパスタURx永久","quality":4,"sale_price":100,"use_type":2,"use_value1":53,"use_value2":0,"is_use":1},{"config_id":51048,"pic_id":800484,"name":"チョコUR･1日","desc":"チョコUR×1日獲得､低確率でチョコURx永久","quality":4,"sale_price":100,"use_type":2,"use_value1":54,"use_value2":0,"is_use":1},{"config_id":51049,"pic_id":800494,"name":"ビスケットUR･1日","desc":"ビスケットUR×1日獲得､低確率でビスケットURx永久","quality":4,"sale_price":100,"use_type":2,"use_value1":55,"use_value2":0,"is_use":1},{"config_id":51050,"pic_id":800504,"name":"ピーマンUR･1日","desc":"ピーマンUR×1日獲得､低確率でピーマンURx永久","quality":4,"sale_price":100,"use_type":2,"use_value1":56,"use_value2":0,"is_use":1},{"config_id":51051,"pic_id":800514,"name":"パインUR･1日","desc":"パインUR×1日獲得､低確率でパインURx永久","quality":4,"sale_price":100,"use_type":2,"use_value1":57,"use_value2":0,"is_use":1},{"config_id":51052,"pic_id":800524,"name":"ホタテUR･1日","desc":"ホタテUR×1日獲得､低確率でホタテURx永久","quality":4,"sale_price":100,"use_type":2,"use_value1":58,"use_value2":0,"is_use":1},{"config_id":51053,"pic_id":800534,"name":"ワインUR･1日","desc":"ワインUR×1日獲得､低確率でワインURx永久","quality":4,"sale_price":100,"use_type":2,"use_value1":59,"use_value2":0,"is_use":1},{"config_id":51054,"pic_id":800544,"name":"サバUR･1日","desc":"サバUR×1日獲得､低確率でサバURx永久","quality":4,"sale_price":100,"use_type":2,"use_value1":60,"use_value2":0,"is_use":1},{"config_id":51055,"pic_id":800554,"name":"うどんUR･1日","desc":"うどんUR×1日獲得､低確率でうどんURx永久","quality":4,"sale_price":100,"use_type":2,"use_value1":61,"use_value2":0,"is_use":1},{"config_id":51056,"pic_id":800564,"name":"カレー粉UR･1日","desc":"カレー粉UR×1日獲得､低確率でカレー粉URx永久","quality":4,"sale_price":100,"use_type":2,"use_value1":62,"use_value2":0,"is_use":1},{"config_id":51057,"pic_id":800574,"name":"タケノコUR･1日","desc":"タケノコUR×1日獲得､低確率でタケノコURx永久","quality":4,"sale_price":100,"use_type":2,"use_value1":63,"use_value2":0,"is_use":1},{"config_id":51058,"pic_id":800584,"name":"オリーブUR･1日","desc":"オリーブUR×1日獲得､低確率でオリーブURx永久","quality":4,"sale_price":100,"use_type":2,"use_value1":64,"use_value2":0,"is_use":1},{"config_id":51059,"pic_id":800594,"name":"イクラUR･1日","desc":"イクラUR×1日獲得､低確率でイクラURx永久","quality":4,"sale_price":100,"use_type":2,"use_value1":65,"use_value2":0,"is_use":1},{"config_id":51060,"pic_id":800604,"name":"玉ねぎUR･1日","desc":"玉ねぎUR×1日獲得､低確率で玉ねぎURx永久","quality":4,"sale_price":100,"use_type":2,"use_value1":66,"use_value2":0,"is_use":1},{"config_id":51061,"pic_id":800614,"name":"パン粉UR･1日","desc":"パン粉UR×1日獲得､低確率でパン粉URx永久","quality":4,"sale_price":100,"use_type":2,"use_value1":67,"use_value2":0,"is_use":1},{"config_id":51062,"pic_id":800624,"name":"チーズUR･1日","desc":"チーズUR×1日獲得､低確率でチーズURx永久","quality":4,"sale_price":100,"use_type":2,"use_value1":68,"use_value2":0,"is_use":1},{"config_id":51063,"pic_id":850014,"name":"砂糖UR･1日","desc":"砂糖UR×1日獲得､低確率で砂糖URx永久","quality":4,"sale_price":100,"use_type":2,"use_value1":69,"use_value2":0,"is_use":1},{"config_id":51064,"pic_id":850024,"name":"塩UR･1日","desc":"塩UR×1日獲得､低確率で塩URx永久","quality":4,"sale_price":100,"use_type":2,"use_value1":70,"use_value2":0,"is_use":1},{"config_id":51065,"pic_id":850034,"name":"酢UR･1日","desc":"酢UR×1日獲得､低確率で酢URx永久","quality":4,"sale_price":100,"use_type":2,"use_value1":71,"use_value2":0,"is_use":1},{"config_id":51066,"pic_id":850044,"name":"味噌UR･1日","desc":"味噌UR×1日獲得､低確率で味噌URx永久","quality":4,"sale_price":100,"use_type":2,"use_value1":72,"use_value2":0,"is_use":1},{"config_id":51067,"pic_id":850054,"name":"生姜UR･1日","desc":"生姜UR×1日獲得､低確率で生姜URx永久","quality":4,"sale_price":100,"use_type":2,"use_value1":73,"use_value2":0,"is_use":1},{"config_id":51068,"pic_id":850064,"name":"ニンニクUR･1日","desc":"ニンニクUR×1日獲得､低確率でニンニクURx永久","quality":4,"sale_price":100,"use_type":2,"use_value1":74,"use_value2":0,"is_use":1},{"config_id":51069,"pic_id":850074,"name":"コンソメUR･1日","desc":"コンソメUR×1日獲得､低確率でコンソメURx永久","quality":4,"sale_price":100,"use_type":2,"use_value1":75,"use_value2":0,"is_use":1},{"config_id":51070,"pic_id":850084,"name":"みりんUR･1日","desc":"みりんUR×1日獲得､低確率でみりんURx永久","quality":4,"sale_price":100,"use_type":2,"use_value1":76,"use_value2":0,"is_use":1},{"config_id":51071,"pic_id":850094,"name":"パセリUR･1日","desc":"パセリUR×1日獲得､低確率でパセリURx永久","quality":4,"sale_price":100,"use_type":2,"use_value1":77,"use_value2":0,"is_use":1},{"config_id":51072,"pic_id":850104,"name":"料理酒UR･1日","desc":"料理酒UR×1日獲得､低確率で料理酒URx永久","quality":4,"sale_price":100,"use_type":2,"use_value1":78,"use_value2":0,"is_use":1},{"config_id":51073,"pic_id":850114,"name":"醤油UR･1日","desc":"醤油UR×1日獲得､低確率で醤油URx永久","quality":4,"sale_price":100,"use_type":2,"use_value1":79,"use_value2":0,"is_use":1},{"config_id":51074,"pic_id":850124,"name":"ラー油UR･1日","desc":"ラー油UR×1日獲得､低確率でラー油URx永久","quality":4,"sale_price":100,"use_type":2,"use_value1":80,"use_value2":0,"is_use":1},{"config_id":51075,"pic_id":850134,"name":"ソースUR･1日","desc":"ソースUR×1日獲得､低確率でソースURx永久","quality":4,"sale_price":100,"use_type":2,"use_value1":81,"use_value2":0,"is_use":1},{"config_id":51076,"pic_id":850144,"name":"ケチャップUR･1日","desc":"ケチャップUR×1日獲得､低確率でケチャップURx永久","quality":4,"sale_price":100,"use_type":2,"use_value1":82,"use_value2":0,"is_use":1},{"config_id":51077,"pic_id":850154,"name":"黒砂糖UR･1日","desc":"黒砂糖UR×1日獲得､低確率で黒砂糖URx永久","quality":4,"sale_price":100,"use_type":2,"use_value1":83,"use_value2":0,"is_use":1},{"config_id":51078,"pic_id":850164,"name":"こしょうUR･1日","desc":"こしょうUR×1日獲得､低確率でこしょうURx永久","quality":4,"sale_price":100,"use_type":2,"use_value1":84,"use_value2":0,"is_use":1},{"config_id":51079,"pic_id":850174,"name":"クリームUR･1日","desc":"クリームUR×1日獲得､低確率でクリームURx永久","quality":4,"sale_price":100,"use_type":2,"use_value1":85,"use_value2":0,"is_use":1},{"config_id":51080,"pic_id":850184,"name":"バターUR･1日","desc":"バターUR×1日獲得､低確率でバターURx永久","quality":4,"sale_price":100,"use_type":2,"use_value1":86,"use_value2":0,"is_use":1},{"config_id":51081,"pic_id":850194,"name":"練乳UR･1日","desc":"練乳UR×1日獲得､低確率で練乳URx永久","quality":4,"sale_price":100,"use_type":2,"use_value1":87,"use_value2":0,"is_use":1},{"config_id":51082,"pic_id":850204,"name":"はちみつUR･1日","desc":"はちみつUR×1日獲得､低確率ではちみつURx永久","quality":4,"sale_price":100,"use_type":2,"use_value1":88,"use_value2":0,"is_use":1},{"config_id":51083,"pic_id":850214,"name":"ラム酒UR･1日","desc":"ラム酒UR×1日獲得､低確率でラム酒URx永久","quality":4,"sale_price":100,"use_type":2,"use_value1":89,"use_value2":0,"is_use":1},{"config_id":51084,"pic_id":850224,"name":"カツオ節UR･1日","desc":"カツオ節UR×1日獲得､低確率でカツオ節URx永久","quality":4,"sale_price":100,"use_type":2,"use_value1":90,"use_value2":0,"is_use":1}]