[{"quality":1,"break_level":1,"add_command":5,"add_ability":10},{"quality":1,"break_level":2,"add_command":25,"add_ability":25},{"quality":1,"break_level":3,"add_command":45,"add_ability":40},{"quality":1,"break_level":4,"add_command":65,"add_ability":55},{"quality":1,"break_level":5,"add_command":85,"add_ability":70},{"quality":2,"break_level":1,"add_command":10,"add_ability":15},{"quality":2,"break_level":2,"add_command":30,"add_ability":30},{"quality":2,"break_level":3,"add_command":50,"add_ability":45},{"quality":2,"break_level":4,"add_command":70,"add_ability":60},{"quality":2,"break_level":5,"add_command":90,"add_ability":75},{"quality":3,"break_level":1,"add_command":25,"add_ability":20},{"quality":3,"break_level":2,"add_command":55,"add_ability":40},{"quality":3,"break_level":3,"add_command":85,"add_ability":60},{"quality":3,"break_level":4,"add_command":115,"add_ability":80},{"quality":3,"break_level":5,"add_command":145,"add_ability":100},{"quality":4,"break_level":1,"add_command":30,"add_ability":25},{"quality":4,"break_level":2,"add_command":60,"add_ability":50},{"quality":4,"break_level":3,"add_command":90,"add_ability":75},{"quality":4,"break_level":4,"add_command":120,"add_ability":100},{"quality":4,"break_level":5,"add_command":150,"add_ability":125},{"quality":5,"break_level":1,"add_command":30,"add_ability":25},{"quality":5,"break_level":2,"add_command":60,"add_ability":50},{"quality":5,"break_level":3,"add_command":90,"add_ability":75},{"quality":5,"break_level":4,"add_command":120,"add_ability":100},{"quality":5,"break_level":5,"add_command":150,"add_ability":125}]