[{"config_id":6001,"skin_id":6001,"skin_name":"ココ","skin_price":0,"way":0,"repeatback_prop":0,"repeatback_propnum":0,"quality":1,"summon_limit":1},{"config_id":6002,"skin_id":6002,"skin_name":"豆柴","skin_price":0,"way":0,"repeatback_prop":0,"repeatback_propnum":0,"quality":1,"summon_limit":1},{"config_id":6003,"skin_id":6003,"skin_name":"海翔","skin_price":0,"way":0,"repeatback_prop":0,"repeatback_propnum":0,"quality":1,"summon_limit":1},{"config_id":6004,"skin_id":6004,"skin_name":"隼","skin_price":0,"way":0,"repeatback_prop":0,"repeatback_propnum":0,"quality":1,"summon_limit":1},{"config_id":6005,"skin_id":6005,"skin_name":"ルル","skin_price":0,"way":0,"repeatback_prop":0,"repeatback_propnum":0,"quality":1,"summon_limit":1},{"config_id":6006,"skin_id":6006,"skin_name":"ハナ","skin_price":0,"way":0,"repeatback_prop":0,"repeatback_propnum":0,"quality":1,"summon_limit":1},{"config_id":6007,"skin_id":6007,"skin_name":"ピッピ","skin_price":0,"way":0,"repeatback_prop":0,"repeatback_propnum":0,"quality":1,"summon_limit":1},{"config_id":6008,"skin_id":6008,"skin_name":"ミミ","skin_price":0,"way":0,"repeatback_prop":0,"repeatback_propnum":0,"quality":1,"summon_limit":1},{"config_id":6009,"skin_id":6009,"skin_name":"Aｂ","skin_price":0,"way":0,"repeatback_prop":0,"repeatback_propnum":0,"quality":1,"summon_limit":1},{"config_id":6010,"skin_id":6010,"skin_name":"阿蒙","skin_price":0,"way":0,"repeatback_prop":0,"repeatback_propnum":0,"quality":1,"summon_limit":1},{"config_id":6011,"skin_id":6011,"skin_name":"キュロット","skin_price":0,"way":0,"repeatback_prop":0,"repeatback_propnum":0,"quality":1,"summon_limit":1},{"config_id":6012,"skin_id":6012,"skin_name":"大牙","skin_price":0,"way":0,"repeatback_prop":0,"repeatback_propnum":0,"quality":1,"summon_limit":1},{"config_id":6013,"skin_id":6013,"skin_name":"ラビ","skin_price":0,"way":0,"repeatback_prop":0,"repeatback_propnum":0,"quality":1,"summon_limit":1},{"config_id":6014,"skin_id":6014,"skin_name":"アンジュ","skin_price":0,"way":0,"repeatback_prop":0,"repeatback_propnum":0,"quality":1,"summon_limit":1},{"config_id":6015,"skin_id":6015,"skin_name":"チャンプ","skin_price":0,"way":0,"repeatback_prop":0,"repeatback_propnum":0,"quality":1,"summon_limit":1},{"config_id":6016,"skin_id":6016,"skin_name":"黒猫","skin_price":0,"way":0,"repeatback_prop":0,"repeatback_propnum":0,"quality":1,"summon_limit":1},{"config_id":6017,"skin_id":6017,"skin_name":"■■■■■■","skin_price":0,"way":0,"repeatback_prop":0,"repeatback_propnum":0,"quality":1,"summon_limit":1},{"config_id":6018,"skin_id":6018,"skin_name":"朝陽","skin_price":0,"way":0,"repeatback_prop":0,"repeatback_propnum":0,"quality":1,"summon_limit":1},{"config_id":6019,"skin_id":6019,"skin_name":"雪代蝶","skin_price":0,"way":0,"repeatback_prop":0,"repeatback_propnum":0,"quality":1,"summon_limit":1},{"config_id":6020,"skin_id":6020,"skin_name":"ルナルナ","skin_price":0,"way":0,"repeatback_prop":0,"repeatback_propnum":0,"quality":1,"summon_limit":1},{"config_id":6021,"skin_id":6021,"skin_name":"ショコラ","skin_price":0,"way":0,"repeatback_prop":0,"repeatback_propnum":0,"quality":1,"summon_limit":1},{"config_id":6022,"skin_id":6022,"skin_name":"カンカン","skin_price":0,"way":0,"repeatback_prop":0,"repeatback_propnum":0,"quality":1,"summon_limit":1},{"config_id":6023,"skin_id":6023,"skin_name":"■■■■■■","skin_price":0,"way":0,"repeatback_prop":0,"repeatback_propnum":0,"quality":1,"summon_limit":1},{"config_id":6024,"skin_id":6024,"skin_name":"パルフェ","skin_price":0,"way":0,"repeatback_prop":0,"repeatback_propnum":0,"quality":1,"summon_limit":1},{"config_id":6025,"skin_id":6025,"skin_name":"チュチュ","skin_price":0,"way":0,"repeatback_prop":0,"repeatback_propnum":0,"quality":1,"summon_limit":1},{"config_id":6026,"skin_id":6026,"skin_name":"ロザリオ","skin_price":0,"way":0,"repeatback_prop":0,"repeatback_propnum":0,"quality":1,"summon_limit":1},{"config_id":6027,"skin_id":6027,"skin_name":"豆乳","skin_price":0,"way":0,"repeatback_prop":0,"repeatback_propnum":0,"quality":1,"summon_limit":1},{"config_id":6028,"skin_id":6028,"skin_name":"ブートニア","skin_price":0,"way":0,"repeatback_prop":0,"repeatback_propnum":0,"quality":1,"summon_limit":1},{"config_id":6029,"skin_id":6029,"skin_name":"メイメイ","skin_price":0,"way":0,"repeatback_prop":0,"repeatback_propnum":0,"quality":1,"summon_limit":1},{"config_id":6030,"skin_id":6030,"skin_name":"時砂","skin_price":0,"way":0,"repeatback_prop":0,"repeatback_propnum":0,"quality":1,"summon_limit":1},{"config_id":6031,"skin_id":6031,"skin_name":"晴明","skin_price":0,"way":0,"repeatback_prop":0,"repeatback_propnum":0,"quality":1,"summon_limit":1},{"config_id":6032,"skin_id":6032,"skin_name":"■■■■■■","skin_price":0,"way":0,"repeatback_prop":0,"repeatback_propnum":0,"quality":1,"summon_limit":1},{"config_id":6033,"skin_id":6033,"skin_name":"グルメ","skin_price":0,"way":0,"repeatback_prop":0,"repeatback_propnum":0,"quality":1,"summon_limit":1},{"config_id":6034,"skin_id":6034,"skin_name":"ティアラ","skin_price":0,"way":0,"repeatback_prop":0,"repeatback_propnum":0,"quality":1,"summon_limit":1},{"config_id":6035,"skin_id":6035,"skin_name":"壁ドン","skin_price":0,"way":0,"repeatback_prop":0,"repeatback_propnum":0,"quality":1,"summon_limit":1},{"config_id":6036,"skin_id":6036,"skin_name":"■■■■■■","skin_price":0,"way":0,"repeatback_prop":0,"repeatback_propnum":0,"quality":1,"summon_limit":1},{"config_id":6037,"skin_id":6037,"skin_name":"ミスババ","skin_price":0,"way":0,"repeatback_prop":0,"repeatback_propnum":0,"quality":1,"summon_limit":1},{"config_id":6038,"skin_id":6038,"skin_name":"森羅","skin_price":0,"way":0,"repeatback_prop":0,"repeatback_propnum":0,"quality":1,"summon_limit":1},{"config_id":6039,"skin_id":6039,"skin_name":"蒼汰","skin_price":0,"way":0,"repeatback_prop":0,"repeatback_propnum":0,"quality":1,"summon_limit":1},{"config_id":6040,"skin_id":6040,"skin_name":"岳斗","skin_price":0,"way":0,"repeatback_prop":0,"repeatback_propnum":0,"quality":1,"summon_limit":1},{"config_id":6041,"skin_id":6041,"skin_name":"博士","skin_price":0,"way":0,"repeatback_prop":0,"repeatback_propnum":0,"quality":1,"summon_limit":1},{"config_id":6042,"skin_id":6042,"skin_name":"ルージュ","skin_price":0,"way":0,"repeatback_prop":0,"repeatback_propnum":0,"quality":1,"summon_limit":1},{"config_id":6043,"skin_id":6043,"skin_name":"ミオ","skin_price":0,"way":0,"repeatback_prop":0,"repeatback_propnum":0,"quality":1,"summon_limit":1},{"config_id":6044,"skin_id":6044,"skin_name":"スイーツ","skin_price":0,"way":0,"repeatback_prop":0,"repeatback_propnum":0,"quality":1,"summon_limit":1},{"config_id":6045,"skin_id":6045,"skin_name":"シズカ","skin_price":0,"way":0,"repeatback_prop":0,"repeatback_propnum":0,"quality":1,"summon_limit":1},{"config_id":6046,"skin_id":6046,"skin_name":"ソテー","skin_price":0,"way":0,"repeatback_prop":0,"repeatback_propnum":0,"quality":1,"summon_limit":1},{"config_id":6047,"skin_id":6047,"skin_name":"ポワレ","skin_price":0,"way":0,"repeatback_prop":0,"repeatback_propnum":0,"quality":1,"summon_limit":1},{"config_id":6048,"skin_id":6048,"skin_name":"グラッセ","skin_price":0,"way":0,"repeatback_prop":0,"repeatback_propnum":0,"quality":1,"summon_limit":1},{"config_id":6049,"skin_id":6049,"skin_name":"キャラメリゼ","skin_price":0,"way":0,"repeatback_prop":0,"repeatback_propnum":0,"quality":1,"summon_limit":1},{"config_id":6050,"skin_id":6050,"skin_name":"影虎","skin_price":0,"way":0,"repeatback_prop":0,"repeatback_propnum":0,"quality":1,"summon_limit":1},{"config_id":6051,"skin_id":6051,"skin_name":"荒鷲","skin_price":0,"way":0,"repeatback_prop":0,"repeatback_propnum":0,"quality":1,"summon_limit":1},{"config_id":6052,"skin_id":6052,"skin_name":"牛若","skin_price":0,"way":0,"repeatback_prop":0,"repeatback_propnum":0,"quality":1,"summon_limit":1},{"config_id":6053,"skin_id":6053,"skin_name":"シフォン","skin_price":0,"way":0,"repeatback_prop":0,"repeatback_propnum":0,"quality":1,"summon_limit":1},{"config_id":6054,"skin_id":6054,"skin_name":"プリン","skin_price":0,"way":0,"repeatback_prop":0,"repeatback_propnum":0,"quality":1,"summon_limit":1},{"config_id":6055,"skin_id":6055,"skin_name":"お団子","skin_price":0,"way":0,"repeatback_prop":0,"repeatback_propnum":0,"quality":1,"summon_limit":1},{"config_id":6056,"skin_id":6056,"skin_name":"大福","skin_price":0,"way":0,"repeatback_prop":0,"repeatback_propnum":0,"quality":1,"summon_limit":1},{"config_id":6057,"skin_id":6057,"skin_name":"クッキー","skin_price":0,"way":0,"repeatback_prop":0,"repeatback_propnum":0,"quality":1,"summon_limit":1},{"config_id":6058,"skin_id":6058,"skin_name":"■■■■■■","skin_price":0,"way":0,"repeatback_prop":0,"repeatback_propnum":0,"quality":1,"summon_limit":1},{"config_id":6059,"skin_id":6059,"skin_name":"リボン","skin_price":0,"way":0,"repeatback_prop":0,"repeatback_propnum":0,"quality":1,"summon_limit":1},{"config_id":6060,"skin_id":6060,"skin_name":"シュシュ","skin_price":0,"way":0,"repeatback_prop":0,"repeatback_propnum":0,"quality":1,"summon_limit":1},{"config_id":6061,"skin_id":6061,"skin_name":"バレッタ","skin_price":0,"way":0,"repeatback_prop":0,"repeatback_propnum":0,"quality":1,"summon_limit":1},{"config_id":6200,"skin_id":6200,"skin_name":"キング","skin_price":0,"way":0,"repeatback_prop":0,"repeatback_propnum":0,"quality":1,"summon_limit":1},{"config_id":6201,"skin_id":6201,"skin_name":"ジャック","skin_price":0,"way":0,"repeatback_prop":0,"repeatback_propnum":0,"quality":1,"summon_limit":1},{"config_id":6202,"skin_id":6202,"skin_name":"ジョーカー","skin_price":0,"way":0,"repeatback_prop":0,"repeatback_propnum":0,"quality":1,"summon_limit":1},{"config_id":6203,"skin_id":6203,"skin_name":"エース","skin_price":0,"way":0,"repeatback_prop":0,"repeatback_propnum":0,"quality":1,"summon_limit":1},{"config_id":6204,"skin_id":6204,"skin_name":"ナイン","skin_price":0,"way":0,"repeatback_prop":0,"repeatback_propnum":0,"quality":1,"summon_limit":1},{"config_id":6205,"skin_id":6205,"skin_name":"桔梗","skin_price":0,"way":0,"repeatback_prop":0,"repeatback_propnum":0,"quality":1,"summon_limit":1},{"config_id":6206,"skin_id":6206,"skin_name":"アリス","skin_price":0,"way":0,"repeatback_prop":0,"repeatback_propnum":0,"quality":1,"summon_limit":1},{"config_id":6001,"skin_id":600101,"skin_name":"午後のお茶","skin_price":420,"way":1,"repeatback_prop":3,"repeatback_propnum":100,"quality":1,"summon_limit":1},{"config_id":6001,"skin_id":600102,"skin_name":"天選の犬","skin_price":9999,"way":3,"repeatback_prop":0,"repeatback_propnum":1,"quality":1,"summon_limit":0},{"config_id":6001,"skin_id":600103,"skin_name":"ワンピース","skin_price":9999,"way":1,"repeatback_prop":3,"repeatback_propnum":100,"quality":1,"summon_limit":0},{"config_id":6001,"skin_id":600104,"skin_name":"コック","skin_price":420,"way":1,"repeatback_prop":3,"repeatback_propnum":100,"quality":1,"summon_limit":1},{"config_id":6005,"skin_id":600501,"skin_name":"午後のお茶","skin_price":420,"way":1,"repeatback_prop":3,"repeatback_propnum":100,"quality":1,"summon_limit":1},{"config_id":6007,"skin_id":600701,"skin_name":"午後のお茶","skin_price":420,"way":1,"repeatback_prop":3,"repeatback_propnum":100,"quality":1,"summon_limit":1},{"config_id":6009,"skin_id":600901,"skin_name":"午後のお茶","skin_price":420,"way":1,"repeatback_prop":3,"repeatback_propnum":100,"quality":1,"summon_limit":1},{"config_id":6012,"skin_id":601201,"skin_name":"午後のお茶","skin_price":420,"way":1,"repeatback_prop":3,"repeatback_propnum":100,"quality":1,"summon_limit":1},{"config_id":6027,"skin_id":602701,"skin_name":"新春限定","skin_price":9999,"way":2,"repeatback_prop":3,"repeatback_propnum":100,"quality":2,"summon_limit":0},{"config_id":6029,"skin_id":602901,"skin_name":"新春限定","skin_price":9999,"way":2,"repeatback_prop":3,"repeatback_propnum":100,"quality":2,"summon_limit":0},{"config_id":6005,"skin_id":600551,"skin_name":"コック","skin_price":420,"way":1,"repeatback_prop":3,"repeatback_propnum":100,"quality":1,"summon_limit":1},{"config_id":6007,"skin_id":600751,"skin_name":"コック","skin_price":420,"way":1,"repeatback_prop":3,"repeatback_propnum":100,"quality":1,"summon_limit":1}]