[{"pet_id":6001,"pet_type":1,"pet_name":"ココ","pet_species":"ウェルシュ・コーギー","species_type":1,"quality":3,"sex":2,"height":"152.8cm","weight":"42.6kg","hobby":"わたしはココ。最高のレストランをつくりましょ！","cost":150,"sell_price":3,"open":1,"guide_initial":100,"guide_grow":9,"ability_initial":10,"ability_grow":3,"salary_initial":0,"salary_grow":0,"environment_initial":0,"environment_grow":0,"comfort_initial":0,"comfort_grow":0,"redeem_dia":150,"loyalty_change":3,"career":1,"unique_skill1":1013,"favor_lv1":20,"activate_prop1":50024,"activate_propnum1":200,"unique_skill2":1103,"favor_lv2":50,"activate_prop2":50024,"activate_propnum2":400,"unique_skill3":1003,"favor_lv3":80,"activate_prop3":50024,"activate_propnum3":1000},{"pet_id":6002,"pet_type":2,"pet_name":"豆柴","pet_species":"しばいぬ","species_type":1,"quality":2,"sex":1,"height":"164cm","weight":"56kg","hobby":"オイラ豆柴！あ、あの子、かわいすぎ！あの子も！","cost":60,"sell_price":2,"open":1,"guide_initial":98,"guide_grow":8,"ability_initial":10,"ability_grow":2,"salary_initial":24,"salary_grow":0,"environment_initial":0,"environment_grow":0,"comfort_initial":0,"comfort_grow":0,"redeem_dia":100,"loyalty_change":2,"career":4,"unique_skill1":1082,"favor_lv1":20,"activate_prop1":50024,"activate_propnum1":150,"unique_skill2":1102,"favor_lv2":50,"activate_prop2":50024,"activate_propnum2":300,"unique_skill3":1072,"favor_lv3":80,"activate_prop3":50024,"activate_propnum3":750},{"pet_id":6003,"pet_type":2,"pet_name":"海翔","pet_species":"ジャーマン・シェパード","species_type":1,"quality":3,"sex":1,"height":"178cm","weight":"65kg","hobby":"海翔です。歌うときのように、お客様をおもてなすよ","cost":150,"sell_price":3,"open":1,"guide_initial":100,"guide_grow":9,"ability_initial":10,"ability_grow":3,"salary_initial":41,"salary_grow":0,"environment_initial":0,"environment_grow":0,"comfort_initial":0,"comfort_grow":0,"redeem_dia":150,"loyalty_change":3,"career":2,"unique_skill1":1043,"favor_lv1":20,"activate_prop1":50024,"activate_propnum1":200,"unique_skill2":1103,"favor_lv2":50,"activate_prop2":50024,"activate_propnum2":400,"unique_skill3":1063,"favor_lv3":80,"activate_prop3":50024,"activate_propnum3":1000},{"pet_id":6004,"pet_type":2,"pet_name":"隼","pet_species":"ゴールデン・レトリバー","species_type":1,"quality":3,"sex":1,"height":"176cm","weight":"63.2kg","hobby":"隼です。あなたと働くことができて光栄です","cost":150,"sell_price":3,"open":1,"guide_initial":100,"guide_grow":9,"ability_initial":10,"ability_grow":3,"salary_initial":41,"salary_grow":0,"environment_initial":0,"environment_grow":0,"comfort_initial":0,"comfort_grow":0,"redeem_dia":150,"loyalty_change":3,"career":3,"unique_skill1":1083,"favor_lv1":20,"activate_prop1":50024,"activate_propnum1":200,"unique_skill2":1103,"favor_lv2":50,"activate_prop2":50024,"activate_propnum2":400,"unique_skill3":1093,"favor_lv3":80,"activate_prop3":50024,"activate_propnum3":1000},{"pet_id":6005,"pet_type":1,"pet_name":"ルル","pet_species":"サモエド","species_type":1,"quality":2,"sex":2,"height":"153.3cm","weight":"45.8kg","hobby":"ルルだよ。美味しいごちそうはみ〜んな私のもの！","cost":60,"sell_price":2,"open":1,"guide_initial":98,"guide_grow":8,"ability_initial":10,"ability_grow":2,"salary_initial":0,"salary_grow":0,"environment_initial":0,"environment_grow":0,"comfort_initial":0,"comfort_grow":0,"redeem_dia":100,"loyalty_change":2,"career":2,"unique_skill1":1022,"favor_lv1":20,"activate_prop1":50024,"activate_propnum1":150,"unique_skill2":1102,"favor_lv2":50,"activate_prop2":50024,"activate_propnum2":300,"unique_skill3":1052,"favor_lv3":80,"activate_prop3":50024,"activate_propnum3":750},{"pet_id":6006,"pet_type":2,"pet_name":"ハナ","pet_species":"ドラゴン・リー","species_type":2,"quality":2,"sex":2,"height":"162.2cm","weight":"50kg","hobby":"ハナの夢は素敵なお嫁さんになることね！","cost":60,"sell_price":2,"open":1,"guide_initial":98,"guide_grow":8,"ability_initial":10,"ability_grow":2,"salary_initial":24,"salary_grow":0,"environment_initial":0,"environment_grow":0,"comfort_initial":0,"comfort_grow":0,"redeem_dia":100,"loyalty_change":2,"career":4,"unique_skill1":1082,"favor_lv1":20,"activate_prop1":50024,"activate_propnum1":150,"unique_skill2":1102,"favor_lv2":50,"activate_prop2":50024,"activate_propnum2":300,"unique_skill3":1072,"favor_lv3":80,"activate_prop3":50024,"activate_propnum3":750},{"pet_id":6007,"pet_type":1,"pet_name":"ピッピ","pet_species":"ﾌﾞﾘﾃｨｯｼｭ･ｼｮｰﾄﾍｱ","species_type":2,"quality":2,"sex":2,"height":"154.6cm","weight":"43kg","hobby":"えっと、ピッピと申します。これからよろしくお願いします","cost":60,"sell_price":2,"open":1,"guide_initial":98,"guide_grow":8,"ability_initial":10,"ability_grow":2,"salary_initial":0,"salary_grow":0,"environment_initial":0,"environment_grow":0,"comfort_initial":0,"comfort_grow":0,"redeem_dia":100,"loyalty_change":2,"career":3,"unique_skill1":1082,"favor_lv1":20,"activate_prop1":50024,"activate_propnum1":150,"unique_skill2":1102,"favor_lv2":50,"activate_prop2":50024,"activate_propnum2":300,"unique_skill3":1072,"favor_lv3":80,"activate_prop3":50024,"activate_propnum3":750},{"pet_id":6008,"pet_type":2,"pet_name":"ミミ","pet_species":"スコティッシュフォールド","species_type":2,"quality":2,"sex":2,"height":"146cm","weight":"40.2kg","hobby":"ミミに絶対服従するのだ！","cost":60,"sell_price":2,"open":1,"guide_initial":98,"guide_grow":8,"ability_initial":10,"ability_grow":2,"salary_initial":24,"salary_grow":0,"environment_initial":0,"environment_grow":0,"comfort_initial":0,"comfort_grow":0,"redeem_dia":100,"loyalty_change":2,"career":4,"unique_skill1":1082,"favor_lv1":20,"activate_prop1":50024,"activate_propnum1":150,"unique_skill2":1102,"favor_lv2":50,"activate_prop2":50024,"activate_propnum2":300,"unique_skill3":1072,"favor_lv3":80,"activate_prop3":50024,"activate_propnum3":750},{"pet_id":6009,"pet_type":2,"pet_name":"Aｂ","pet_species":"ラグドール","species_type":2,"quality":2,"sex":1,"height":"173.9cm","weight":"53kg","hobby":"彼女募集中！Ab（アブ）って呼んでくれよな？","cost":60,"sell_price":2,"open":1,"guide_initial":98,"guide_grow":8,"ability_initial":10,"ability_grow":2,"salary_initial":24,"salary_grow":0,"environment_initial":0,"environment_grow":0,"comfort_initial":0,"comfort_grow":0,"redeem_dia":100,"loyalty_change":2,"career":4,"unique_skill1":1082,"favor_lv1":20,"activate_prop1":50024,"activate_propnum1":150,"unique_skill2":1102,"favor_lv2":50,"activate_prop2":50024,"activate_propnum2":300,"unique_skill3":1072,"favor_lv3":80,"activate_prop3":50024,"activate_propnum3":750},{"pet_id":6010,"pet_type":2,"pet_name":"阿蒙","pet_species":"エジプシャンマウ","species_type":2,"quality":4,"sex":1,"height":"179cm","weight":"68.5kg","hobby":"たまには働いてやろうと思ってな。……おい、無視するな","cost":999,"sell_price":4,"open":1,"guide_initial":102,"guide_grow":10,"ability_initial":10,"ability_grow":4,"salary_initial":60,"salary_grow":0,"environment_initial":0,"environment_grow":0,"comfort_initial":0,"comfort_grow":0,"redeem_dia":200,"loyalty_change":4,"career":1,"unique_skill1":1014,"favor_lv1":20,"activate_prop1":50024,"activate_propnum1":250,"unique_skill2":1094,"favor_lv2":50,"activate_prop2":50024,"activate_propnum2":500,"unique_skill3":2001,"favor_lv3":80,"activate_prop3":50024,"activate_propnum3":1250},{"pet_id":6011,"pet_type":2,"pet_name":"キュロット","pet_species":"ペルシャ","species_type":2,"quality":3,"sex":1,"height":"165.5cm","weight":"49.2kg","hobby":"ボクはキュロット。なんで皆かわいい服を着せようとするの？","cost":150,"sell_price":3,"open":1,"guide_initial":100,"guide_grow":9,"ability_initial":10,"ability_grow":3,"salary_initial":41,"salary_grow":0,"environment_initial":0,"environment_grow":0,"comfort_initial":0,"comfort_grow":0,"redeem_dia":150,"loyalty_change":3,"career":1,"unique_skill1":1013,"favor_lv1":20,"activate_prop1":50024,"activate_propnum1":200,"unique_skill2":1103,"favor_lv2":50,"activate_prop2":50024,"activate_propnum2":400,"unique_skill3":1003,"favor_lv3":80,"activate_prop3":50024,"activate_propnum3":1000},{"pet_id":6012,"pet_type":2,"pet_name":"大牙","pet_species":"サモエド","species_type":1,"quality":4,"sex":1,"height":"176cm","weight":"62kg","hobby":"かなえたい夢があるんです。応援してください！","cost":999,"sell_price":4,"open":1,"guide_initial":102,"guide_grow":10,"ability_initial":10,"ability_grow":4,"salary_initial":60,"salary_grow":0,"environment_initial":0,"environment_grow":0,"comfort_initial":0,"comfort_grow":0,"redeem_dia":200,"loyalty_change":4,"career":2,"unique_skill1":1034,"favor_lv1":20,"activate_prop1":50024,"activate_propnum1":250,"unique_skill2":1054,"favor_lv2":50,"activate_prop2":50024,"activate_propnum2":500,"unique_skill3":2002,"favor_lv3":80,"activate_prop3":50024,"activate_propnum3":1250},{"pet_id":6013,"pet_type":2,"pet_name":"ラビ","pet_species":"ウェルシュ・コーギー","species_type":1,"quality":3,"sex":2,"height":"161.5cm","weight":"52.1kg","hobby":"ボクはラビ。夢の世界へ案内するよ","cost":150,"sell_price":3,"open":1,"guide_initial":100,"guide_grow":9,"ability_initial":10,"ability_grow":3,"salary_initial":41,"salary_grow":0,"environment_initial":0,"environment_grow":0,"comfort_initial":0,"comfort_grow":0,"redeem_dia":150,"loyalty_change":3,"career":3,"unique_skill1":1083,"favor_lv1":20,"activate_prop1":50024,"activate_propnum1":200,"unique_skill2":1103,"favor_lv2":50,"activate_prop2":50024,"activate_propnum2":400,"unique_skill3":1093,"favor_lv3":80,"activate_prop3":50024,"activate_propnum3":1000},{"pet_id":6014,"pet_type":2,"pet_name":"アンジュ","pet_species":"ﾌﾞﾘﾃｨｯｼｭ･ｼｮｰﾄﾍｱ","species_type":2,"quality":4,"sex":2,"height":"158.1cm","weight":"48.6kg","hobby":"わたくしを選ぶとは下僕にしては悪くないのね","cost":999,"sell_price":4,"open":1,"guide_initial":102,"guide_grow":10,"ability_initial":10,"ability_grow":4,"salary_initial":60,"salary_grow":0,"environment_initial":0,"environment_grow":0,"comfort_initial":0,"comfort_grow":0,"redeem_dia":200,"loyalty_change":4,"career":1,"unique_skill1":1014,"favor_lv1":20,"activate_prop1":50024,"activate_propnum1":250,"unique_skill2":1004,"favor_lv2":50,"activate_prop2":50024,"activate_propnum2":500,"unique_skill3":2003,"favor_lv3":80,"activate_prop3":50024,"activate_propnum3":1250},{"pet_id":6015,"pet_type":2,"pet_name":"チャンプ","pet_species":"シベリアン・ハスキー","species_type":1,"quality":2,"sex":1,"height":"182.4cm","weight":"72kg","hobby":"俺は人の役に立ちたいんじゃ！ほいで大切な人を守る！ ！","cost":60,"sell_price":2,"open":1,"guide_initial":98,"guide_grow":8,"ability_initial":10,"ability_grow":2,"salary_initial":24,"salary_grow":0,"environment_initial":0,"environment_grow":0,"comfort_initial":0,"comfort_grow":0,"redeem_dia":100,"loyalty_change":2,"career":4,"unique_skill1":1082,"favor_lv1":20,"activate_prop1":50024,"activate_propnum1":150,"unique_skill2":1102,"favor_lv2":50,"activate_prop2":50024,"activate_propnum2":300,"unique_skill3":1072,"favor_lv3":80,"activate_prop3":50024,"activate_propnum3":750},{"pet_id":6016,"pet_type":2,"pet_name":"リリア","pet_species":"シャルトリュー","species_type":1,"quality":5,"sex":2,"height":"164.2cm","weight":"50.4kg","hobby":"私のレビューがいくつも人気店をつくったわ。リリアって呼んでね","cost":9999,"sell_price":5,"open":0,"guide_initial":80,"guide_grow":10,"ability_initial":1,"ability_grow":4,"salary_initial":81,"salary_grow":0,"environment_initial":0,"environment_grow":0,"comfort_initial":0,"comfort_grow":0,"redeem_dia":250,"loyalty_change":5,"career":2,"unique_skill1":1023,"favor_lv1":20,"activate_prop1":50024,"activate_propnum1":300,"unique_skill2":1103,"favor_lv2":50,"activate_prop2":50024,"activate_propnum2":600,"unique_skill3":1054,"favor_lv3":80,"activate_prop3":50024,"activate_propnum3":1500},{"pet_id":6018,"pet_type":2,"pet_name":"朝陽","pet_species":"アラスカン・マラミュート","species_type":1,"quality":3,"sex":1,"height":"178.6cm","weight":"65kg","hobby":"真実を見つけるのは僕の仕事！ぼくはレストラン探偵さ","cost":150,"sell_price":3,"open":1,"guide_initial":100,"guide_grow":9,"ability_initial":10,"ability_grow":3,"salary_initial":41,"salary_grow":0,"environment_initial":0,"environment_grow":0,"comfort_initial":0,"comfort_grow":0,"redeem_dia":150,"loyalty_change":3,"career":2,"unique_skill1":1033,"favor_lv1":20,"activate_prop1":50024,"activate_propnum1":200,"unique_skill2":1103,"favor_lv2":50,"activate_prop2":50024,"activate_propnum2":400,"unique_skill3":1053,"favor_lv3":80,"activate_prop3":50024,"activate_propnum3":1000},{"pet_id":6019,"pet_type":2,"pet_name":"雪代蝶","pet_species":"アラスカン・マラミュート","species_type":1,"quality":3,"sex":2,"height":"155.1cm","weight":"47.2kg","hobby":"たまには庶民の世界に触れるのもわるくないかしら","cost":150,"sell_price":3,"open":1,"guide_initial":100,"guide_grow":9,"ability_initial":10,"ability_grow":3,"salary_initial":41,"salary_grow":0,"environment_initial":0,"environment_grow":0,"comfort_initial":0,"comfort_grow":0,"redeem_dia":150,"loyalty_change":3,"career":3,"unique_skill1":1003,"favor_lv1":20,"activate_prop1":50024,"activate_propnum1":200,"unique_skill2":1103,"favor_lv2":50,"activate_prop2":50024,"activate_propnum2":400,"unique_skill3":1093,"favor_lv3":80,"activate_prop3":50024,"activate_propnum3":1000},{"pet_id":6020,"pet_type":2,"pet_name":"ルナルナ","pet_species":"ドラゴン・リー","species_type":2,"quality":5,"sex":2,"height":"156cm","weight":"45.2kg","hobby":"あなたの運命を照らします。ルナルナです！","cost":9999,"sell_price":5,"open":0,"guide_initial":80,"guide_grow":10,"ability_initial":1,"ability_grow":4,"salary_initial":81,"salary_grow":0,"environment_initial":0,"environment_grow":0,"comfort_initial":0,"comfort_grow":0,"redeem_dia":250,"loyalty_change":5,"career":3,"unique_skill1":1073,"favor_lv1":20,"activate_prop1":50024,"activate_propnum1":300,"unique_skill2":1093,"favor_lv2":50,"activate_prop2":50024,"activate_propnum2":600,"unique_skill3":1084,"favor_lv3":80,"activate_prop3":50024,"activate_propnum3":1500},{"pet_id":6021,"pet_type":2,"pet_name":"ショコラ","pet_species":"ﾉﾙｳｪｰｼﾞｬﾝﾌｫﾚｽﾄ","species_type":2,"quality":4,"sex":2,"height":"161.4cm","weight":"47.7kg","hobby":"恋にぶつかっていくのがショコラでしょ？","cost":999,"sell_price":4,"open":1,"guide_initial":102,"guide_grow":10,"ability_initial":10,"ability_grow":4,"salary_initial":60,"salary_grow":0,"environment_initial":0,"environment_grow":0,"comfort_initial":0,"comfort_grow":0,"redeem_dia":200,"loyalty_change":4,"career":3,"unique_skill1":1074,"favor_lv1":20,"activate_prop1":50024,"activate_propnum1":250,"unique_skill2":1104,"favor_lv2":50,"activate_prop2":50024,"activate_propnum2":500,"unique_skill3":2004,"favor_lv3":80,"activate_prop3":50024,"activate_propnum3":1250},{"pet_id":6022,"pet_type":2,"pet_name":"カンカン","pet_species":"マンチカン","species_type":2,"quality":2,"sex":2,"height":"147cm","weight":"43.3kg","hobby":"くふふ、この展開は最高だわ。作者、分かってる。","cost":60,"sell_price":2,"open":1,"guide_initial":98,"guide_grow":8,"ability_initial":10,"ability_grow":2,"salary_initial":24,"salary_grow":0,"environment_initial":0,"environment_grow":0,"comfort_initial":0,"comfort_grow":0,"redeem_dia":100,"loyalty_change":2,"career":4,"unique_skill1":1082,"favor_lv1":20,"activate_prop1":50024,"activate_propnum1":150,"unique_skill2":1102,"favor_lv2":50,"activate_prop2":50024,"activate_propnum2":300,"unique_skill3":1002,"favor_lv3":80,"activate_prop3":50024,"activate_propnum3":750},{"pet_id":6024,"pet_type":2,"pet_name":"パルフェ","pet_species":"ﾉﾙｳｪｰｼﾞｬﾝﾌｫﾚｽﾄ","species_type":2,"quality":4,"sex":2,"height":"160.3cm","weight":"48.1kg","hobby":"パルフェです。あなたをサポートいたします","cost":999,"sell_price":4,"open":1,"guide_initial":102,"guide_grow":10,"ability_initial":10,"ability_grow":4,"salary_initial":60,"salary_grow":0,"environment_initial":0,"environment_grow":0,"comfort_initial":0,"comfort_grow":0,"redeem_dia":200,"loyalty_change":4,"career":3,"unique_skill1":1074,"favor_lv1":20,"activate_prop1":50024,"activate_propnum1":250,"unique_skill2":1004,"favor_lv2":50,"activate_prop2":50024,"activate_propnum2":500,"unique_skill3":2005,"favor_lv3":80,"activate_prop3":50024,"activate_propnum3":1250},{"pet_id":6025,"pet_type":2,"pet_name":"チュチュ","pet_species":"ラグドール","species_type":2,"quality":3,"sex":2,"height":"163cm","weight":"49kg","hobby":"はじめまして。チュチュって呼んでよかとよ？","cost":150,"sell_price":3,"open":1,"guide_initial":100,"guide_grow":9,"ability_initial":10,"ability_grow":3,"salary_initial":41,"salary_grow":0,"environment_initial":0,"environment_grow":0,"comfort_initial":0,"comfort_grow":0,"redeem_dia":150,"loyalty_change":3,"career":1,"unique_skill1":1013,"favor_lv1":20,"activate_prop1":50024,"activate_propnum1":200,"unique_skill2":1103,"favor_lv2":50,"activate_prop2":50024,"activate_propnum2":400,"unique_skill3":1003,"favor_lv3":80,"activate_prop3":50024,"activate_propnum3":1000},{"pet_id":6026,"pet_type":2,"pet_name":"ロザリオ","pet_species":"スコティッシュフォールド","species_type":2,"quality":2,"sex":2,"height":"171.5cm","weight":"48.4kg","hobby":"お客様はみんな私のト・リ・コ","cost":60,"sell_price":2,"open":1,"guide_initial":98,"guide_grow":8,"ability_initial":10,"ability_grow":2,"salary_initial":24,"salary_grow":0,"environment_initial":0,"environment_grow":0,"comfort_initial":0,"comfort_grow":0,"redeem_dia":100,"loyalty_change":2,"career":4,"unique_skill1":1082,"favor_lv1":20,"activate_prop1":50024,"activate_propnum1":150,"unique_skill2":1102,"favor_lv2":50,"activate_prop2":50024,"activate_propnum2":300,"unique_skill3":1002,"favor_lv3":80,"activate_prop3":50024,"activate_propnum3":750},{"pet_id":6027,"pet_type":2,"pet_name":"豆乳","pet_species":"ペキニーズ","species_type":1,"quality":5,"sex":1,"height":"171cm","weight":"60kg","hobby":"人気のお店をつくりたい？ならボクに任せてよ","cost":9999,"sell_price":5,"open":0,"guide_initial":80,"guide_grow":10,"ability_initial":1,"ability_grow":4,"salary_initial":81,"salary_grow":0,"environment_initial":0,"environment_grow":0,"comfort_initial":0,"comfort_grow":0,"redeem_dia":250,"loyalty_change":5,"career":2,"unique_skill1":1033,"favor_lv1":20,"activate_prop1":50024,"activate_propnum1":300,"unique_skill2":1103,"favor_lv2":50,"activate_prop2":50024,"activate_propnum2":600,"unique_skill3":1064,"favor_lv3":80,"activate_prop3":50024,"activate_propnum3":1500},{"pet_id":6028,"pet_type":2,"pet_name":"ブートニア","pet_species":"ターキッシュバン","species_type":2,"quality":3,"sex":1,"height":"174.2cm","weight":"62.3kg","hobby":"最高の料理に出会いたい、僕は旅をしています","cost":150,"sell_price":3,"open":1,"guide_initial":100,"guide_grow":9,"ability_initial":10,"ability_grow":3,"salary_initial":41,"salary_grow":0,"environment_initial":0,"environment_grow":0,"comfort_initial":0,"comfort_grow":0,"redeem_dia":150,"loyalty_change":3,"career":3,"unique_skill1":1083,"favor_lv1":20,"activate_prop1":50024,"activate_propnum1":200,"unique_skill2":1103,"favor_lv2":50,"activate_prop2":50024,"activate_propnum2":400,"unique_skill3":1073,"favor_lv3":80,"activate_prop3":50024,"activate_propnum3":1000},{"pet_id":6029,"pet_type":2,"pet_name":"メイメイ","pet_species":"ペキニーズ","species_type":1,"quality":3,"sex":2,"height":"152.8cm","weight":"43kg","hobby":"メイメイは子供じゃありません！もう大人です","cost":150,"sell_price":3,"open":1,"guide_initial":100,"guide_grow":9,"ability_initial":10,"ability_grow":3,"salary_initial":41,"salary_grow":0,"environment_initial":0,"environment_grow":0,"comfort_initial":0,"comfort_grow":0,"redeem_dia":150,"loyalty_change":3,"career":3,"unique_skill1":1003,"favor_lv1":20,"activate_prop1":50024,"activate_propnum1":200,"unique_skill2":1103,"favor_lv2":50,"activate_prop2":50024,"activate_propnum2":400,"unique_skill3":1073,"favor_lv3":80,"activate_prop3":50024,"activate_propnum3":1000},{"pet_id":6030,"pet_type":2,"pet_name":"時砂","pet_species":"ペルシャ","species_type":2,"quality":2,"sex":1,"height":"174.2cm","weight":"61.6kg","hobby":"マスター、オレと契約をしよう","cost":60,"sell_price":2,"open":1,"guide_initial":98,"guide_grow":8,"ability_initial":10,"ability_grow":2,"salary_initial":24,"salary_grow":0,"environment_initial":0,"environment_grow":0,"comfort_initial":0,"comfort_grow":0,"redeem_dia":100,"loyalty_change":2,"career":4,"unique_skill1":1082,"favor_lv1":20,"activate_prop1":50024,"activate_propnum1":150,"unique_skill2":1102,"favor_lv2":50,"activate_prop2":50024,"activate_propnum2":300,"unique_skill3":1002,"favor_lv3":80,"activate_prop3":50024,"activate_propnum3":750},{"pet_id":6031,"pet_type":2,"pet_name":"晴明","pet_species":"しばいぬ","species_type":1,"quality":5,"sex":1,"height":"176.5cm","weight":"62kg","hobby":"和の真髄、この晴明がお届けいたします","cost":9999,"sell_price":5,"open":0,"guide_initial":80,"guide_grow":10,"ability_initial":1,"ability_grow":4,"salary_initial":81,"salary_grow":0,"environment_initial":0,"environment_grow":0,"comfort_initial":0,"comfort_grow":0,"redeem_dia":250,"loyalty_change":5,"career":1,"unique_skill1":1013,"favor_lv1":20,"activate_prop1":50024,"activate_propnum1":300,"unique_skill2":1003,"favor_lv2":50,"activate_prop2":50024,"activate_propnum2":600,"unique_skill3":1014,"favor_lv3":80,"activate_prop3":50024,"activate_propnum3":1500},{"pet_id":6033,"pet_type":2,"pet_name":"グルメ","pet_species":"タビーキャット","species_type":2,"quality":3,"sex":1,"height":"162cm","weight":"65.8kg","hobby":"ぼくはグルメ。まかない料理こそグルメの真髄！","cost":150,"sell_price":3,"open":1,"guide_initial":100,"guide_grow":9,"ability_initial":10,"ability_grow":3,"salary_initial":41,"salary_grow":0,"environment_initial":0,"environment_grow":0,"comfort_initial":0,"comfort_grow":0,"redeem_dia":150,"loyalty_change":3,"career":2,"unique_skill1":1043,"favor_lv1":20,"activate_prop1":50024,"activate_propnum1":200,"unique_skill2":1103,"favor_lv2":50,"activate_prop2":50024,"activate_propnum2":400,"unique_skill3":1053,"favor_lv3":80,"activate_prop3":50024,"activate_propnum3":1000},{"pet_id":6034,"pet_type":2,"pet_name":"ティアラ","pet_species":"テディベアパピー ","species_type":1,"quality":4,"sex":2,"height":"155.2cm","weight":"42.8kg","hobby":"あれもこれもぜ〜んぶわたくしのもの！
あなたもティアラのものになる？","cost":999,"sell_price":4,"open":1,"guide_initial":102,"guide_grow":10,"ability_initial":10,"ability_grow":4,"salary_initial":60,"salary_grow":0,"environment_initial":0,"environment_grow":0,"comfort_initial":0,"comfort_grow":0,"redeem_dia":200,"loyalty_change":4,"career":3,"unique_skill1":1074,"favor_lv1":20,"activate_prop1":50024,"activate_propnum1":250,"unique_skill2":1004,"favor_lv2":50,"activate_prop2":50024,"activate_propnum2":500,"unique_skill3":2006,"favor_lv3":80,"activate_prop3":50024,"activate_propnum3":1250},{"pet_id":6035,"pet_type":2,"pet_name":"壁ドン","pet_species":"パグ","species_type":1,"quality":3,"sex":1,"height":"170.4cm","weight":"68kg","hobby":"キミの瞳に映るのは、そう僕だけ！","cost":150,"sell_price":3,"open":1,"guide_initial":100,"guide_grow":9,"ability_initial":10,"ability_grow":3,"salary_initial":41,"salary_grow":0,"environment_initial":0,"environment_grow":0,"comfort_initial":0,"comfort_grow":0,"redeem_dia":150,"loyalty_change":3,"career":4,"unique_skill1":1024,"favor_lv1":20,"activate_prop1":50024,"activate_propnum1":200,"unique_skill2":1103,"favor_lv2":50,"activate_prop2":50024,"activate_propnum2":400,"unique_skill3":1063,"favor_lv3":80,"activate_prop3":50024,"activate_propnum3":1000},{"pet_id":6037,"pet_type":2,"pet_name":"ミスバハ","pet_species":"テディベアパピー","species_type":1,"quality":3,"sex":2,"height":"158cm","weight":"45.1kg","hobby":"年齢を重ねることに美しくなる。美しいって罪かしら？","cost":150,"sell_price":3,"open":1,"guide_initial":100,"guide_grow":9,"ability_initial":10,"ability_grow":3,"salary_initial":41,"salary_grow":0,"environment_initial":0,"environment_grow":0,"comfort_initial":0,"comfort_grow":0,"redeem_dia":150,"loyalty_change":3,"career":3,"unique_skill1":1003,"favor_lv1":20,"activate_prop1":50024,"activate_propnum1":200,"unique_skill2":1103,"favor_lv2":50,"activate_prop2":50024,"activate_propnum2":400,"unique_skill3":1073,"favor_lv3":80,"activate_prop3":50024,"activate_propnum3":1000},{"pet_id":6038,"pet_type":2,"pet_name":"森羅","pet_species":"アフガン・ハウンド","species_type":1,"quality":4,"sex":1,"height":"177.3cm","weight":"71.4kg","hobby":"私は森羅（シンラ）。料理の与える喜びは神様の贈り物","cost":999,"sell_price":4,"open":1,"guide_initial":102,"guide_grow":10,"ability_initial":10,"ability_grow":4,"salary_initial":60,"salary_grow":0,"environment_initial":0,"environment_grow":0,"comfort_initial":0,"comfort_grow":0,"redeem_dia":200,"loyalty_change":4,"career":2,"unique_skill1":1024,"favor_lv1":20,"activate_prop1":50024,"activate_propnum1":250,"unique_skill2":1064,"favor_lv2":50,"activate_prop2":50024,"activate_propnum2":500,"unique_skill3":2007,"favor_lv3":80,"activate_prop3":50024,"activate_propnum3":1250},{"pet_id":6039,"pet_type":2,"pet_name":"蒼汰","pet_species":"ｼｪｯﾄﾗﾝﾄﾞ･ｼｰﾌﾟﾄﾞｯｸﾞ","species_type":1,"quality":4,"sex":1,"height":"180.9cm","weight":"72kg","hobby":"負けたくない人がいるんだ","cost":999,"sell_price":4,"open":1,"guide_initial":102,"guide_grow":10,"ability_initial":10,"ability_grow":4,"salary_initial":60,"salary_grow":0,"environment_initial":0,"environment_grow":0,"comfort_initial":0,"comfort_grow":0,"redeem_dia":200,"loyalty_change":4,"career":1,"unique_skill1":1014,"favor_lv1":20,"activate_prop1":50024,"activate_propnum1":250,"unique_skill2":1094,"favor_lv2":50,"activate_prop2":50024,"activate_propnum2":500,"unique_skill3":2008,"favor_lv3":80,"activate_prop3":50024,"activate_propnum3":1250},{"pet_id":6040,"pet_type":2,"pet_name":"岳斗","pet_species":"スコッチ・コリー","species_type":1,"quality":4,"sex":1,"height":"181cm","weight":"72kg","hobby":"オレは岳斗。気軽に呼んでくれ","cost":999,"sell_price":4,"open":1,"guide_initial":102,"guide_grow":10,"ability_initial":10,"ability_grow":4,"salary_initial":60,"salary_grow":0,"environment_initial":0,"environment_grow":0,"comfort_initial":0,"comfort_grow":0,"redeem_dia":200,"loyalty_change":4,"career":3,"unique_skill1":1074,"favor_lv1":20,"activate_prop1":50024,"activate_propnum1":250,"unique_skill2":1004,"favor_lv2":50,"activate_prop2":50024,"activate_propnum2":500,"unique_skill3":2009,"favor_lv3":80,"activate_prop3":50024,"activate_propnum3":1250},{"pet_id":6041,"pet_type":2,"pet_name":"博士","pet_species":"チャウ・チャウ","species_type":1,"quality":3,"sex":1,"height":"172cm","weight":"86.8kg","hobby":"ボクは博士。美味しさ秘訣は、たくさん知ること。だーねー","cost":150,"sell_price":3,"open":1,"guide_initial":100,"guide_grow":9,"ability_initial":10,"ability_grow":3,"salary_initial":41,"salary_grow":0,"environment_initial":0,"environment_grow":0,"comfort_initial":0,"comfort_grow":0,"redeem_dia":150,"loyalty_change":3,"career":3,"unique_skill1":1083,"favor_lv1":20,"activate_prop1":50024,"activate_propnum1":200,"unique_skill2":1103,"favor_lv2":50,"activate_prop2":50024,"activate_propnum2":400,"unique_skill3":1093,"favor_lv3":80,"activate_prop3":50024,"activate_propnum3":1000},{"pet_id":6042,"pet_type":2,"pet_name":"ルージュ","pet_species":"ダックスフント","species_type":1,"quality":4,"sex":2,"height":"166.4cm","weight":"51.2kg","hobby":"あなたのお気持ち、赤いルージュに染め上げます","cost":999,"sell_price":4,"open":1,"guide_initial":102,"guide_grow":10,"ability_initial":10,"ability_grow":4,"salary_initial":60,"salary_grow":0,"environment_initial":0,"environment_grow":0,"comfort_initial":0,"comfort_grow":0,"redeem_dia":200,"loyalty_change":4,"career":2,"unique_skill1":1084,"favor_lv1":20,"activate_prop1":50024,"activate_propnum1":250,"unique_skill2":1094,"favor_lv2":50,"activate_prop2":50024,"activate_propnum2":500,"unique_skill3":2010,"favor_lv3":80,"activate_prop3":50024,"activate_propnum3":1250},{"pet_id":6043,"pet_type":2,"pet_name":"ミオ","pet_species":"三毛猫","species_type":1,"quality":3,"sex":2,"height":"161.3cm","weight":"47.8kg","hobby":"ミオです。弟たちがいるから遅番はできませんからね！","cost":150,"sell_price":3,"open":1,"guide_initial":100,"guide_grow":9,"ability_initial":10,"ability_grow":3,"salary_initial":41,"salary_grow":0,"environment_initial":0,"environment_grow":0,"comfort_initial":0,"comfort_grow":0,"redeem_dia":150,"loyalty_change":3,"career":2,"unique_skill1":1024,"favor_lv1":20,"activate_prop1":50024,"activate_propnum1":200,"unique_skill2":1103,"favor_lv2":50,"activate_prop2":50024,"activate_propnum2":400,"unique_skill3":1053,"favor_lv3":80,"activate_prop3":50024,"activate_propnum3":1000},{"pet_id":6044,"pet_type":2,"pet_name":"スイーツ","pet_species":"チャウ・チャウ","species_type":1,"quality":3,"sex":1,"height":"168.7cm","weight":"64.6kg","hobby":"スイーツ男子がイケメンだなんて、妄想だよ。","cost":150,"sell_price":3,"open":1,"guide_initial":100,"guide_grow":9,"ability_initial":10,"ability_grow":3,"salary_initial":41,"salary_grow":0,"environment_initial":0,"environment_grow":0,"comfort_initial":0,"comfort_grow":0,"redeem_dia":150,"loyalty_change":3,"career":2,"unique_skill1":1033,"favor_lv1":20,"activate_prop1":50024,"activate_propnum1":200,"unique_skill2":1103,"favor_lv2":50,"activate_prop2":50024,"activate_propnum2":400,"unique_skill3":1063,"favor_lv3":80,"activate_prop3":50024,"activate_propnum3":1000},{"pet_id":6045,"pet_type":2,"pet_name":"シズカ","pet_species":"シーズー","species_type":1,"quality":4,"sex":2,"height":"163.2cm","weight":"46.1kg","hobby":"シフト多いのは無理ですからね？よろしくお願いします","cost":999,"sell_price":4,"open":1,"guide_initial":102,"guide_grow":10,"ability_initial":10,"ability_grow":4,"salary_initial":60,"salary_grow":0,"environment_initial":0,"environment_grow":0,"comfort_initial":0,"comfort_grow":0,"redeem_dia":200,"loyalty_change":4,"career":3,"unique_skill1":1074,"favor_lv1":20,"activate_prop1":50024,"activate_propnum1":250,"unique_skill2":1104,"favor_lv2":50,"activate_prop2":50024,"activate_propnum2":500,"unique_skill3":2011,"favor_lv3":80,"activate_prop3":50024,"activate_propnum3":1250},{"pet_id":6046,"pet_type":2,"pet_name":"ソテー","pet_species":"猫","species_type":2,"quality":1,"sex":1,"height":"170cm","weight":"55.8kg","hobby":"はじめまして。オレってば見習いなんだわ","cost":25,"sell_price":1,"open":1,"guide_initial":96,"guide_grow":7,"ability_initial":10,"ability_grow":1,"salary_initial":10,"salary_grow":0,"environment_initial":0,"environment_grow":0,"comfort_initial":0,"comfort_grow":0,"redeem_dia":50,"loyalty_change":1,"career":4,"unique_skill1":1001,"favor_lv1":20,"activate_prop1":50024,"activate_propnum1":100,"unique_skill2":1101,"favor_lv2":50,"activate_prop2":50024,"activate_propnum2":200,"unique_skill3":1091,"favor_lv3":80,"activate_prop3":50024,"activate_propnum3":500},{"pet_id":6047,"pet_type":2,"pet_name":"ポワレ","pet_species":"猫","species_type":2,"quality":1,"sex":2,"height":"160.2cm","weight":"45kg","hobby":"はじめまして。まだまだ見習いです。","cost":25,"sell_price":1,"open":1,"guide_initial":96,"guide_grow":7,"ability_initial":10,"ability_grow":1,"salary_initial":10,"salary_grow":0,"environment_initial":0,"environment_grow":0,"comfort_initial":0,"comfort_grow":0,"redeem_dia":50,"loyalty_change":1,"career":4,"unique_skill1":1001,"favor_lv1":20,"activate_prop1":50024,"activate_propnum1":100,"unique_skill2":1101,"favor_lv2":50,"activate_prop2":50024,"activate_propnum2":200,"unique_skill3":1091,"favor_lv3":80,"activate_prop3":50024,"activate_propnum3":500},{"pet_id":6048,"pet_type":2,"pet_name":"グラッセ","pet_species":"猫","species_type":2,"quality":1,"sex":1,"height":"157.6cm","weight":"43.7kg","hobby":"はじめまして。見習いなんスよ","cost":25,"sell_price":1,"open":1,"guide_initial":96,"guide_grow":7,"ability_initial":10,"ability_grow":1,"salary_initial":10,"salary_grow":0,"environment_initial":0,"environment_grow":0,"comfort_initial":0,"comfort_grow":0,"redeem_dia":50,"loyalty_change":1,"career":4,"unique_skill1":1001,"favor_lv1":20,"activate_prop1":50024,"activate_propnum1":100,"unique_skill2":1101,"favor_lv2":50,"activate_prop2":50024,"activate_propnum2":200,"unique_skill3":1091,"favor_lv3":80,"activate_prop3":50024,"activate_propnum3":500},{"pet_id":6049,"pet_type":2,"pet_name":"キャラメリゼ","pet_species":"猫","species_type":2,"quality":1,"sex":1,"height":"146cm","weight":"42kg","hobby":"はじめまして。ぼくはまだ見習いだよ","cost":25,"sell_price":1,"open":1,"guide_initial":96,"guide_grow":7,"ability_initial":10,"ability_grow":1,"salary_initial":10,"salary_grow":0,"environment_initial":0,"environment_grow":0,"comfort_initial":0,"comfort_grow":0,"redeem_dia":50,"loyalty_change":1,"career":4,"unique_skill1":1001,"favor_lv1":20,"activate_prop1":50024,"activate_propnum1":100,"unique_skill2":1101,"favor_lv2":50,"activate_prop2":50024,"activate_propnum2":200,"unique_skill3":1091,"favor_lv3":80,"activate_prop3":50024,"activate_propnum3":500},{"pet_id":6050,"pet_type":2,"pet_name":"影虎","pet_species":"犬","species_type":1,"quality":1,"sex":1,"height":"170cm","weight":"62.2kg","hobby":"やっぱりオレだろ？","cost":25,"sell_price":1,"open":1,"guide_initial":96,"guide_grow":7,"ability_initial":10,"ability_grow":1,"salary_initial":10,"salary_grow":0,"environment_initial":0,"environment_grow":0,"comfort_initial":0,"comfort_grow":0,"redeem_dia":50,"loyalty_change":1,"career":4,"unique_skill1":1001,"favor_lv1":20,"activate_prop1":50024,"activate_propnum1":100,"unique_skill2":1101,"favor_lv2":50,"activate_prop2":50024,"activate_propnum2":200,"unique_skill3":1091,"favor_lv3":80,"activate_prop3":50024,"activate_propnum3":500},{"pet_id":6051,"pet_type":2,"pet_name":"荒鷲","pet_species":"犬","species_type":1,"quality":1,"sex":1,"height":"170cm","weight":"64kg","hobby":"オレは荒鷲。なあ、わっりーことしようぜ！","cost":25,"sell_price":1,"open":1,"guide_initial":96,"guide_grow":7,"ability_initial":10,"ability_grow":1,"salary_initial":10,"salary_grow":0,"environment_initial":0,"environment_grow":0,"comfort_initial":0,"comfort_grow":0,"redeem_dia":50,"loyalty_change":1,"career":4,"unique_skill1":1001,"favor_lv1":20,"activate_prop1":50024,"activate_propnum1":100,"unique_skill2":1101,"favor_lv2":50,"activate_prop2":50024,"activate_propnum2":200,"unique_skill3":1091,"favor_lv3":80,"activate_prop3":50024,"activate_propnum3":500},{"pet_id":6052,"pet_type":2,"pet_name":"牛若","pet_species":"犬","species_type":1,"quality":1,"sex":1,"height":"171.8cm","weight":"62kg","hobby":"ぼくは牛若。あなたと働くことが出来て光栄です","cost":25,"sell_price":1,"open":1,"guide_initial":96,"guide_grow":7,"ability_initial":10,"ability_grow":1,"salary_initial":10,"salary_grow":0,"environment_initial":0,"environment_grow":0,"comfort_initial":0,"comfort_grow":0,"redeem_dia":50,"loyalty_change":1,"career":4,"unique_skill1":1001,"favor_lv1":20,"activate_prop1":50024,"activate_propnum1":100,"unique_skill2":1101,"favor_lv2":50,"activate_prop2":50024,"activate_propnum2":200,"unique_skill3":1091,"favor_lv3":80,"activate_prop3":50024,"activate_propnum3":500},{"pet_id":6053,"pet_type":2,"pet_name":"シフォン","pet_species":"猫","species_type":2,"quality":1,"sex":2,"height":"163.5cm","weight":"50kg","hobby":"はじめましてぇ、シフォンです。","cost":25,"sell_price":1,"open":1,"guide_initial":96,"guide_grow":7,"ability_initial":10,"ability_grow":1,"salary_initial":10,"salary_grow":0,"environment_initial":0,"environment_grow":0,"comfort_initial":0,"comfort_grow":0,"redeem_dia":50,"loyalty_change":1,"career":4,"unique_skill1":1001,"favor_lv1":20,"activate_prop1":50024,"activate_propnum1":100,"unique_skill2":1101,"favor_lv2":50,"activate_prop2":50024,"activate_propnum2":200,"unique_skill3":1091,"favor_lv3":80,"activate_prop3":50024,"activate_propnum3":500},{"pet_id":6054,"pet_type":2,"pet_name":"プリン","pet_species":"犬","species_type":2,"quality":1,"sex":2,"height":"162cm","weight":"48.2kg","hobby":"プリンって呼んでもらえますか？","cost":25,"sell_price":1,"open":1,"guide_initial":96,"guide_grow":7,"ability_initial":10,"ability_grow":1,"salary_initial":10,"salary_grow":0,"environment_initial":0,"environment_grow":0,"comfort_initial":0,"comfort_grow":0,"redeem_dia":50,"loyalty_change":1,"career":4,"unique_skill1":1001,"favor_lv1":20,"activate_prop1":50024,"activate_propnum1":100,"unique_skill2":1101,"favor_lv2":50,"activate_prop2":50024,"activate_propnum2":200,"unique_skill3":1091,"favor_lv3":80,"activate_prop3":50024,"activate_propnum3":500},{"pet_id":6055,"pet_type":2,"pet_name":"お団子","pet_species":"犬","species_type":1,"quality":1,"sex":2,"height":"143.8cm","weight":"39.6kg","hobby":"はじめましてぇ。お団子ちゃんって呼んでください！","cost":25,"sell_price":1,"open":1,"guide_initial":96,"guide_grow":7,"ability_initial":10,"ability_grow":1,"salary_initial":10,"salary_grow":0,"environment_initial":0,"environment_grow":0,"comfort_initial":0,"comfort_grow":0,"redeem_dia":50,"loyalty_change":1,"career":4,"unique_skill1":1001,"favor_lv1":20,"activate_prop1":50024,"activate_propnum1":100,"unique_skill2":1101,"favor_lv2":50,"activate_prop2":50024,"activate_propnum2":200,"unique_skill3":1091,"favor_lv3":80,"activate_prop3":50024,"activate_propnum3":500},{"pet_id":6056,"pet_type":2,"pet_name":"カスタード","pet_species":"猫","species_type":2,"quality":1,"sex":1,"height":"172.6cm","weight":"63.2kg","hobby":"僕はカスタード。よろしくね。","cost":25,"sell_price":1,"open":1,"guide_initial":96,"guide_grow":7,"ability_initial":10,"ability_grow":1,"salary_initial":10,"salary_grow":0,"environment_initial":0,"environment_grow":0,"comfort_initial":0,"comfort_grow":0,"redeem_dia":50,"loyalty_change":1,"career":4,"unique_skill1":1001,"favor_lv1":20,"activate_prop1":50024,"activate_propnum1":100,"unique_skill2":1101,"favor_lv2":50,"activate_prop2":50024,"activate_propnum2":200,"unique_skill3":1091,"favor_lv3":80,"activate_prop3":50024,"activate_propnum3":500},{"pet_id":6057,"pet_type":2,"pet_name":"クッキー","pet_species":"犬","species_type":1,"quality":1,"sex":1,"height":"168cm","weight":"65kg","hobby":"はじめまして。クッキーって呼んでください。","cost":25,"sell_price":1,"open":1,"guide_initial":96,"guide_grow":7,"ability_initial":10,"ability_grow":1,"salary_initial":10,"salary_grow":0,"environment_initial":0,"environment_grow":0,"comfort_initial":0,"comfort_grow":0,"redeem_dia":50,"loyalty_change":1,"career":4,"unique_skill1":1001,"favor_lv1":20,"activate_prop1":50024,"activate_propnum1":100,"unique_skill2":1101,"favor_lv2":50,"activate_prop2":50024,"activate_propnum2":200,"unique_skill3":1091,"favor_lv3":80,"activate_prop3":50024,"activate_propnum3":500},{"pet_id":6059,"pet_type":2,"pet_name":"リボン","pet_species":"猫","species_type":2,"quality":2,"sex":2,"height":"150cm","weight":"45kg","hobby":"クックックッお前不幸な顔をしているなぁ","cost":60,"sell_price":2,"open":1,"guide_initial":98,"guide_grow":8,"ability_initial":10,"ability_grow":2,"salary_initial":24,"salary_grow":0,"environment_initial":0,"environment_grow":0,"comfort_initial":0,"comfort_grow":0,"redeem_dia":100,"loyalty_change":2,"career":3,"unique_skill1":1082,"favor_lv1":20,"activate_prop1":50024,"activate_propnum1":150,"unique_skill2":1102,"favor_lv2":50,"activate_prop2":50024,"activate_propnum2":300,"unique_skill3":1002,"favor_lv3":80,"activate_prop3":50024,"activate_propnum3":750},{"pet_id":6060,"pet_type":2,"pet_name":"シュシュ","pet_species":"猫","species_type":2,"quality":2,"sex":2,"height":"150cm","weight":"45kg","hobby":"乙女の悩みは海よりも深いんだからぁ","cost":60,"sell_price":2,"open":1,"guide_initial":98,"guide_grow":8,"ability_initial":10,"ability_grow":2,"salary_initial":24,"salary_grow":0,"environment_initial":0,"environment_grow":0,"comfort_initial":0,"comfort_grow":0,"redeem_dia":100,"loyalty_change":2,"career":3,"unique_skill1":1082,"favor_lv1":20,"activate_prop1":50024,"activate_propnum1":150,"unique_skill2":1102,"favor_lv2":50,"activate_prop2":50024,"activate_propnum2":300,"unique_skill3":1002,"favor_lv3":80,"activate_prop3":50024,"activate_propnum3":750},{"pet_id":6061,"pet_type":2,"pet_name":"バレッタ","pet_species":"猫","species_type":2,"quality":2,"sex":2,"height":"150cm","weight":"45kg","hobby":"ど、ドキドキしてる？そんなはず、そんなはずないーーー","cost":60,"sell_price":2,"open":1,"guide_initial":98,"guide_grow":8,"ability_initial":10,"ability_grow":2,"salary_initial":24,"salary_grow":0,"environment_initial":0,"environment_grow":0,"comfort_initial":0,"comfort_grow":0,"redeem_dia":100,"loyalty_change":2,"career":2,"unique_skill1":1032,"favor_lv1":20,"activate_prop1":50024,"activate_propnum1":150,"unique_skill2":1102,"favor_lv2":50,"activate_prop2":50024,"activate_propnum2":300,"unique_skill3":1052,"favor_lv3":80,"activate_prop3":50024,"activate_propnum3":750},{"pet_id":6062,"pet_type":2,"pet_name":"チェーン","pet_species":"猫","species_type":2,"quality":2,"sex":2,"height":"150cm","weight":"45kg","hobby":"ひえぇ、ごめんなさい、ごめんなさい・・・あたしのせいで","cost":60,"sell_price":2,"open":1,"guide_initial":98,"guide_grow":8,"ability_initial":10,"ability_grow":2,"salary_initial":24,"salary_grow":0,"environment_initial":0,"environment_grow":0,"comfort_initial":0,"comfort_grow":0,"redeem_dia":100,"loyalty_change":2,"career":2,"unique_skill1":1042,"favor_lv1":20,"activate_prop1":50024,"activate_propnum1":150,"unique_skill2":1102,"favor_lv2":50,"activate_prop2":50024,"activate_propnum2":300,"unique_skill3":1062,"favor_lv3":80,"activate_prop3":50024,"activate_propnum3":750},{"pet_id":6200,"pet_type":2,"pet_name":"キング","pet_species":"オシ・キャット","species_type":2,"quality":4,"sex":1,"height":"182.1cm","weight":"62.2kg","hobby":"オーナーならもっと堂々としろ。オレが許す。","cost":999,"sell_price":4,"open":1,"guide_initial":102,"guide_grow":10,"ability_initial":10,"ability_grow":4,"salary_initial":60,"salary_grow":0,"environment_initial":0,"environment_grow":0,"comfort_initial":0,"comfort_grow":0,"redeem_dia":200,"loyalty_change":4,"career":2,"unique_skill1":1024,"favor_lv1":20,"activate_prop1":50024,"activate_propnum1":250,"unique_skill2":1044,"favor_lv2":50,"activate_prop2":50024,"activate_propnum2":500,"unique_skill3":2014,"favor_lv3":80,"activate_prop3":50024,"activate_propnum3":1250},{"pet_id":6201,"pet_type":2,"pet_name":"ジャック","pet_species":"ジャーマン・シェパード","species_type":1,"quality":4,"sex":1,"height":"176.8cm","weight":"60.6kg","hobby":"頑張ってるね。お茶を入れてきたから、一息入れようか","cost":999,"sell_price":4,"open":1,"guide_initial":102,"guide_grow":10,"ability_initial":10,"ability_grow":4,"salary_initial":60,"salary_grow":0,"environment_initial":0,"environment_grow":0,"comfort_initial":0,"comfort_grow":0,"redeem_dia":200,"loyalty_change":4,"career":3,"unique_skill1":1074,"favor_lv1":20,"activate_prop1":50024,"activate_propnum1":250,"unique_skill2":1104,"favor_lv2":50,"activate_prop2":50024,"activate_propnum2":500,"unique_skill3":2016,"favor_lv3":80,"activate_prop3":50024,"activate_propnum3":1250},{"pet_id":6202,"pet_type":2,"pet_name":"ジョーカー","pet_species":"ホーランド・ロップ","species_type":2,"quality":4,"sex":1,"height":"171.8cm","weight":"58.2kg","hobby":"ねえ、ハンドミキサーって武器っぽくない？どう思う？","cost":999,"sell_price":4,"open":1,"guide_initial":102,"guide_grow":10,"ability_initial":10,"ability_grow":4,"salary_initial":60,"salary_grow":0,"environment_initial":0,"environment_grow":0,"comfort_initial":0,"comfort_grow":0,"redeem_dia":200,"loyalty_change":4,"career":1,"unique_skill1":1014,"favor_lv1":20,"activate_prop1":50024,"activate_propnum1":250,"unique_skill2":1004,"favor_lv2":50,"activate_prop2":50024,"activate_propnum2":500,"unique_skill3":2017,"favor_lv3":80,"activate_prop3":50024,"activate_propnum3":1250},{"pet_id":6203,"pet_type":2,"pet_name":"エース","pet_species":"アカギヅネ","species_type":1,"quality":4,"sex":1,"height":"183.8cm","weight":"51kg","hobby":"今日は天気がいいし、稼ぎ時だな。頑張ろうぜ！","cost":999,"sell_price":4,"open":1,"guide_initial":102,"guide_grow":10,"ability_initial":10,"ability_grow":4,"salary_initial":60,"salary_grow":0,"environment_initial":0,"environment_grow":0,"comfort_initial":0,"comfort_grow":0,"redeem_dia":200,"loyalty_change":4,"career":3,"unique_skill1":1074,"favor_lv1":20,"activate_prop1":50024,"activate_propnum1":250,"unique_skill2":1004,"favor_lv2":50,"activate_prop2":50024,"activate_propnum2":500,"unique_skill3":2015,"favor_lv3":80,"activate_prop3":50024,"activate_propnum3":1250},{"pet_id":6204,"pet_type":2,"pet_name":"ナイン","pet_species":"イタリアオオカミ","species_type":1,"quality":4,"sex":1,"height":"178.8cm","weight":"60.6kg","hobby":"テーブルにバラを飾ろうか。ロマンチックだとは思わない？","cost":999,"sell_price":4,"open":1,"guide_initial":102,"guide_grow":10,"ability_initial":10,"ability_grow":4,"salary_initial":60,"salary_grow":0,"environment_initial":0,"environment_grow":0,"comfort_initial":0,"comfort_grow":0,"redeem_dia":200,"loyalty_change":4,"career":2,"unique_skill1":1084,"favor_lv1":20,"activate_prop1":50024,"activate_propnum1":250,"unique_skill2":1094,"favor_lv2":50,"activate_prop2":50024,"activate_propnum2":500,"unique_skill3":2018,"favor_lv3":80,"activate_prop3":50024,"activate_propnum3":1250},{"pet_id":6205,"pet_type":2,"pet_name":"桔梗","pet_species":"九尾狐","species_type":1,"quality":4,"sex":2,"height":"158.4cm","weight":"51.4kg","hobby":"わらわの魅力に骨抜きになっているのじゃろ？","cost":999,"sell_price":4,"open":1,"guide_initial":102,"guide_grow":10,"ability_initial":10,"ability_grow":4,"salary_initial":60,"salary_grow":0,"environment_initial":0,"environment_grow":0,"comfort_initial":0,"comfort_grow":0,"redeem_dia":200,"loyalty_change":4,"career":3,"unique_skill1":1074,"favor_lv1":20,"activate_prop1":50024,"activate_propnum1":250,"unique_skill2":1104,"favor_lv2":50,"activate_prop2":50024,"activate_propnum2":500,"unique_skill3":2012,"favor_lv3":80,"activate_prop3":50024,"activate_propnum3":1250},{"pet_id":6206,"pet_type":2,"pet_name":"アリス","pet_species":"うさぎ","species_type":2,"quality":4,"sex":2,"height":"156.2cm","weight":"47kg","hobby":"ふきゃっ、なんにもないところで躓いたのです","cost":999,"sell_price":4,"open":1,"guide_initial":102,"guide_grow":10,"ability_initial":10,"ability_grow":4,"salary_initial":60,"salary_grow":0,"environment_initial":0,"environment_grow":0,"comfort_initial":0,"comfort_grow":0,"redeem_dia":200,"loyalty_change":4,"career":2,"unique_skill1":1034,"favor_lv1":20,"activate_prop1":50024,"activate_propnum1":250,"unique_skill2":1054,"favor_lv2":50,"activate_prop2":50024,"activate_propnum2":500,"unique_skill3":2013,"favor_lv3":80,"activate_prop3":50024,"activate_propnum3":1250}]