[{"reward_id":1,"reward_type":5,"item_id":59002,"number":50,"range":0,"rate":10000},{"reward_id":2,"reward_type":5,"item_id":59005,"number":50,"range":0,"rate":10000},{"reward_id":3,"reward_type":5,"item_id":59003,"number":50,"range":0,"rate":10000},{"reward_id":4,"reward_type":5,"item_id":59004,"number":50,"range":0,"rate":10000},{"reward_id":5,"reward_type":5,"item_id":59006,"number":50,"range":0,"rate":10000},{"reward_id":6,"reward_type":1,"item_id":6002,"number":1,"range":0,"rate":10000},{"reward_id":7,"reward_type":5,"item_id":59007,"number":50,"range":0,"rate":10000},{"reward_id":8,"reward_type":5,"item_id":59009,"number":50,"range":0,"rate":10000},{"reward_id":9,"reward_type":5,"item_id":59010,"number":50,"range":0,"rate":10000},{"reward_id":10,"reward_type":1,"item_id":6034,"number":1,"range":0,"rate":10000},{"reward_id":11,"reward_type":5,"item_id":59001,"number":50,"range":0,"rate":10000},{"reward_id":12,"reward_type":5,"item_id":59008,"number":50,"range":0,"rate":10000},{"reward_id":13,"reward_type":1,"item_id":6045,"number":1,"range":0,"rate":10000},{"reward_id":14,"reward_type":5,"item_id":3,"number":500,"range":0,"rate":10000},{"reward_id":15,"reward_type":5,"item_id":3,"number":50,"range":0,"rate":10000},{"reward_id":16,"reward_type":5,"item_id":50002,"number":1,"range":0,"rate":10000},{"reward_id":17,"reward_type":5,"item_id":50001,"number":1,"range":0,"rate":10000},{"reward_id":18,"reward_type":5,"item_id":1,"number":10000,"range":0,"rate":10000},{"reward_id":19,"reward_type":5,"item_id":50005,"number":1,"range":0,"rate":10000},{"reward_id":20,"reward_type":5,"item_id":1,"number":50000,"range":0,"rate":10000},{"reward_id":21,"reward_type":5,"item_id":3,"number":25,"range":0,"rate":10000},{"reward_id":22,"reward_type":5,"item_id":50003,"number":1,"range":0,"rate":10000},{"reward_id":23,"reward_type":5,"item_id":50001,"number":2,"range":0,"rate":10000},{"reward_id":24,"reward_type":5,"item_id":1,"number":50000,"range":0,"rate":10000},{"reward_id":25,"reward_type":5,"item_id":50006,"number":1,"range":0,"rate":10000},{"reward_id":26,"reward_type":5,"item_id":1,"number":200000,"range":0,"rate":10000},{"reward_id":27,"reward_type":5,"item_id":3,"number":25,"range":0,"rate":10000},{"reward_id":28,"reward_type":5,"item_id":3,"number":25,"range":0,"rate":10000},{"reward_id":29,"reward_type":5,"item_id":3,"number":25,"range":0,"rate":10000},{"reward_id":30,"reward_type":5,"item_id":3,"number":25,"range":0,"rate":10000},{"reward_id":31,"reward_type":5,"item_id":3,"number":25,"range":0,"rate":10000},{"reward_id":32,"reward_type":5,"item_id":3,"number":200,"range":0,"rate":10000},{"reward_id":33,"reward_type":5,"item_id":50002,"number":1,"range":0,"rate":10000},{"reward_id":34,"reward_type":5,"item_id":50003,"number":1,"range":0,"rate":10000},{"reward_id":35,"reward_type":5,"item_id":50004,"number":1,"range":0,"rate":10000},{"reward_id":36,"reward_type":5,"item_id":59001,"number":10,"range":0,"rate":10000},{"reward_id":37,"reward_type":5,"item_id":59008,"number":10,"range":0,"rate":10000},{"reward_id":38,"reward_type":5,"item_id":59011,"number":10,"range":0,"rate":10000},{"reward_id":39,"reward_type":5,"item_id":59015,"number":10,"range":0,"rate":10000},{"reward_id":40,"reward_type":5,"item_id":59025,"number":10,"range":0,"rate":10000},{"reward_id":41,"reward_type":5,"item_id":59027,"number":10,"range":0,"rate":10000},{"reward_id":42,"reward_type":5,"item_id":59037,"number":10,"range":0,"rate":10000},{"reward_id":43,"reward_type":5,"item_id":59039,"number":10,"range":0,"rate":10000},{"reward_id":44,"reward_type":5,"item_id":59049,"number":10,"range":0,"rate":10000},{"reward_id":45,"reward_type":5,"item_id":59050,"number":10,"range":0,"rate":10000},{"reward_id":46,"reward_type":6,"item_id":20001,"number":1,"range":0,"rate":10000},{"reward_id":47,"reward_type":6,"item_id":20002,"number":1,"range":0,"rate":10000},{"reward_id":48,"reward_type":6,"item_id":20003,"number":1,"range":0,"rate":10000},{"reward_id":49,"reward_type":6,"item_id":20004,"number":1,"range":0,"rate":10000},{"reward_id":50,"reward_type":6,"item_id":20005,"number":1,"range":0,"rate":10000},{"reward_id":51,"reward_type":6,"item_id":20006,"number":1,"range":0,"rate":10000},{"reward_id":52,"reward_type":6,"item_id":20007,"number":1,"range":0,"rate":10000},{"reward_id":53,"reward_type":6,"item_id":20008,"number":1,"range":0,"rate":10000},{"reward_id":54,"reward_type":6,"item_id":20009,"number":1,"range":0,"rate":10000},{"reward_id":55,"reward_type":6,"item_id":20010,"number":1,"range":0,"rate":10000},{"reward_id":56,"reward_type":6,"item_id":20011,"number":1,"range":0,"rate":10000},{"reward_id":57,"reward_type":6,"item_id":20012,"number":1,"range":0,"rate":10000},{"reward_id":58,"reward_type":6,"item_id":20013,"number":1,"range":0,"rate":10000},{"reward_id":59,"reward_type":6,"item_id":20014,"number":1,"range":0,"rate":10000},{"reward_id":60,"reward_type":6,"item_id":20015,"number":1,"range":0,"rate":10000},{"reward_id":61,"reward_type":6,"item_id":20016,"number":1,"range":0,"rate":10000},{"reward_id":62,"reward_type":6,"item_id":20017,"number":1,"range":0,"rate":10000},{"reward_id":63,"reward_type":6,"item_id":20018,"number":1,"range":0,"rate":10000},{"reward_id":64,"reward_type":6,"item_id":20019,"number":1,"range":0,"rate":10000},{"reward_id":65,"reward_type":6,"item_id":20020,"number":1,"range":0,"rate":10000},{"reward_id":66,"reward_type":6,"item_id":20021,"number":1,"range":0,"rate":10000},{"reward_id":67,"reward_type":6,"item_id":20022,"number":1,"range":0,"rate":10000},{"reward_id":68,"reward_type":6,"item_id":20023,"number":1,"range":0,"rate":10000},{"reward_id":69,"reward_type":6,"item_id":20024,"number":1,"range":0,"rate":10000},{"reward_id":70,"reward_type":6,"item_id":20025,"number":1,"range":0,"rate":10000},{"reward_id":71,"reward_type":6,"item_id":20026,"number":1,"range":0,"rate":10000},{"reward_id":72,"reward_type":6,"item_id":20027,"number":1,"range":0,"rate":10000},{"reward_id":73,"reward_type":6,"item_id":20028,"number":1,"range":0,"rate":10000},{"reward_id":74,"reward_type":6,"item_id":20029,"number":1,"range":0,"rate":10000},{"reward_id":75,"reward_type":6,"item_id":20030,"number":1,"range":0,"rate":10000},{"reward_id":76,"reward_type":6,"item_id":20031,"number":1,"range":0,"rate":10000},{"reward_id":77,"reward_type":6,"item_id":20032,"number":1,"range":0,"rate":10000},{"reward_id":78,"reward_type":6,"item_id":20033,"number":1,"range":0,"rate":10000},{"reward_id":79,"reward_type":6,"item_id":20034,"number":1,"range":0,"rate":10000},{"reward_id":80,"reward_type":6,"item_id":20035,"number":1,"range":0,"rate":10000},{"reward_id":81,"reward_type":6,"item_id":20036,"number":1,"range":0,"rate":10000},{"reward_id":82,"reward_type":6,"item_id":20037,"number":1,"range":0,"rate":10000},{"reward_id":83,"reward_type":6,"item_id":20038,"number":1,"range":0,"rate":10000},{"reward_id":84,"reward_type":6,"item_id":20039,"number":1,"range":0,"rate":10000},{"reward_id":85,"reward_type":6,"item_id":20040,"number":1,"range":0,"rate":10000},{"reward_id":86,"reward_type":6,"item_id":20041,"number":1,"range":0,"rate":10000},{"reward_id":87,"reward_type":6,"item_id":20042,"number":1,"range":0,"rate":10000},{"reward_id":88,"reward_type":6,"item_id":20043,"number":1,"range":0,"rate":10000},{"reward_id":89,"reward_type":6,"item_id":20044,"number":1,"range":0,"rate":10000},{"reward_id":90,"reward_type":6,"item_id":20045,"number":1,"range":0,"rate":10000},{"reward_id":91,"reward_type":6,"item_id":20046,"number":1,"range":0,"rate":10000},{"reward_id":92,"reward_type":6,"item_id":20047,"number":1,"range":0,"rate":10000},{"reward_id":93,"reward_type":6,"item_id":20048,"number":1,"range":0,"rate":10000},{"reward_id":94,"reward_type":6,"item_id":20049,"number":1,"range":0,"rate":10000},{"reward_id":95,"reward_type":6,"item_id":20050,"number":1,"range":0,"rate":10000},{"reward_id":96,"reward_type":4,"item_id":1010712,"number":1,"range":0,"rate":10000},{"reward_id":97,"reward_type":5,"item_id":1,"number":1000,"range":0,"rate":10000},{"reward_id":98,"reward_type":5,"item_id":1,"number":2000,"range":0,"rate":10000},{"reward_id":99,"reward_type":5,"item_id":50001,"number":2,"range":0,"rate":10000},{"reward_id":100,"reward_type":5,"item_id":50011,"number":2,"range":0,"rate":10000},{"reward_id":101,"reward_type":5,"item_id":50016,"number":2,"range":0,"rate":10000},{"reward_id":102,"reward_type":5,"item_id":3,"number":200,"range":0,"rate":10000},{"reward_id":103,"reward_type":5,"item_id":3,"number":50,"range":0,"rate":10000},{"reward_id":104,"reward_type":5,"item_id":3,"number":20,"range":0,"rate":10000},{"reward_id":105,"reward_type":5,"item_id":50005,"number":1,"range":0,"rate":10000},{"reward_id":106,"reward_type":5,"item_id":50006,"number":1,"range":0,"rate":10000},{"reward_id":107,"reward_type":5,"item_id":50007,"number":1,"range":0,"rate":10000},{"reward_id":108,"reward_type":5,"item_id":1,"number":200,"range":0,"rate":10000},{"reward_id":109,"reward_type":5,"item_id":1,"number":200,"range":0,"rate":10000},{"reward_id":109,"reward_type":5,"item_id":50008,"number":2,"range":1,"rate":5000},{"reward_id":110,"reward_type":5,"item_id":1,"number":200,"range":0,"rate":10000},{"reward_id":110,"reward_type":5,"item_id":50009,"number":2,"range":1,"rate":5000},{"reward_id":111,"reward_type":5,"item_id":1,"number":200,"range":0,"rate":10000},{"reward_id":111,"reward_type":5,"item_id":50013,"number":2,"range":1,"rate":5000},{"reward_id":112,"reward_type":5,"item_id":1,"number":200,"range":0,"rate":10000},{"reward_id":112,"reward_type":5,"item_id":50014,"number":2,"range":1,"rate":5000},{"reward_id":113,"reward_type":5,"item_id":1,"number":200,"range":0,"rate":10000},{"reward_id":113,"reward_type":5,"item_id":50002,"number":1,"range":0,"rate":1000},{"reward_id":114,"reward_type":5,"item_id":1,"number":200,"range":0,"rate":10000},{"reward_id":114,"reward_type":5,"item_id":50005,"number":1,"range":0,"rate":1000},{"reward_id":115,"reward_type":5,"item_id":1,"number":200,"range":0,"rate":10000},{"reward_id":115,"reward_type":5,"item_id":50003,"number":1,"range":0,"rate":200},{"reward_id":116,"reward_type":5,"item_id":1,"number":200,"range":0,"rate":10000},{"reward_id":116,"reward_type":5,"item_id":50006,"number":1,"range":0,"rate":200},{"reward_id":201,"reward_type":5,"item_id":3,"number":100,"range":0,"rate":10000},{"reward_id":202,"reward_type":5,"item_id":50005,"number":1,"range":0,"rate":10000},{"reward_id":203,"reward_type":5,"item_id":59005,"number":50,"range":0,"rate":10000},{"reward_id":204,"reward_type":5,"item_id":50011,"number":10,"range":0,"rate":10000},{"reward_id":205,"reward_type":5,"item_id":59005,"number":50,"range":0,"rate":10000},{"reward_id":206,"reward_type":5,"item_id":1,"number":100000,"range":0,"rate":10000},{"reward_id":207,"reward_type":5,"item_id":1,"number":100000,"range":0,"rate":10000},{"reward_id":208,"reward_type":5,"item_id":59002,"number":50,"range":0,"rate":10000},{"reward_id":209,"reward_type":5,"item_id":59005,"number":50,"range":0,"rate":10000},{"reward_id":210,"reward_type":5,"item_id":59003,"number":50,"range":0,"rate":10000},{"reward_id":211,"reward_type":5,"item_id":1,"number":100000,"range":0,"rate":10000},{"reward_id":212,"reward_type":5,"item_id":3,"number":125,"range":0,"rate":10000},{"reward_id":213,"reward_type":5,"item_id":50005,"number":1,"range":0,"rate":10000},{"reward_id":214,"reward_type":5,"item_id":59004,"number":50,"range":0,"rate":10000},{"reward_id":215,"reward_type":5,"item_id":50005,"number":1,"range":0,"rate":10000},{"reward_id":216,"reward_type":5,"item_id":50001,"number":1,"range":0,"rate":10000},{"reward_id":217,"reward_type":5,"item_id":50016,"number":10,"range":0,"rate":10000},{"reward_id":218,"reward_type":5,"item_id":1,"number":100000,"range":0,"rate":10000},{"reward_id":219,"reward_type":5,"item_id":1,"number":100000,"range":0,"rate":10000},{"reward_id":220,"reward_type":5,"item_id":59003,"number":50,"range":0,"rate":10000},{"reward_id":221,"reward_type":5,"item_id":59004,"number":50,"range":0,"rate":10000},{"reward_id":222,"reward_type":5,"item_id":50002,"number":1,"range":0,"rate":10000},{"reward_id":223,"reward_type":5,"item_id":50002,"number":1,"range":0,"rate":10000},{"reward_id":224,"reward_type":5,"item_id":1,"number":100000,"range":0,"rate":10000},{"reward_id":225,"reward_type":5,"item_id":1,"number":100000,"range":0,"rate":10000},{"reward_id":226,"reward_type":5,"item_id":3,"number":150,"range":0,"rate":10000},{"reward_id":227,"reward_type":5,"item_id":50001,"number":1,"range":0,"rate":10000},{"reward_id":228,"reward_type":5,"item_id":50002,"number":1,"range":0,"rate":10000},{"reward_id":229,"reward_type":5,"item_id":1,"number":100000,"range":0,"rate":10000},{"reward_id":230,"reward_type":5,"item_id":50005,"number":1,"range":0,"rate":10000},{"reward_id":231,"reward_type":5,"item_id":50002,"number":1,"range":0,"rate":10000},{"reward_id":232,"reward_type":5,"item_id":59006,"number":50,"range":0,"rate":10000},{"reward_id":233,"reward_type":5,"item_id":1,"number":100000,"range":0,"rate":10000},{"reward_id":234,"reward_type":5,"item_id":50001,"number":1,"range":0,"rate":10000},{"reward_id":235,"reward_type":5,"item_id":50005,"number":1,"range":0,"rate":10000},{"reward_id":236,"reward_type":5,"item_id":1,"number":100000,"range":0,"rate":10000},{"reward_id":237,"reward_type":5,"item_id":1,"number":100000,"range":0,"rate":10000},{"reward_id":238,"reward_type":5,"item_id":1,"number":100000,"range":0,"rate":10000},{"reward_id":239,"reward_type":5,"item_id":1,"number":100000,"range":0,"rate":10000},{"reward_id":240,"reward_type":5,"item_id":1,"number":100000,"range":0,"rate":10000},{"reward_id":241,"reward_type":5,"item_id":59006,"number":50,"range":0,"rate":10000},{"reward_id":242,"reward_type":5,"item_id":50005,"number":1,"range":0,"rate":10000},{"reward_id":243,"reward_type":5,"item_id":1,"number":100000,"range":0,"rate":10000},{"reward_id":244,"reward_type":5,"item_id":1,"number":100000,"range":0,"rate":10000},{"reward_id":245,"reward_type":5,"item_id":3,"number":175,"range":0,"rate":10000},{"reward_id":246,"reward_type":5,"item_id":50001,"number":1,"range":0,"rate":10000},{"reward_id":247,"reward_type":5,"item_id":59007,"number":50,"range":0,"rate":10000},{"reward_id":248,"reward_type":5,"item_id":1,"number":100000,"range":0,"rate":10000},{"reward_id":249,"reward_type":5,"item_id":59009,"number":50,"range":0,"rate":10000},{"reward_id":250,"reward_type":5,"item_id":59010,"number":50,"range":0,"rate":10000},{"reward_id":251,"reward_type":5,"item_id":50005,"number":1,"range":0,"rate":10000},{"reward_id":252,"reward_type":5,"item_id":50005,"number":1,"range":0,"rate":10000},{"reward_id":253,"reward_type":5,"item_id":50005,"number":1,"range":0,"rate":10000},{"reward_id":254,"reward_type":5,"item_id":1,"number":100000,"range":0,"rate":10000},{"reward_id":255,"reward_type":5,"item_id":50002,"number":1,"range":0,"rate":10000},{"reward_id":256,"reward_type":5,"item_id":50002,"number":1,"range":0,"rate":10000},{"reward_id":257,"reward_type":5,"item_id":50002,"number":1,"range":0,"rate":10000},{"reward_id":258,"reward_type":5,"item_id":50005,"number":1,"range":0,"rate":10000},{"reward_id":259,"reward_type":5,"item_id":50002,"number":1,"range":0,"rate":10000},{"reward_id":260,"reward_type":5,"item_id":1,"number":100000,"range":0,"rate":10000},{"reward_id":261,"reward_type":5,"item_id":50011,"number":10,"range":0,"rate":10000},{"reward_id":262,"reward_type":5,"item_id":1,"number":100000,"range":0,"rate":10000},{"reward_id":263,"reward_type":5,"item_id":50006,"number":1,"range":0,"rate":10000},{"reward_id":264,"reward_type":5,"item_id":1,"number":100000,"range":0,"rate":10000},{"reward_id":265,"reward_type":5,"item_id":3,"number":200,"range":0,"rate":10000},{"reward_id":266,"reward_type":5,"item_id":50001,"number":1,"range":0,"rate":10000},{"reward_id":267,"reward_type":5,"item_id":1,"number":100000,"range":0,"rate":10000},{"reward_id":268,"reward_type":5,"item_id":1,"number":100000,"range":0,"rate":10000},{"reward_id":269,"reward_type":5,"item_id":50002,"number":1,"range":0,"rate":10000},{"reward_id":270,"reward_type":5,"item_id":50002,"number":1,"range":0,"rate":10000},{"reward_id":271,"reward_type":5,"item_id":50005,"number":1,"range":0,"rate":10000},{"reward_id":272,"reward_type":5,"item_id":50005,"number":1,"range":0,"rate":10000},{"reward_id":273,"reward_type":5,"item_id":50005,"number":1,"range":0,"rate":10000},{"reward_id":274,"reward_type":5,"item_id":1,"number":100000,"range":0,"rate":10000},{"reward_id":275,"reward_type":5,"item_id":50002,"number":1,"range":0,"rate":10000},{"reward_id":276,"reward_type":5,"item_id":50002,"number":1,"range":0,"rate":10000},{"reward_id":277,"reward_type":5,"item_id":50002,"number":1,"range":0,"rate":10000},{"reward_id":278,"reward_type":5,"item_id":50005,"number":1,"range":0,"rate":10000},{"reward_id":279,"reward_type":5,"item_id":50002,"number":1,"range":0,"rate":10000},{"reward_id":280,"reward_type":5,"item_id":1,"number":100000,"range":0,"rate":10000},{"reward_id":281,"reward_type":5,"item_id":50015,"number":10,"range":0,"rate":10000},{"reward_id":282,"reward_type":5,"item_id":1,"number":100000,"range":0,"rate":10000},{"reward_id":283,"reward_type":5,"item_id":50006,"number":1,"range":0,"rate":10000},{"reward_id":284,"reward_type":5,"item_id":1,"number":100000,"range":0,"rate":10000},{"reward_id":285,"reward_type":5,"item_id":50001,"number":1,"range":0,"rate":10000},{"reward_id":286,"reward_type":5,"item_id":3,"number":225,"range":0,"rate":10000},{"reward_id":287,"reward_type":5,"item_id":59001,"number":20,"range":0,"rate":10000},{"reward_id":288,"reward_type":5,"item_id":1,"number":100000,"range":0,"rate":10000},{"reward_id":289,"reward_type":5,"item_id":50002,"number":1,"range":0,"rate":10000},{"reward_id":290,"reward_type":5,"item_id":50002,"number":1,"range":0,"rate":10000},{"reward_id":291,"reward_type":5,"item_id":50005,"number":1,"range":0,"rate":10000},{"reward_id":292,"reward_type":5,"item_id":50005,"number":1,"range":0,"rate":10000},{"reward_id":293,"reward_type":5,"item_id":50005,"number":1,"range":0,"rate":10000},{"reward_id":294,"reward_type":5,"item_id":1,"number":100000,"range":0,"rate":10000},{"reward_id":295,"reward_type":5,"item_id":50002,"number":1,"range":0,"rate":10000},{"reward_id":296,"reward_type":5,"item_id":50002,"number":1,"range":0,"rate":10000},{"reward_id":297,"reward_type":5,"item_id":50002,"number":1,"range":0,"rate":10000},{"reward_id":298,"reward_type":5,"item_id":50005,"number":1,"range":0,"rate":10000},{"reward_id":299,"reward_type":5,"item_id":59001,"number":20,"range":0,"rate":10000},{"reward_id":300,"reward_type":5,"item_id":1,"number":100000,"range":0,"rate":10000},{"reward_id":301,"reward_type":5,"item_id":50015,"number":10,"range":0,"rate":10000},{"reward_id":302,"reward_type":5,"item_id":1,"number":100000,"range":0,"rate":10000},{"reward_id":303,"reward_type":5,"item_id":50006,"number":1,"range":0,"rate":10000},{"reward_id":304,"reward_type":5,"item_id":1,"number":100000,"range":0,"rate":10000},{"reward_id":305,"reward_type":5,"item_id":50001,"number":1,"range":0,"rate":10000},{"reward_id":306,"reward_type":5,"item_id":3,"number":225,"range":0,"rate":10000},{"reward_id":307,"reward_type":5,"item_id":59001,"number":20,"range":0,"rate":10000},{"reward_id":308,"reward_type":5,"item_id":1,"number":100000,"range":0,"rate":10000},{"reward_id":309,"reward_type":5,"item_id":50006,"number":1,"range":0,"rate":10000},{"reward_id":310,"reward_type":5,"item_id":1,"number":100000,"range":0,"rate":10000},{"reward_id":311,"reward_type":5,"item_id":59016,"number":50,"range":0,"rate":10000},{"reward_id":312,"reward_type":5,"item_id":59017,"number":50,"range":0,"rate":10000},{"reward_id":313,"reward_type":5,"item_id":1,"number":100000,"range":0,"rate":10000},{"reward_id":314,"reward_type":5,"item_id":59016,"number":50,"range":0,"rate":10000},{"reward_id":315,"reward_type":5,"item_id":59017,"number":50,"range":0,"rate":10000},{"reward_id":316,"reward_type":5,"item_id":50005,"number":1,"range":0,"rate":10000},{"reward_id":317,"reward_type":5,"item_id":59008,"number":20,"range":0,"rate":10000},{"reward_id":318,"reward_type":5,"item_id":1,"number":100000,"range":0,"rate":10000},{"reward_id":319,"reward_type":5,"item_id":50001,"number":1,"range":0,"rate":10000},{"reward_id":320,"reward_type":5,"item_id":1,"number":100000,"range":0,"rate":10000},{"reward_id":321,"reward_type":5,"item_id":50005,"number":1,"range":0,"rate":10000},{"reward_id":322,"reward_type":5,"item_id":1,"number":100000,"range":0,"rate":10000},{"reward_id":323,"reward_type":5,"item_id":1,"number":100000,"range":0,"rate":10000},{"reward_id":324,"reward_type":5,"item_id":3,"number":275,"range":0,"rate":10000},{"reward_id":325,"reward_type":5,"item_id":59008,"number":20,"range":0,"rate":10000},{"reward_id":326,"reward_type":5,"item_id":1,"number":100000,"range":0,"rate":10000},{"reward_id":327,"reward_type":5,"item_id":50006,"number":1,"range":0,"rate":10000},{"reward_id":328,"reward_type":5,"item_id":1,"number":100000,"range":0,"rate":10000},{"reward_id":329,"reward_type":5,"item_id":59018,"number":50,"range":0,"rate":10000},{"reward_id":330,"reward_type":5,"item_id":59019,"number":50,"range":0,"rate":10000},{"reward_id":331,"reward_type":5,"item_id":1,"number":100000,"range":0,"rate":10000},{"reward_id":332,"reward_type":5,"item_id":59018,"number":50,"range":0,"rate":10000},{"reward_id":333,"reward_type":5,"item_id":59019,"number":50,"range":0,"rate":10000},{"reward_id":334,"reward_type":5,"item_id":50005,"number":1,"range":0,"rate":10000},{"reward_id":335,"reward_type":5,"item_id":59008,"number":20,"range":0,"rate":10000},{"reward_id":336,"reward_type":5,"item_id":1,"number":100000,"range":0,"rate":10000},{"reward_id":337,"reward_type":5,"item_id":50001,"number":1,"range":0,"rate":10000},{"reward_id":338,"reward_type":5,"item_id":1,"number":100000,"range":0,"rate":10000},{"reward_id":339,"reward_type":5,"item_id":50005,"number":1,"range":0,"rate":10000},{"reward_id":340,"reward_type":5,"item_id":1,"number":100000,"range":0,"rate":10000},{"reward_id":341,"reward_type":5,"item_id":1,"number":100000,"range":0,"rate":10000},{"reward_id":342,"reward_type":5,"item_id":1,"number":100000,"range":0,"rate":10000},{"reward_id":343,"reward_type":8,"item_id":800012,"number":604800,"range":0,"rate":10000},{"reward_id":343,"reward_type":8,"item_id":800022,"number":604800,"range":0,"rate":10000},{"reward_id":343,"reward_type":8,"item_id":800032,"number":604800,"range":0,"rate":10000},{"reward_id":343,"reward_type":8,"item_id":800042,"number":604800,"range":0,"rate":10000},{"reward_id":343,"reward_type":8,"item_id":800052,"number":604800,"range":0,"rate":10000},{"reward_id":343,"reward_type":8,"item_id":800062,"number":604800,"range":0,"rate":10000},{"reward_id":343,"reward_type":8,"item_id":800072,"number":604800,"range":0,"rate":10000},{"reward_id":343,"reward_type":8,"item_id":800082,"number":604800,"range":0,"rate":10000},{"reward_id":343,"reward_type":8,"item_id":800092,"number":604800,"range":0,"rate":10000},{"reward_id":343,"reward_type":8,"item_id":800102,"number":604800,"range":0,"rate":10000},{"reward_id":343,"reward_type":8,"item_id":800112,"number":604800,"range":0,"rate":10000},{"reward_id":343,"reward_type":8,"item_id":800122,"number":604800,"range":0,"rate":10000},{"reward_id":343,"reward_type":8,"item_id":800132,"number":604800,"range":0,"rate":10000},{"reward_id":343,"reward_type":8,"item_id":800142,"number":604800,"range":0,"rate":10000},{"reward_id":343,"reward_type":8,"item_id":800152,"number":604800,"range":0,"rate":10000},{"reward_id":343,"reward_type":8,"item_id":800162,"number":604800,"range":0,"rate":10000},{"reward_id":343,"reward_type":8,"item_id":800172,"number":604800,"range":0,"rate":10000},{"reward_id":343,"reward_type":8,"item_id":800182,"number":604800,"range":0,"rate":10000},{"reward_id":343,"reward_type":8,"item_id":800192,"number":604800,"range":0,"rate":10000},{"reward_id":343,"reward_type":8,"item_id":800202,"number":604800,"range":0,"rate":10000},{"reward_id":343,"reward_type":8,"item_id":800212,"number":604800,"range":0,"rate":10000},{"reward_id":343,"reward_type":8,"item_id":800222,"number":604800,"range":0,"rate":10000},{"reward_id":343,"reward_type":8,"item_id":800232,"number":604800,"range":0,"rate":10000},{"reward_id":343,"reward_type":8,"item_id":800242,"number":604800,"range":0,"rate":10000},{"reward_id":343,"reward_type":8,"item_id":800252,"number":604800,"range":0,"rate":10000},{"reward_id":343,"reward_type":8,"item_id":800262,"number":604800,"range":0,"rate":10000},{"reward_id":343,"reward_type":8,"item_id":800272,"number":604800,"range":0,"rate":10000},{"reward_id":343,"reward_type":8,"item_id":800282,"number":604800,"range":0,"rate":10000},{"reward_id":343,"reward_type":8,"item_id":800292,"number":604800,"range":0,"rate":10000},{"reward_id":343,"reward_type":8,"item_id":800302,"number":604800,"range":0,"rate":10000},{"reward_id":343,"reward_type":8,"item_id":800312,"number":604800,"range":0,"rate":10000},{"reward_id":343,"reward_type":8,"item_id":800322,"number":604800,"range":0,"rate":10000},{"reward_id":343,"reward_type":8,"item_id":800332,"number":604800,"range":0,"rate":10000},{"reward_id":343,"reward_type":8,"item_id":800342,"number":604800,"range":0,"rate":10000},{"reward_id":343,"reward_type":8,"item_id":800352,"number":604800,"range":0,"rate":10000},{"reward_id":343,"reward_type":8,"item_id":800362,"number":604800,"range":0,"rate":10000},{"reward_id":343,"reward_type":8,"item_id":800372,"number":604800,"range":0,"rate":10000},{"reward_id":343,"reward_type":8,"item_id":800382,"number":604800,"range":0,"rate":10000},{"reward_id":343,"reward_type":8,"item_id":800392,"number":604800,"range":0,"rate":10000},{"reward_id":343,"reward_type":8,"item_id":800402,"number":604800,"range":0,"rate":10000},{"reward_id":343,"reward_type":8,"item_id":800412,"number":604800,"range":0,"rate":10000},{"reward_id":343,"reward_type":8,"item_id":800422,"number":604800,"range":0,"rate":10000},{"reward_id":343,"reward_type":8,"item_id":800432,"number":604800,"range":0,"rate":10000},{"reward_id":343,"reward_type":8,"item_id":800442,"number":604800,"range":0,"rate":10000},{"reward_id":343,"reward_type":8,"item_id":800452,"number":604800,"range":0,"rate":10000},{"reward_id":343,"reward_type":8,"item_id":800462,"number":604800,"range":0,"rate":10000},{"reward_id":343,"reward_type":8,"item_id":800472,"number":604800,"range":0,"rate":10000},{"reward_id":343,"reward_type":8,"item_id":800482,"number":604800,"range":0,"rate":10000},{"reward_id":343,"reward_type":8,"item_id":800492,"number":604800,"range":0,"rate":10000},{"reward_id":343,"reward_type":8,"item_id":800502,"number":604800,"range":0,"rate":10000},{"reward_id":343,"reward_type":8,"item_id":800512,"number":604800,"range":0,"rate":10000},{"reward_id":343,"reward_type":8,"item_id":800522,"number":604800,"range":0,"rate":10000},{"reward_id":343,"reward_type":8,"item_id":800532,"number":604800,"range":0,"rate":10000},{"reward_id":343,"reward_type":8,"item_id":800542,"number":604800,"range":0,"rate":10000},{"reward_id":343,"reward_type":8,"item_id":800552,"number":604800,"range":0,"rate":10000},{"reward_id":343,"reward_type":8,"item_id":800562,"number":604800,"range":0,"rate":10000},{"reward_id":343,"reward_type":8,"item_id":800572,"number":604800,"range":0,"rate":10000},{"reward_id":343,"reward_type":8,"item_id":800582,"number":604800,"range":0,"rate":10000},{"reward_id":343,"reward_type":8,"item_id":800592,"number":604800,"range":0,"rate":10000},{"reward_id":343,"reward_type":8,"item_id":800602,"number":604800,"range":0,"rate":10000},{"reward_id":343,"reward_type":8,"item_id":800612,"number":604800,"range":0,"rate":10000},{"reward_id":343,"reward_type":8,"item_id":800622,"number":604800,"range":0,"rate":10000},{"reward_id":343,"reward_type":8,"item_id":850012,"number":604800,"range":0,"rate":10000},{"reward_id":343,"reward_type":8,"item_id":850022,"number":604800,"range":0,"rate":10000},{"reward_id":343,"reward_type":8,"item_id":850032,"number":604800,"range":0,"rate":10000},{"reward_id":343,"reward_type":8,"item_id":850042,"number":604800,"range":0,"rate":10000},{"reward_id":343,"reward_type":8,"item_id":850052,"number":604800,"range":0,"rate":10000},{"reward_id":343,"reward_type":8,"item_id":850062,"number":604800,"range":0,"rate":10000},{"reward_id":343,"reward_type":8,"item_id":850072,"number":604800,"range":0,"rate":10000},{"reward_id":343,"reward_type":8,"item_id":850082,"number":604800,"range":0,"rate":10000},{"reward_id":343,"reward_type":8,"item_id":850092,"number":604800,"range":0,"rate":10000},{"reward_id":343,"reward_type":8,"item_id":850102,"number":604800,"range":0,"rate":10000},{"reward_id":343,"reward_type":8,"item_id":850112,"number":604800,"range":0,"rate":10000},{"reward_id":343,"reward_type":8,"item_id":850122,"number":604800,"range":0,"rate":10000},{"reward_id":343,"reward_type":8,"item_id":850132,"number":604800,"range":0,"rate":10000},{"reward_id":343,"reward_type":8,"item_id":850142,"number":604800,"range":0,"rate":10000},{"reward_id":343,"reward_type":8,"item_id":850152,"number":604800,"range":0,"rate":10000},{"reward_id":343,"reward_type":8,"item_id":850162,"number":604800,"range":0,"rate":10000},{"reward_id":343,"reward_type":8,"item_id":850172,"number":604800,"range":0,"rate":10000},{"reward_id":343,"reward_type":8,"item_id":850182,"number":604800,"range":0,"rate":10000},{"reward_id":343,"reward_type":8,"item_id":850192,"number":604800,"range":0,"rate":10000},{"reward_id":343,"reward_type":8,"item_id":850202,"number":604800,"range":0,"rate":10000},{"reward_id":343,"reward_type":8,"item_id":850212,"number":604800,"range":0,"rate":10000},{"reward_id":343,"reward_type":8,"item_id":850222,"number":604800,"range":0,"rate":10000},{"reward_id":344,"reward_type":8,"item_id":800013,"number":604800,"range":0,"rate":10000},{"reward_id":344,"reward_type":8,"item_id":800023,"number":604800,"range":0,"rate":10000},{"reward_id":344,"reward_type":8,"item_id":800033,"number":604800,"range":0,"rate":10000},{"reward_id":344,"reward_type":8,"item_id":800043,"number":604800,"range":0,"rate":10000},{"reward_id":344,"reward_type":8,"item_id":800053,"number":604800,"range":0,"rate":10000},{"reward_id":344,"reward_type":8,"item_id":800063,"number":604800,"range":0,"rate":10000},{"reward_id":344,"reward_type":8,"item_id":800073,"number":604800,"range":0,"rate":10000},{"reward_id":344,"reward_type":8,"item_id":800083,"number":604800,"range":0,"rate":10000},{"reward_id":344,"reward_type":8,"item_id":800093,"number":604800,"range":0,"rate":10000},{"reward_id":344,"reward_type":8,"item_id":800103,"number":604800,"range":0,"rate":10000},{"reward_id":344,"reward_type":8,"item_id":800113,"number":604800,"range":0,"rate":10000},{"reward_id":344,"reward_type":8,"item_id":800123,"number":604800,"range":0,"rate":10000},{"reward_id":344,"reward_type":8,"item_id":800133,"number":604800,"range":0,"rate":10000},{"reward_id":344,"reward_type":8,"item_id":800143,"number":604800,"range":0,"rate":10000},{"reward_id":344,"reward_type":8,"item_id":800153,"number":604800,"range":0,"rate":10000},{"reward_id":344,"reward_type":8,"item_id":800163,"number":604800,"range":0,"rate":10000},{"reward_id":344,"reward_type":8,"item_id":800173,"number":604800,"range":0,"rate":10000},{"reward_id":344,"reward_type":8,"item_id":800183,"number":604800,"range":0,"rate":10000},{"reward_id":344,"reward_type":8,"item_id":800193,"number":604800,"range":0,"rate":10000},{"reward_id":344,"reward_type":8,"item_id":800203,"number":604800,"range":0,"rate":10000},{"reward_id":344,"reward_type":8,"item_id":800213,"number":604800,"range":0,"rate":10000},{"reward_id":344,"reward_type":8,"item_id":800223,"number":604800,"range":0,"rate":10000},{"reward_id":344,"reward_type":8,"item_id":800233,"number":604800,"range":0,"rate":10000},{"reward_id":344,"reward_type":8,"item_id":800243,"number":604800,"range":0,"rate":10000},{"reward_id":344,"reward_type":8,"item_id":800253,"number":604800,"range":0,"rate":10000},{"reward_id":344,"reward_type":8,"item_id":800263,"number":604800,"range":0,"rate":10000},{"reward_id":344,"reward_type":8,"item_id":800273,"number":604800,"range":0,"rate":10000},{"reward_id":344,"reward_type":8,"item_id":800283,"number":604800,"range":0,"rate":10000},{"reward_id":344,"reward_type":8,"item_id":800293,"number":604800,"range":0,"rate":10000},{"reward_id":344,"reward_type":8,"item_id":800303,"number":604800,"range":0,"rate":10000},{"reward_id":344,"reward_type":8,"item_id":800313,"number":604800,"range":0,"rate":10000},{"reward_id":344,"reward_type":8,"item_id":800323,"number":604800,"range":0,"rate":10000},{"reward_id":344,"reward_type":8,"item_id":800333,"number":604800,"range":0,"rate":10000},{"reward_id":344,"reward_type":8,"item_id":800343,"number":604800,"range":0,"rate":10000},{"reward_id":344,"reward_type":8,"item_id":800353,"number":604800,"range":0,"rate":10000},{"reward_id":344,"reward_type":8,"item_id":800363,"number":604800,"range":0,"rate":10000},{"reward_id":344,"reward_type":8,"item_id":800373,"number":604800,"range":0,"rate":10000},{"reward_id":344,"reward_type":8,"item_id":800383,"number":604800,"range":0,"rate":10000},{"reward_id":344,"reward_type":8,"item_id":800393,"number":604800,"range":0,"rate":10000},{"reward_id":344,"reward_type":8,"item_id":800403,"number":604800,"range":0,"rate":10000},{"reward_id":344,"reward_type":8,"item_id":800413,"number":604800,"range":0,"rate":10000},{"reward_id":344,"reward_type":8,"item_id":800423,"number":604800,"range":0,"rate":10000},{"reward_id":344,"reward_type":8,"item_id":800433,"number":604800,"range":0,"rate":10000},{"reward_id":344,"reward_type":8,"item_id":800443,"number":604800,"range":0,"rate":10000},{"reward_id":344,"reward_type":8,"item_id":800453,"number":604800,"range":0,"rate":10000},{"reward_id":344,"reward_type":8,"item_id":800463,"number":604800,"range":0,"rate":10000},{"reward_id":344,"reward_type":8,"item_id":800473,"number":604800,"range":0,"rate":10000},{"reward_id":344,"reward_type":8,"item_id":800483,"number":604800,"range":0,"rate":10000},{"reward_id":344,"reward_type":8,"item_id":800493,"number":604800,"range":0,"rate":10000},{"reward_id":344,"reward_type":8,"item_id":800503,"number":604800,"range":0,"rate":10000},{"reward_id":344,"reward_type":8,"item_id":800513,"number":604800,"range":0,"rate":10000},{"reward_id":344,"reward_type":8,"item_id":800523,"number":604800,"range":0,"rate":10000},{"reward_id":344,"reward_type":8,"item_id":800533,"number":604800,"range":0,"rate":10000},{"reward_id":344,"reward_type":8,"item_id":800543,"number":604800,"range":0,"rate":10000},{"reward_id":344,"reward_type":8,"item_id":800553,"number":604800,"range":0,"rate":10000},{"reward_id":344,"reward_type":8,"item_id":800563,"number":604800,"range":0,"rate":10000},{"reward_id":344,"reward_type":8,"item_id":800573,"number":604800,"range":0,"rate":10000},{"reward_id":344,"reward_type":8,"item_id":800583,"number":604800,"range":0,"rate":10000},{"reward_id":344,"reward_type":8,"item_id":800593,"number":604800,"range":0,"rate":10000},{"reward_id":344,"reward_type":8,"item_id":800603,"number":604800,"range":0,"rate":10000},{"reward_id":344,"reward_type":8,"item_id":800613,"number":604800,"range":0,"rate":10000},{"reward_id":344,"reward_type":8,"item_id":800623,"number":604800,"range":0,"rate":10000},{"reward_id":344,"reward_type":8,"item_id":850013,"number":604800,"range":0,"rate":10000},{"reward_id":344,"reward_type":8,"item_id":850023,"number":604800,"range":0,"rate":10000},{"reward_id":344,"reward_type":8,"item_id":850033,"number":604800,"range":0,"rate":10000},{"reward_id":344,"reward_type":8,"item_id":850043,"number":604800,"range":0,"rate":10000},{"reward_id":344,"reward_type":8,"item_id":850053,"number":604800,"range":0,"rate":10000},{"reward_id":344,"reward_type":8,"item_id":850063,"number":604800,"range":0,"rate":10000},{"reward_id":344,"reward_type":8,"item_id":850073,"number":604800,"range":0,"rate":10000},{"reward_id":344,"reward_type":8,"item_id":850083,"number":604800,"range":0,"rate":10000},{"reward_id":344,"reward_type":8,"item_id":850093,"number":604800,"range":0,"rate":10000},{"reward_id":344,"reward_type":8,"item_id":850103,"number":604800,"range":0,"rate":10000},{"reward_id":344,"reward_type":8,"item_id":850113,"number":604800,"range":0,"rate":10000},{"reward_id":344,"reward_type":8,"item_id":850123,"number":604800,"range":0,"rate":10000},{"reward_id":344,"reward_type":8,"item_id":850133,"number":604800,"range":0,"rate":10000},{"reward_id":344,"reward_type":8,"item_id":850143,"number":604800,"range":0,"rate":10000},{"reward_id":344,"reward_type":8,"item_id":850153,"number":604800,"range":0,"rate":10000},{"reward_id":344,"reward_type":8,"item_id":850163,"number":604800,"range":0,"rate":10000},{"reward_id":344,"reward_type":8,"item_id":850173,"number":604800,"range":0,"rate":10000},{"reward_id":344,"reward_type":8,"item_id":850183,"number":604800,"range":0,"rate":10000},{"reward_id":344,"reward_type":8,"item_id":850193,"number":604800,"range":0,"rate":10000},{"reward_id":344,"reward_type":8,"item_id":850203,"number":604800,"range":0,"rate":10000},{"reward_id":344,"reward_type":8,"item_id":850213,"number":604800,"range":0,"rate":10000},{"reward_id":344,"reward_type":8,"item_id":850223,"number":604800,"range":0,"rate":10000},{"reward_id":345,"reward_type":8,"item_id":800014,"number":604800,"range":0,"rate":10000},{"reward_id":345,"reward_type":8,"item_id":800024,"number":604800,"range":0,"rate":10000},{"reward_id":345,"reward_type":8,"item_id":800034,"number":604800,"range":0,"rate":10000},{"reward_id":345,"reward_type":8,"item_id":800044,"number":604800,"range":0,"rate":10000},{"reward_id":345,"reward_type":8,"item_id":800054,"number":604800,"range":0,"rate":10000},{"reward_id":345,"reward_type":8,"item_id":800064,"number":604800,"range":0,"rate":10000},{"reward_id":345,"reward_type":8,"item_id":800074,"number":604800,"range":0,"rate":10000},{"reward_id":345,"reward_type":8,"item_id":800084,"number":604800,"range":0,"rate":10000},{"reward_id":345,"reward_type":8,"item_id":800094,"number":604800,"range":0,"rate":10000},{"reward_id":345,"reward_type":8,"item_id":800104,"number":604800,"range":0,"rate":10000},{"reward_id":345,"reward_type":8,"item_id":800114,"number":604800,"range":0,"rate":10000},{"reward_id":345,"reward_type":8,"item_id":800124,"number":604800,"range":0,"rate":10000},{"reward_id":345,"reward_type":8,"item_id":800134,"number":604800,"range":0,"rate":10000},{"reward_id":345,"reward_type":8,"item_id":800144,"number":604800,"range":0,"rate":10000},{"reward_id":345,"reward_type":8,"item_id":800154,"number":604800,"range":0,"rate":10000},{"reward_id":345,"reward_type":8,"item_id":800164,"number":604800,"range":0,"rate":10000},{"reward_id":345,"reward_type":8,"item_id":800174,"number":604800,"range":0,"rate":10000},{"reward_id":345,"reward_type":8,"item_id":800184,"number":604800,"range":0,"rate":10000},{"reward_id":345,"reward_type":8,"item_id":800194,"number":604800,"range":0,"rate":10000},{"reward_id":345,"reward_type":8,"item_id":800204,"number":604800,"range":0,"rate":10000},{"reward_id":345,"reward_type":8,"item_id":800214,"number":604800,"range":0,"rate":10000},{"reward_id":345,"reward_type":8,"item_id":800224,"number":604800,"range":0,"rate":10000},{"reward_id":345,"reward_type":8,"item_id":800234,"number":604800,"range":0,"rate":10000},{"reward_id":345,"reward_type":8,"item_id":800244,"number":604800,"range":0,"rate":10000},{"reward_id":345,"reward_type":8,"item_id":800254,"number":604800,"range":0,"rate":10000},{"reward_id":345,"reward_type":8,"item_id":800264,"number":604800,"range":0,"rate":10000},{"reward_id":345,"reward_type":8,"item_id":800274,"number":604800,"range":0,"rate":10000},{"reward_id":345,"reward_type":8,"item_id":800284,"number":604800,"range":0,"rate":10000},{"reward_id":345,"reward_type":8,"item_id":800294,"number":604800,"range":0,"rate":10000},{"reward_id":345,"reward_type":8,"item_id":800304,"number":604800,"range":0,"rate":10000},{"reward_id":345,"reward_type":8,"item_id":800314,"number":604800,"range":0,"rate":10000},{"reward_id":345,"reward_type":8,"item_id":800324,"number":604800,"range":0,"rate":10000},{"reward_id":345,"reward_type":8,"item_id":800334,"number":604800,"range":0,"rate":10000},{"reward_id":345,"reward_type":8,"item_id":800344,"number":604800,"range":0,"rate":10000},{"reward_id":345,"reward_type":8,"item_id":800354,"number":604800,"range":0,"rate":10000},{"reward_id":345,"reward_type":8,"item_id":800364,"number":604800,"range":0,"rate":10000},{"reward_id":345,"reward_type":8,"item_id":800374,"number":604800,"range":0,"rate":10000},{"reward_id":345,"reward_type":8,"item_id":800384,"number":604800,"range":0,"rate":10000},{"reward_id":345,"reward_type":8,"item_id":800394,"number":604800,"range":0,"rate":10000},{"reward_id":345,"reward_type":8,"item_id":800404,"number":604800,"range":0,"rate":10000},{"reward_id":345,"reward_type":8,"item_id":800414,"number":604800,"range":0,"rate":10000},{"reward_id":345,"reward_type":8,"item_id":800424,"number":604800,"range":0,"rate":10000},{"reward_id":345,"reward_type":8,"item_id":800434,"number":604800,"range":0,"rate":10000},{"reward_id":345,"reward_type":8,"item_id":800444,"number":604800,"range":0,"rate":10000},{"reward_id":345,"reward_type":8,"item_id":800454,"number":604800,"range":0,"rate":10000},{"reward_id":345,"reward_type":8,"item_id":800464,"number":604800,"range":0,"rate":10000},{"reward_id":345,"reward_type":8,"item_id":800474,"number":604800,"range":0,"rate":10000},{"reward_id":345,"reward_type":8,"item_id":800484,"number":604800,"range":0,"rate":10000},{"reward_id":345,"reward_type":8,"item_id":800494,"number":604800,"range":0,"rate":10000},{"reward_id":345,"reward_type":8,"item_id":800504,"number":604800,"range":0,"rate":10000},{"reward_id":345,"reward_type":8,"item_id":800514,"number":604800,"range":0,"rate":10000},{"reward_id":345,"reward_type":8,"item_id":800524,"number":604800,"range":0,"rate":10000},{"reward_id":345,"reward_type":8,"item_id":800534,"number":604800,"range":0,"rate":10000},{"reward_id":345,"reward_type":8,"item_id":800544,"number":604800,"range":0,"rate":10000},{"reward_id":345,"reward_type":8,"item_id":800554,"number":604800,"range":0,"rate":10000},{"reward_id":345,"reward_type":8,"item_id":800564,"number":604800,"range":0,"rate":10000},{"reward_id":345,"reward_type":8,"item_id":800574,"number":604800,"range":0,"rate":10000},{"reward_id":345,"reward_type":8,"item_id":800584,"number":604800,"range":0,"rate":10000},{"reward_id":345,"reward_type":8,"item_id":800594,"number":604800,"range":0,"rate":10000},{"reward_id":345,"reward_type":8,"item_id":800604,"number":604800,"range":0,"rate":10000},{"reward_id":345,"reward_type":8,"item_id":800614,"number":604800,"range":0,"rate":10000},{"reward_id":345,"reward_type":8,"item_id":800624,"number":604800,"range":0,"rate":10000},{"reward_id":345,"reward_type":8,"item_id":850014,"number":604800,"range":0,"rate":10000},{"reward_id":345,"reward_type":8,"item_id":850024,"number":604800,"range":0,"rate":10000},{"reward_id":345,"reward_type":8,"item_id":850034,"number":604800,"range":0,"rate":10000},{"reward_id":345,"reward_type":8,"item_id":850044,"number":604800,"range":0,"rate":10000},{"reward_id":345,"reward_type":8,"item_id":850054,"number":604800,"range":0,"rate":10000},{"reward_id":345,"reward_type":8,"item_id":850064,"number":604800,"range":0,"rate":10000},{"reward_id":345,"reward_type":8,"item_id":850074,"number":604800,"range":0,"rate":10000},{"reward_id":345,"reward_type":8,"item_id":850084,"number":604800,"range":0,"rate":10000},{"reward_id":345,"reward_type":8,"item_id":850094,"number":604800,"range":0,"rate":10000},{"reward_id":345,"reward_type":8,"item_id":850104,"number":604800,"range":0,"rate":10000},{"reward_id":345,"reward_type":8,"item_id":850114,"number":604800,"range":0,"rate":10000},{"reward_id":345,"reward_type":8,"item_id":850124,"number":604800,"range":0,"rate":10000},{"reward_id":345,"reward_type":8,"item_id":850134,"number":604800,"range":0,"rate":10000},{"reward_id":345,"reward_type":8,"item_id":850144,"number":604800,"range":0,"rate":10000},{"reward_id":345,"reward_type":8,"item_id":850154,"number":604800,"range":0,"rate":10000},{"reward_id":345,"reward_type":8,"item_id":850164,"number":604800,"range":0,"rate":10000},{"reward_id":345,"reward_type":8,"item_id":850174,"number":604800,"range":0,"rate":10000},{"reward_id":345,"reward_type":8,"item_id":850184,"number":604800,"range":0,"rate":10000},{"reward_id":345,"reward_type":8,"item_id":850194,"number":604800,"range":0,"rate":10000},{"reward_id":345,"reward_type":8,"item_id":850204,"number":604800,"range":0,"rate":10000},{"reward_id":345,"reward_type":8,"item_id":850214,"number":604800,"range":0,"rate":10000},{"reward_id":345,"reward_type":8,"item_id":850224,"number":604800,"range":0,"rate":10000},{"reward_id":346,"reward_type":5,"item_id":1,"number":150000,"range":0,"rate":10000},{"reward_id":347,"reward_type":5,"item_id":1,"number":150000,"range":0,"rate":10000},{"reward_id":348,"reward_type":5,"item_id":1,"number":150000,"range":0,"rate":10000},{"reward_id":349,"reward_type":5,"item_id":1,"number":150000,"range":0,"rate":10000},{"reward_id":350,"reward_type":5,"item_id":50018,"number":1,"range":0,"rate":10000},{"reward_id":351,"reward_type":5,"item_id":1,"number":150000,"range":0,"rate":10000},{"reward_id":352,"reward_type":5,"item_id":1,"number":150000,"range":0,"rate":10000},{"reward_id":353,"reward_type":5,"item_id":1,"number":150000,"range":0,"rate":10000},{"reward_id":354,"reward_type":5,"item_id":1,"number":150000,"range":0,"rate":10000},{"reward_id":355,"reward_type":5,"item_id":50003,"number":1,"range":0,"rate":10000},{"reward_id":356,"reward_type":5,"item_id":1,"number":150000,"range":0,"rate":10000},{"reward_id":357,"reward_type":5,"item_id":1,"number":150000,"range":0,"rate":10000},{"reward_id":358,"reward_type":5,"item_id":1,"number":150000,"range":0,"rate":10000},{"reward_id":359,"reward_type":5,"item_id":1,"number":150000,"range":0,"rate":10000},{"reward_id":360,"reward_type":5,"item_id":50018,"number":1,"range":0,"rate":10000},{"reward_id":361,"reward_type":5,"item_id":1,"number":150000,"range":0,"rate":10000},{"reward_id":362,"reward_type":5,"item_id":1,"number":150000,"range":0,"rate":10000},{"reward_id":363,"reward_type":5,"item_id":1,"number":150000,"range":0,"rate":10000},{"reward_id":364,"reward_type":5,"item_id":1,"number":150000,"range":0,"rate":10000},{"reward_id":365,"reward_type":5,"item_id":50003,"number":1,"range":0,"rate":10000},{"reward_id":366,"reward_type":5,"item_id":1,"number":150000,"range":0,"rate":10000},{"reward_id":367,"reward_type":5,"item_id":1,"number":150000,"range":0,"rate":10000},{"reward_id":368,"reward_type":5,"item_id":1,"number":150000,"range":0,"rate":10000},{"reward_id":369,"reward_type":5,"item_id":1,"number":150000,"range":0,"rate":10000},{"reward_id":370,"reward_type":5,"item_id":50018,"number":1,"range":0,"rate":10000},{"reward_id":371,"reward_type":5,"item_id":1,"number":150000,"range":0,"rate":10000},{"reward_id":372,"reward_type":5,"item_id":1,"number":150000,"range":0,"rate":10000},{"reward_id":373,"reward_type":5,"item_id":1,"number":150000,"range":0,"rate":10000},{"reward_id":374,"reward_type":5,"item_id":1,"number":150000,"range":0,"rate":10000},{"reward_id":375,"reward_type":5,"item_id":50003,"number":1,"range":0,"rate":10000},{"reward_id":376,"reward_type":5,"item_id":1,"number":150000,"range":0,"rate":10000},{"reward_id":377,"reward_type":5,"item_id":1,"number":150000,"range":0,"rate":10000},{"reward_id":378,"reward_type":5,"item_id":1,"number":150000,"range":0,"rate":10000},{"reward_id":379,"reward_type":5,"item_id":1,"number":150000,"range":0,"rate":10000},{"reward_id":380,"reward_type":5,"item_id":50019,"number":1,"range":0,"rate":10000},{"reward_id":381,"reward_type":5,"item_id":1,"number":150000,"range":0,"rate":10000},{"reward_id":382,"reward_type":5,"item_id":1,"number":150000,"range":0,"rate":10000},{"reward_id":383,"reward_type":5,"item_id":1,"number":150000,"range":0,"rate":10000},{"reward_id":384,"reward_type":5,"item_id":1,"number":150000,"range":0,"rate":10000},{"reward_id":385,"reward_type":5,"item_id":50003,"number":1,"range":0,"rate":10000},{"reward_id":386,"reward_type":5,"item_id":1,"number":150000,"range":0,"rate":10000},{"reward_id":387,"reward_type":5,"item_id":1,"number":150000,"range":0,"rate":10000},{"reward_id":388,"reward_type":5,"item_id":1,"number":150000,"range":0,"rate":10000},{"reward_id":389,"reward_type":5,"item_id":1,"number":150000,"range":0,"rate":10000},{"reward_id":390,"reward_type":5,"item_id":50019,"number":1,"range":0,"rate":10000},{"reward_id":391,"reward_type":5,"item_id":1,"number":150000,"range":0,"rate":10000},{"reward_id":392,"reward_type":5,"item_id":1,"number":150000,"range":0,"rate":10000},{"reward_id":393,"reward_type":5,"item_id":1,"number":150000,"range":0,"rate":10000},{"reward_id":394,"reward_type":5,"item_id":1,"number":150000,"range":0,"rate":10000},{"reward_id":395,"reward_type":5,"item_id":50003,"number":1,"range":0,"rate":10000},{"reward_id":396,"reward_type":5,"item_id":1,"number":150000,"range":0,"rate":10000},{"reward_id":397,"reward_type":5,"item_id":1,"number":150000,"range":0,"rate":10000},{"reward_id":398,"reward_type":5,"item_id":1,"number":150000,"range":0,"rate":10000},{"reward_id":399,"reward_type":5,"item_id":1,"number":150000,"range":0,"rate":10000},{"reward_id":400,"reward_type":5,"item_id":50019,"number":1,"range":0,"rate":10000},{"reward_id":401,"reward_type":5,"item_id":1,"number":150000,"range":0,"rate":10000},{"reward_id":402,"reward_type":5,"item_id":1,"number":150000,"range":0,"rate":10000},{"reward_id":403,"reward_type":5,"item_id":1,"number":150000,"range":0,"rate":10000},{"reward_id":404,"reward_type":5,"item_id":1,"number":150000,"range":0,"rate":10000},{"reward_id":405,"reward_type":5,"item_id":50004,"number":1,"range":0,"rate":10000},{"reward_id":406,"reward_type":5,"item_id":1,"number":150000,"range":0,"rate":10000},{"reward_id":407,"reward_type":5,"item_id":1,"number":150000,"range":0,"rate":10000},{"reward_id":408,"reward_type":5,"item_id":1,"number":150000,"range":0,"rate":10000},{"reward_id":409,"reward_type":5,"item_id":1,"number":150000,"range":0,"rate":10000},{"reward_id":410,"reward_type":5,"item_id":50019,"number":1,"range":0,"rate":10000},{"reward_id":411,"reward_type":5,"item_id":1,"number":150000,"range":0,"rate":10000},{"reward_id":412,"reward_type":5,"item_id":1,"number":150000,"range":0,"rate":10000},{"reward_id":413,"reward_type":5,"item_id":1,"number":150000,"range":0,"rate":10000},{"reward_id":414,"reward_type":5,"item_id":1,"number":150000,"range":0,"rate":10000},{"reward_id":415,"reward_type":5,"item_id":50004,"number":1,"range":0,"rate":10000},{"reward_id":416,"reward_type":5,"item_id":1,"number":150000,"range":0,"rate":10000},{"reward_id":417,"reward_type":5,"item_id":1,"number":150000,"range":0,"rate":10000},{"reward_id":418,"reward_type":5,"item_id":1,"number":150000,"range":0,"rate":10000},{"reward_id":419,"reward_type":5,"item_id":1,"number":150000,"range":0,"rate":10000},{"reward_id":420,"reward_type":5,"item_id":50019,"number":1,"range":0,"rate":10000},{"reward_id":421,"reward_type":5,"item_id":1,"number":150000,"range":0,"rate":10000},{"reward_id":422,"reward_type":5,"item_id":1,"number":150000,"range":0,"rate":10000},{"reward_id":423,"reward_type":5,"item_id":1,"number":150000,"range":0,"rate":10000},{"reward_id":424,"reward_type":5,"item_id":1,"number":150000,"range":0,"rate":10000},{"reward_id":425,"reward_type":5,"item_id":50004,"number":1,"range":0,"rate":10000},{"reward_id":426,"reward_type":5,"item_id":1,"number":150000,"range":0,"rate":10000},{"reward_id":427,"reward_type":5,"item_id":1,"number":150000,"range":0,"rate":10000},{"reward_id":428,"reward_type":5,"item_id":1,"number":150000,"range":0,"rate":10000},{"reward_id":429,"reward_type":5,"item_id":1,"number":150000,"range":0,"rate":10000},{"reward_id":430,"reward_type":5,"item_id":50019,"number":1,"range":0,"rate":10000},{"reward_id":431,"reward_type":5,"item_id":1,"number":150000,"range":0,"rate":10000},{"reward_id":432,"reward_type":5,"item_id":1,"number":150000,"range":0,"rate":10000},{"reward_id":433,"reward_type":5,"item_id":1,"number":150000,"range":0,"rate":10000},{"reward_id":434,"reward_type":5,"item_id":1,"number":150000,"range":0,"rate":10000},{"reward_id":435,"reward_type":5,"item_id":50004,"number":1,"range":0,"rate":10000},{"reward_id":436,"reward_type":5,"item_id":1,"number":150000,"range":0,"rate":10000},{"reward_id":437,"reward_type":5,"item_id":1,"number":150000,"range":0,"rate":10000},{"reward_id":438,"reward_type":5,"item_id":1,"number":150000,"range":0,"rate":10000},{"reward_id":439,"reward_type":5,"item_id":1,"number":150000,"range":0,"rate":10000},{"reward_id":440,"reward_type":5,"item_id":50019,"number":1,"range":0,"rate":10000},{"reward_id":441,"reward_type":5,"item_id":1,"number":150000,"range":0,"rate":10000},{"reward_id":442,"reward_type":5,"item_id":1,"number":150000,"range":0,"rate":10000},{"reward_id":443,"reward_type":5,"item_id":1,"number":150000,"range":0,"rate":10000},{"reward_id":444,"reward_type":5,"item_id":1,"number":150000,"range":0,"rate":10000},{"reward_id":445,"reward_type":5,"item_id":50004,"number":1,"range":0,"rate":10000},{"reward_id":446,"reward_type":5,"item_id":1,"number":200000,"range":0,"rate":10000},{"reward_id":447,"reward_type":5,"item_id":59014,"number":50,"range":0,"rate":10000},{"reward_id":448,"reward_type":5,"item_id":59012,"number":50,"range":0,"rate":10000},{"reward_id":449,"reward_type":5,"item_id":3,"number":325,"range":0,"rate":10000},{"reward_id":450,"reward_type":5,"item_id":3,"number":350,"range":0,"rate":10000},{"reward_id":451,"reward_type":5,"item_id":3,"number":375,"range":0,"rate":10000},{"reward_id":452,"reward_type":5,"item_id":3,"number":400,"range":0,"rate":10000},{"reward_id":453,"reward_type":5,"item_id":3,"number":425,"range":0,"rate":10000},{"reward_id":454,"reward_type":5,"item_id":3,"number":450,"range":0,"rate":10000},{"reward_id":455,"reward_type":5,"item_id":3,"number":475,"range":0,"rate":10000},{"reward_id":456,"reward_type":5,"item_id":59013,"number":50,"range":0,"rate":10000},{"reward_id":457,"reward_type":5,"item_id":59020,"number":50,"range":0,"rate":10000},{"reward_id":458,"reward_type":5,"item_id":59046,"number":50,"range":0,"rate":10000},{"reward_id":459,"reward_type":5,"item_id":59048,"number":50,"range":0,"rate":10000},{"reward_id":460,"reward_type":5,"item_id":59041,"number":50,"range":0,"rate":10000},{"reward_id":461,"reward_type":5,"item_id":59043,"number":50,"range":0,"rate":10000},{"reward_id":462,"reward_type":5,"item_id":59044,"number":50,"range":0,"rate":10000},{"reward_id":463,"reward_type":5,"item_id":59042,"number":50,"range":0,"rate":10000},{"reward_id":464,"reward_type":5,"item_id":59045,"number":50,"range":0,"rate":10000},{"reward_id":465,"reward_type":5,"item_id":59047,"number":50,"range":0,"rate":10000},{"reward_id":466,"reward_type":5,"item_id":3,"number":100,"range":0,"rate":10000},{"reward_id":467,"reward_type":5,"item_id":7,"number":100,"range":0,"rate":10000},{"reward_id":468,"reward_type":6,"item_id":1001,"number":1,"range":0,"rate":10000},{"reward_id":469,"reward_type":6,"item_id":1002,"number":1,"range":0,"rate":10000},{"reward_id":470,"reward_type":6,"item_id":1003,"number":1,"range":0,"rate":10000},{"reward_id":471,"reward_type":6,"item_id":1004,"number":1,"range":0,"rate":10000},{"reward_id":472,"reward_type":6,"item_id":1005,"number":1,"range":0,"rate":10000},{"reward_id":473,"reward_type":6,"item_id":1006,"number":1,"range":0,"rate":10000},{"reward_id":474,"reward_type":5,"item_id":50002,"number":5,"range":0,"rate":10000},{"reward_id":475,"reward_type":5,"item_id":50006,"number":10,"range":0,"rate":10000},{"reward_id":475,"reward_type":5,"item_id":50003,"number":1,"range":0,"rate":10000},{"reward_id":475,"reward_type":5,"item_id":3,"number":20,"range":0,"rate":10000},{"reward_id":476,"reward_type":5,"item_id":50006,"number":10,"range":0,"rate":10000},{"reward_id":476,"reward_type":5,"item_id":50003,"number":1,"range":0,"rate":10000},{"reward_id":476,"reward_type":5,"item_id":3,"number":15,"range":0,"rate":10000},{"reward_id":477,"reward_type":5,"item_id":50006,"number":10,"range":0,"rate":10000},{"reward_id":477,"reward_type":5,"item_id":50003,"number":1,"range":0,"rate":10000},{"reward_id":477,"reward_type":5,"item_id":3,"number":10,"range":0,"rate":10000},{"reward_id":478,"reward_type":5,"item_id":50006,"number":8,"range":0,"rate":10000},{"reward_id":478,"reward_type":5,"item_id":50003,"number":1,"range":0,"rate":10000},{"reward_id":478,"reward_type":5,"item_id":3,"number":10,"range":0,"rate":10000},{"reward_id":479,"reward_type":5,"item_id":50006,"number":8,"range":0,"rate":10000},{"reward_id":479,"reward_type":5,"item_id":50003,"number":1,"range":0,"rate":10000},{"reward_id":479,"reward_type":5,"item_id":3,"number":10,"range":0,"rate":10000},{"reward_id":480,"reward_type":5,"item_id":50006,"number":6,"range":0,"rate":10000},{"reward_id":480,"reward_type":5,"item_id":50003,"number":1,"range":0,"rate":10000},{"reward_id":480,"reward_type":5,"item_id":3,"number":10,"range":0,"rate":10000},{"reward_id":481,"reward_type":5,"item_id":50006,"number":6,"range":0,"rate":10000},{"reward_id":481,"reward_type":5,"item_id":50003,"number":1,"range":0,"rate":10000},{"reward_id":482,"reward_type":5,"item_id":50003,"number":1,"range":0,"rate":10000},{"reward_id":483,"reward_type":5,"item_id":1,"number":200000,"range":0,"rate":10000},{"reward_id":483,"reward_type":5,"item_id":50002,"number":1,"range":0,"rate":10000},{"reward_id":484,"reward_type":5,"item_id":1,"number":500000,"range":0,"rate":10000},{"reward_id":484,"reward_type":5,"item_id":50002,"number":1,"range":0,"rate":10000},{"reward_id":485,"reward_type":5,"item_id":1,"number":1000000,"range":0,"rate":10000},{"reward_id":485,"reward_type":5,"item_id":50002,"number":1,"range":0,"rate":10000},{"reward_id":486,"reward_type":5,"item_id":1,"number":1500000,"range":0,"rate":10000},{"reward_id":486,"reward_type":5,"item_id":50003,"number":1,"range":0,"rate":10000},{"reward_id":487,"reward_type":5,"item_id":1,"number":2000000,"range":0,"rate":10000},{"reward_id":487,"reward_type":5,"item_id":50003,"number":1,"range":0,"rate":10000},{"reward_id":488,"reward_type":5,"item_id":1,"number":2000000,"range":0,"rate":10000},{"reward_id":488,"reward_type":5,"item_id":50004,"number":1,"range":0,"rate":10000},{"reward_id":489,"reward_type":5,"item_id":9,"number":5,"range":0,"rate":10000},{"reward_id":490,"reward_type":5,"item_id":9,"number":20,"range":0,"rate":10000},{"reward_id":491,"reward_type":5,"item_id":9,"number":100,"range":0,"rate":10000},{"reward_id":492,"reward_type":5,"item_id":58001,"number":2,"range":0,"rate":10000},{"reward_id":493,"reward_type":5,"item_id":58001,"number":4,"range":0,"rate":10000},{"reward_id":494,"reward_type":5,"item_id":58001,"number":6,"range":0,"rate":10000},{"reward_id":495,"reward_type":5,"item_id":58001,"number":8,"range":0,"rate":10000},{"reward_id":496,"reward_type":5,"item_id":58001,"number":10,"range":0,"rate":10000},{"reward_id":497,"reward_type":5,"item_id":58002,"number":1,"range":0,"rate":10000},{"reward_id":498,"reward_type":5,"item_id":58002,"number":2,"range":0,"rate":10000},{"reward_id":499,"reward_type":5,"item_id":58002,"number":3,"range":0,"rate":10000},{"reward_id":500,"reward_type":5,"item_id":58002,"number":4,"range":0,"rate":10000},{"reward_id":501,"reward_type":5,"item_id":58002,"number":5,"range":0,"rate":10000},{"reward_id":502,"reward_type":5,"item_id":50005,"number":50,"range":0,"rate":10000},{"reward_id":503,"reward_type":5,"item_id":50005,"number":50,"range":0,"rate":10000},{"reward_id":504,"reward_type":6,"item_id":7002,"number":-1,"range":0,"rate":10000},{"reward_id":505,"reward_type":6,"item_id":200011,"number":-1,"range":0,"rate":10000},{"reward_id":506,"reward_type":6,"item_id":200021,"number":-1,"range":0,"rate":10000},{"reward_id":507,"reward_type":6,"item_id":200031,"number":-1,"range":0,"rate":10000},{"reward_id":508,"reward_type":6,"item_id":200041,"number":-1,"range":0,"rate":10000},{"reward_id":509,"reward_type":6,"item_id":200051,"number":-1,"range":0,"rate":10000},{"reward_id":510,"reward_type":6,"item_id":200061,"number":-1,"range":0,"rate":10000},{"reward_id":511,"reward_type":6,"item_id":200071,"number":-1,"range":0,"rate":10000},{"reward_id":512,"reward_type":6,"item_id":200081,"number":-1,"range":0,"rate":10000},{"reward_id":513,"reward_type":6,"item_id":200091,"number":-1,"range":0,"rate":10000},{"reward_id":514,"reward_type":6,"item_id":200101,"number":-1,"range":0,"rate":10000},{"reward_id":515,"reward_type":6,"item_id":200111,"number":-1,"range":0,"rate":10000},{"reward_id":516,"reward_type":6,"item_id":200121,"number":-1,"range":0,"rate":10000},{"reward_id":517,"reward_type":6,"item_id":200131,"number":-1,"range":0,"rate":10000},{"reward_id":518,"reward_type":6,"item_id":200141,"number":-1,"range":0,"rate":10000},{"reward_id":519,"reward_type":6,"item_id":200151,"number":-1,"range":0,"rate":10000},{"reward_id":520,"reward_type":6,"item_id":200161,"number":-1,"range":0,"rate":10000},{"reward_id":521,"reward_type":6,"item_id":200171,"number":-1,"range":0,"rate":10000},{"reward_id":522,"reward_type":6,"item_id":200181,"number":-1,"range":0,"rate":10000},{"reward_id":523,"reward_type":6,"item_id":200191,"number":-1,"range":0,"rate":10000},{"reward_id":524,"reward_type":6,"item_id":200201,"number":-1,"range":0,"rate":10000},{"reward_id":525,"reward_type":6,"item_id":200211,"number":-1,"range":0,"rate":10000},{"reward_id":526,"reward_type":6,"item_id":200221,"number":-1,"range":0,"rate":10000},{"reward_id":527,"reward_type":6,"item_id":200231,"number":-1,"range":0,"rate":10000},{"reward_id":528,"reward_type":6,"item_id":200241,"number":-1,"range":0,"rate":10000},{"reward_id":529,"reward_type":6,"item_id":200251,"number":-1,"range":0,"rate":10000},{"reward_id":530,"reward_type":6,"item_id":200261,"number":-1,"range":0,"rate":10000},{"reward_id":531,"reward_type":6,"item_id":200271,"number":-1,"range":0,"rate":10000},{"reward_id":532,"reward_type":6,"item_id":200281,"number":-1,"range":0,"rate":10000},{"reward_id":533,"reward_type":6,"item_id":200291,"number":-1,"range":0,"rate":10000},{"reward_id":534,"reward_type":6,"item_id":200301,"number":-1,"range":0,"rate":10000},{"reward_id":535,"reward_type":6,"item_id":200311,"number":-1,"range":0,"rate":10000},{"reward_id":536,"reward_type":6,"item_id":200321,"number":-1,"range":0,"rate":10000},{"reward_id":537,"reward_type":6,"item_id":200331,"number":-1,"range":0,"rate":10000},{"reward_id":538,"reward_type":6,"item_id":200341,"number":-1,"range":0,"rate":10000},{"reward_id":539,"reward_type":6,"item_id":200351,"number":-1,"range":0,"rate":10000},{"reward_id":540,"reward_type":6,"item_id":200361,"number":-1,"range":0,"rate":10000},{"reward_id":541,"reward_type":6,"item_id":200371,"number":-1,"range":0,"rate":10000},{"reward_id":542,"reward_type":6,"item_id":200381,"number":-1,"range":0,"rate":10000},{"reward_id":543,"reward_type":6,"item_id":200391,"number":-1,"range":0,"rate":10000},{"reward_id":544,"reward_type":6,"item_id":200401,"number":-1,"range":0,"rate":10000},{"reward_id":545,"reward_type":6,"item_id":200411,"number":-1,"range":0,"rate":10000},{"reward_id":546,"reward_type":6,"item_id":200421,"number":-1,"range":0,"rate":10000},{"reward_id":547,"reward_type":6,"item_id":200431,"number":-1,"range":0,"rate":10000},{"reward_id":548,"reward_type":6,"item_id":200441,"number":-1,"range":0,"rate":10000},{"reward_id":549,"reward_type":6,"item_id":200451,"number":-1,"range":0,"rate":10000},{"reward_id":550,"reward_type":6,"item_id":200461,"number":-1,"range":0,"rate":10000},{"reward_id":551,"reward_type":6,"item_id":200471,"number":-1,"range":0,"rate":10000},{"reward_id":552,"reward_type":6,"item_id":200481,"number":-1,"range":0,"rate":10000},{"reward_id":553,"reward_type":6,"item_id":200491,"number":-1,"range":0,"rate":10000},{"reward_id":554,"reward_type":6,"item_id":200501,"number":-1,"range":0,"rate":10000},{"reward_id":555,"reward_type":6,"item_id":200012,"number":-1,"range":0,"rate":10000},{"reward_id":556,"reward_type":6,"item_id":200022,"number":-1,"range":0,"rate":10000},{"reward_id":557,"reward_type":6,"item_id":200032,"number":-1,"range":0,"rate":10000},{"reward_id":558,"reward_type":6,"item_id":200042,"number":-1,"range":0,"rate":10000},{"reward_id":559,"reward_type":6,"item_id":200052,"number":-1,"range":0,"rate":10000},{"reward_id":560,"reward_type":6,"item_id":200062,"number":-1,"range":0,"rate":10000},{"reward_id":561,"reward_type":6,"item_id":200072,"number":-1,"range":0,"rate":10000},{"reward_id":562,"reward_type":6,"item_id":200082,"number":-1,"range":0,"rate":10000},{"reward_id":563,"reward_type":6,"item_id":200092,"number":-1,"range":0,"rate":10000},{"reward_id":564,"reward_type":6,"item_id":200102,"number":-1,"range":0,"rate":10000},{"reward_id":565,"reward_type":6,"item_id":200112,"number":-1,"range":0,"rate":10000},{"reward_id":566,"reward_type":6,"item_id":200122,"number":-1,"range":0,"rate":10000},{"reward_id":567,"reward_type":6,"item_id":200132,"number":-1,"range":0,"rate":10000},{"reward_id":568,"reward_type":6,"item_id":200142,"number":-1,"range":0,"rate":10000},{"reward_id":569,"reward_type":6,"item_id":200152,"number":-1,"range":0,"rate":10000},{"reward_id":570,"reward_type":6,"item_id":200162,"number":-1,"range":0,"rate":10000},{"reward_id":571,"reward_type":6,"item_id":200172,"number":-1,"range":0,"rate":10000},{"reward_id":572,"reward_type":6,"item_id":200182,"number":-1,"range":0,"rate":10000},{"reward_id":573,"reward_type":6,"item_id":200192,"number":-1,"range":0,"rate":10000},{"reward_id":574,"reward_type":6,"item_id":200202,"number":-1,"range":0,"rate":10000},{"reward_id":575,"reward_type":6,"item_id":200212,"number":-1,"range":0,"rate":10000},{"reward_id":576,"reward_type":6,"item_id":200222,"number":-1,"range":0,"rate":10000},{"reward_id":577,"reward_type":6,"item_id":200232,"number":-1,"range":0,"rate":10000},{"reward_id":578,"reward_type":6,"item_id":200242,"number":-1,"range":0,"rate":10000},{"reward_id":579,"reward_type":6,"item_id":200252,"number":-1,"range":0,"rate":10000},{"reward_id":580,"reward_type":6,"item_id":200262,"number":-1,"range":0,"rate":10000},{"reward_id":581,"reward_type":6,"item_id":200272,"number":-1,"range":0,"rate":10000},{"reward_id":582,"reward_type":6,"item_id":200282,"number":-1,"range":0,"rate":10000},{"reward_id":583,"reward_type":6,"item_id":200292,"number":-1,"range":0,"rate":10000},{"reward_id":584,"reward_type":6,"item_id":200302,"number":-1,"range":0,"rate":10000},{"reward_id":585,"reward_type":6,"item_id":200312,"number":-1,"range":0,"rate":10000},{"reward_id":586,"reward_type":6,"item_id":200322,"number":-1,"range":0,"rate":10000},{"reward_id":587,"reward_type":6,"item_id":200332,"number":-1,"range":0,"rate":10000},{"reward_id":588,"reward_type":6,"item_id":200342,"number":-1,"range":0,"rate":10000},{"reward_id":589,"reward_type":6,"item_id":200352,"number":-1,"range":0,"rate":10000},{"reward_id":590,"reward_type":6,"item_id":200362,"number":-1,"range":0,"rate":10000},{"reward_id":591,"reward_type":6,"item_id":200372,"number":-1,"range":0,"rate":10000},{"reward_id":592,"reward_type":6,"item_id":200382,"number":-1,"range":0,"rate":10000},{"reward_id":593,"reward_type":6,"item_id":200392,"number":-1,"range":0,"rate":10000},{"reward_id":594,"reward_type":6,"item_id":200402,"number":-1,"range":0,"rate":10000},{"reward_id":595,"reward_type":6,"item_id":200412,"number":-1,"range":0,"rate":10000},{"reward_id":596,"reward_type":6,"item_id":200422,"number":-1,"range":0,"rate":10000},{"reward_id":597,"reward_type":6,"item_id":200432,"number":-1,"range":0,"rate":10000},{"reward_id":598,"reward_type":6,"item_id":200442,"number":-1,"range":0,"rate":10000},{"reward_id":599,"reward_type":6,"item_id":200452,"number":-1,"range":0,"rate":10000},{"reward_id":600,"reward_type":6,"item_id":200462,"number":-1,"range":0,"rate":10000},{"reward_id":601,"reward_type":6,"item_id":200472,"number":-1,"range":0,"rate":10000},{"reward_id":602,"reward_type":6,"item_id":200482,"number":-1,"range":0,"rate":10000},{"reward_id":603,"reward_type":6,"item_id":200492,"number":-1,"range":0,"rate":10000},{"reward_id":604,"reward_type":6,"item_id":200502,"number":-1,"range":0,"rate":10000},{"reward_id":605,"reward_type":5,"item_id":50005,"number":50,"range":0,"rate":10000},{"reward_id":606,"reward_type":5,"item_id":50005,"number":50,"range":0,"rate":10000},{"reward_id":607,"reward_type":6,"item_id":7005,"number":-1,"range":0,"rate":10000},{"reward_id":608,"reward_type":5,"item_id":58003,"number":1,"range":0,"rate":10000},{"reward_id":609,"reward_type":5,"item_id":58003,"number":2,"range":0,"rate":10000},{"reward_id":610,"reward_type":5,"item_id":58003,"number":3,"range":0,"rate":10000},{"reward_id":611,"reward_type":5,"item_id":58003,"number":4,"range":0,"rate":10000},{"reward_id":612,"reward_type":5,"item_id":58003,"number":5,"range":0,"rate":10000},{"reward_id":613,"reward_type":5,"item_id":1,"number":10000,"range":0,"rate":10000},{"reward_id":614,"reward_type":5,"item_id":1,"number":30000,"range":0,"rate":10000},{"reward_id":615,"reward_type":5,"item_id":1,"number":100000,"range":0,"rate":10000},{"reward_id":616,"reward_type":5,"item_id":1,"number":200000,"range":0,"rate":10000},{"reward_id":617,"reward_type":5,"item_id":1,"number":300000,"range":0,"rate":10000},{"reward_id":618,"reward_type":5,"item_id":3,"number":300,"range":0,"rate":10000},{"reward_id":619,"reward_type":5,"item_id":3,"number":600,"range":0,"rate":10000},{"reward_id":620,"reward_type":5,"item_id":3,"number":900,"range":0,"rate":10000},{"reward_id":621,"reward_type":5,"item_id":3,"number":1200,"range":0,"rate":10000},{"reward_id":622,"reward_type":5,"item_id":3,"number":1500,"range":0,"rate":10000},{"reward_id":623,"reward_type":5,"item_id":3,"number":1800,"range":0,"rate":10000},{"reward_id":624,"reward_type":5,"item_id":3,"number":2000,"range":0,"rate":10000},{"reward_id":625,"reward_type":5,"item_id":3,"number":2200,"range":0,"rate":10000},{"reward_id":626,"reward_type":5,"item_id":3,"number":2400,"range":0,"rate":10000},{"reward_id":627,"reward_type":5,"item_id":3,"number":2600,"range":0,"rate":10000},{"reward_id":628,"reward_type":5,"item_id":3,"number":2800,"range":0,"rate":10000},{"reward_id":10000,"reward_type":5,"item_id":1,"number":2880000,"range":0,"rate":10000},{"reward_id":10000,"reward_type":5,"item_id":3,"number":288,"range":0,"rate":10000},{"reward_id":10000,"reward_type":5,"item_id":50012,"number":10,"range":0,"rate":10000},{"reward_id":10000,"reward_type":1,"item_id":6012,"number":1,"range":0,"rate":10000},{"reward_id":10001,"reward_type":5,"item_id":5,"number":32,"range":0,"rate":10000},{"reward_id":10001,"reward_type":5,"item_id":6,"number":2000,"range":0,"rate":10000},{"reward_id":10001,"reward_type":4,"item_id":1010101,"number":20,"range":0,"rate":10000},{"reward_id":10001,"reward_type":4,"item_id":1010202,"number":2,"range":0,"rate":10000},{"reward_id":10001,"reward_type":4,"item_id":1010703,"number":2,"range":0,"rate":10000},{"reward_id":10001,"reward_type":4,"item_id":1010704,"number":2,"range":0,"rate":10000},{"reward_id":10001,"reward_type":4,"item_id":1010601,"number":1,"range":0,"rate":10000},{"reward_id":10001,"reward_type":4,"item_id":1010602,"number":1,"range":0,"rate":10000},{"reward_id":10002,"reward_type":5,"item_id":5,"number":60,"range":0,"rate":10000},{"reward_id":10002,"reward_type":5,"item_id":6,"number":5000,"range":0,"rate":10000},{"reward_id":10002,"reward_type":4,"item_id":1010101,"number":50,"range":0,"rate":10000},{"reward_id":10002,"reward_type":4,"item_id":1010203,"number":3,"range":0,"rate":10000},{"reward_id":10002,"reward_type":4,"item_id":1010609,"number":1,"range":0,"rate":10000},{"reward_id":10002,"reward_type":4,"item_id":1010705,"number":2,"range":0,"rate":10000},{"reward_id":10002,"reward_type":4,"item_id":1010601,"number":2,"range":0,"rate":10000},{"reward_id":10002,"reward_type":4,"item_id":1010602,"number":2,"range":0,"rate":10000},{"reward_id":10002,"reward_type":4,"item_id":1010603,"number":2,"range":0,"rate":10000},{"reward_id":10003,"reward_type":5,"item_id":5,"number":120,"range":0,"rate":10000},{"reward_id":10003,"reward_type":5,"item_id":6,"number":10000,"range":0,"rate":10000},{"reward_id":10003,"reward_type":4,"item_id":1010101,"number":100,"range":0,"rate":10000},{"reward_id":10003,"reward_type":4,"item_id":1010402,"number":2,"range":0,"rate":10000},{"reward_id":10003,"reward_type":4,"item_id":1010607,"number":1,"range":0,"rate":10000},{"reward_id":10003,"reward_type":4,"item_id":1010608,"number":1,"range":0,"rate":10000},{"reward_id":10003,"reward_type":4,"item_id":1010701,"number":20,"range":0,"rate":10000},{"reward_id":10003,"reward_type":4,"item_id":1010702,"number":4,"range":0,"rate":10000},{"reward_id":10004,"reward_type":5,"item_id":5,"number":250,"range":0,"rate":10000},{"reward_id":10004,"reward_type":5,"item_id":6,"number":20000,"range":0,"rate":10000},{"reward_id":10004,"reward_type":4,"item_id":1010711,"number":1,"range":0,"rate":10000},{"reward_id":10004,"reward_type":4,"item_id":1010604,"number":2,"range":0,"rate":10000},{"reward_id":10004,"reward_type":4,"item_id":1010605,"number":10,"range":0,"rate":10000},{"reward_id":10004,"reward_type":4,"item_id":1010606,"number":2,"range":0,"rate":10000},{"reward_id":10005,"reward_type":5,"item_id":5,"number":600,"range":0,"rate":10000},{"reward_id":10005,"reward_type":5,"item_id":6,"number":50000,"range":0,"rate":10000},{"reward_id":10005,"reward_type":4,"item_id":1010712,"number":1,"range":0,"rate":10000},{"reward_id":10005,"reward_type":4,"item_id":1010706,"number":2,"range":0,"rate":10000},{"reward_id":10005,"reward_type":4,"item_id":1010709,"number":12,"range":0,"rate":10000},{"reward_id":10005,"reward_type":4,"item_id":1010710,"number":4,"range":0,"rate":10000},{"reward_id":10006,"reward_type":5,"item_id":5,"number":5000,"range":0,"rate":10000},{"reward_id":10006,"reward_type":5,"item_id":6,"number":100000,"range":0,"rate":10000},{"reward_id":10006,"reward_type":1,"item_id":6014,"number":1,"range":0,"rate":10000},{"reward_id":10006,"reward_type":4,"item_id":1010707,"number":2,"range":0,"rate":10000},{"reward_id":10006,"reward_type":4,"item_id":1010708,"number":2,"range":0,"rate":10000},{"reward_id":10007,"reward_type":6,"item_id":8001,"number":604800,"range":0,"rate":10000},{"reward_id":10007,"reward_type":5,"item_id":50004,"number":1,"range":0,"rate":10000},{"reward_id":10007,"reward_type":5,"item_id":50023,"number":100,"range":0,"rate":10000},{"reward_id":10007,"reward_type":5,"item_id":1,"number":10000000,"range":0,"rate":10000},{"reward_id":10008,"reward_type":6,"item_id":8002,"number":604800,"range":0,"rate":10000},{"reward_id":10008,"reward_type":5,"item_id":50004,"number":1,"range":0,"rate":10000},{"reward_id":10008,"reward_type":5,"item_id":50023,"number":100,"range":0,"rate":10000},{"reward_id":10008,"reward_type":5,"item_id":1,"number":10000000,"range":0,"rate":10000},{"reward_id":10009,"reward_type":6,"item_id":8003,"number":604800,"range":0,"rate":10000},{"reward_id":10009,"reward_type":5,"item_id":50004,"number":1,"range":0,"rate":10000},{"reward_id":10009,"reward_type":5,"item_id":50023,"number":100,"range":0,"rate":10000},{"reward_id":10009,"reward_type":5,"item_id":1,"number":10000000,"range":0,"rate":10000},{"reward_id":10010,"reward_type":5,"item_id":50004,"number":1,"range":0,"rate":10000},{"reward_id":10010,"reward_type":5,"item_id":50023,"number":80,"range":0,"rate":10000},{"reward_id":10010,"reward_type":5,"item_id":1,"number":10000000,"range":0,"rate":10000},{"reward_id":10011,"reward_type":5,"item_id":50003,"number":1,"range":0,"rate":10000},{"reward_id":10011,"reward_type":5,"item_id":50023,"number":80,"range":0,"rate":10000},{"reward_id":10011,"reward_type":5,"item_id":1,"number":5000000,"range":0,"rate":10000},{"reward_id":10012,"reward_type":5,"item_id":50003,"number":1,"range":0,"rate":10000},{"reward_id":10012,"reward_type":5,"item_id":50023,"number":50,"range":0,"rate":10000},{"reward_id":10012,"reward_type":5,"item_id":1,"number":5000000,"range":0,"rate":10000},{"reward_id":10013,"reward_type":5,"item_id":50003,"number":1,"range":0,"rate":10000},{"reward_id":10013,"reward_type":5,"item_id":50023,"number":10,"range":0,"rate":10000},{"reward_id":10013,"reward_type":5,"item_id":1,"number":2000000,"range":0,"rate":10000},{"reward_id":10014,"reward_type":5,"item_id":3,"number":5,"range":0,"rate":10000},{"reward_id":10014,"reward_type":5,"item_id":50001,"number":1,"range":0,"rate":500},{"reward_id":10014,"reward_type":5,"item_id":50012,"number":1,"range":0,"rate":1000},{"reward_id":10014,"reward_type":5,"item_id":50017,"number":1,"range":0,"rate":1000},{"reward_id":10014,"reward_type":5,"item_id":50023,"number":1,"range":0,"rate":1000},{"reward_id":10014,"reward_type":5,"item_id":50006,"number":1,"range":0,"rate":2000},{"reward_id":10014,"reward_type":5,"item_id":50003,"number":1,"range":0,"rate":50},{"reward_id":10014,"reward_type":5,"item_id":50004,"number":1,"range":0,"rate":10},{"reward_id":20001,"reward_type":5,"item_id":59001,"number":1,"range":0,"rate":10000},{"reward_id":20002,"reward_type":5,"item_id":59002,"number":1,"range":0,"rate":10000},{"reward_id":20003,"reward_type":5,"item_id":59003,"number":1,"range":0,"rate":10000},{"reward_id":20004,"reward_type":5,"item_id":59004,"number":1,"range":0,"rate":10000},{"reward_id":20005,"reward_type":5,"item_id":59005,"number":1,"range":0,"rate":10000},{"reward_id":20006,"reward_type":5,"item_id":59006,"number":1,"range":0,"rate":10000},{"reward_id":20007,"reward_type":5,"item_id":59007,"number":1,"range":0,"rate":10000},{"reward_id":20008,"reward_type":5,"item_id":59008,"number":1,"range":0,"rate":10000},{"reward_id":20009,"reward_type":5,"item_id":59009,"number":1,"range":0,"rate":10000},{"reward_id":20010,"reward_type":5,"item_id":59010,"number":1,"range":0,"rate":10000},{"reward_id":20011,"reward_type":5,"item_id":59011,"number":1,"range":0,"rate":10000},{"reward_id":20012,"reward_type":5,"item_id":59012,"number":1,"range":0,"rate":10000},{"reward_id":20013,"reward_type":5,"item_id":59013,"number":1,"range":0,"rate":10000},{"reward_id":20014,"reward_type":5,"item_id":59014,"number":1,"range":0,"rate":10000},{"reward_id":20015,"reward_type":5,"item_id":59015,"number":1,"range":0,"rate":10000},{"reward_id":20016,"reward_type":5,"item_id":59016,"number":1,"range":0,"rate":10000},{"reward_id":20017,"reward_type":5,"item_id":59017,"number":1,"range":0,"rate":10000},{"reward_id":20018,"reward_type":5,"item_id":59018,"number":1,"range":0,"rate":10000},{"reward_id":20019,"reward_type":5,"item_id":59019,"number":1,"range":0,"rate":10000},{"reward_id":20020,"reward_type":5,"item_id":59020,"number":1,"range":0,"rate":10000},{"reward_id":20021,"reward_type":5,"item_id":59021,"number":1,"range":0,"rate":10000},{"reward_id":20022,"reward_type":5,"item_id":59022,"number":1,"range":0,"rate":10000},{"reward_id":20023,"reward_type":5,"item_id":59023,"number":1,"range":0,"rate":10000},{"reward_id":20024,"reward_type":5,"item_id":59024,"number":1,"range":0,"rate":10000},{"reward_id":20025,"reward_type":5,"item_id":59025,"number":1,"range":0,"rate":10000},{"reward_id":20026,"reward_type":5,"item_id":59026,"number":1,"range":0,"rate":10000},{"reward_id":20027,"reward_type":5,"item_id":59027,"number":1,"range":0,"rate":10000},{"reward_id":20028,"reward_type":5,"item_id":59028,"number":1,"range":0,"rate":10000},{"reward_id":20029,"reward_type":5,"item_id":59029,"number":1,"range":0,"rate":10000},{"reward_id":20030,"reward_type":5,"item_id":59030,"number":1,"range":0,"rate":10000},{"reward_id":20031,"reward_type":5,"item_id":59031,"number":1,"range":0,"rate":10000},{"reward_id":20032,"reward_type":5,"item_id":59032,"number":1,"range":0,"rate":10000},{"reward_id":20033,"reward_type":5,"item_id":59033,"number":1,"range":0,"rate":10000},{"reward_id":20034,"reward_type":5,"item_id":59034,"number":1,"range":0,"rate":10000},{"reward_id":20035,"reward_type":5,"item_id":59035,"number":1,"range":0,"rate":10000},{"reward_id":20036,"reward_type":5,"item_id":59036,"number":1,"range":0,"rate":10000},{"reward_id":20037,"reward_type":5,"item_id":59037,"number":1,"range":0,"rate":10000},{"reward_id":20038,"reward_type":5,"item_id":59038,"number":1,"range":0,"rate":10000},{"reward_id":20039,"reward_type":5,"item_id":59039,"number":1,"range":0,"rate":10000},{"reward_id":20040,"reward_type":5,"item_id":59040,"number":1,"range":0,"rate":10000},{"reward_id":20041,"reward_type":5,"item_id":59041,"number":1,"range":0,"rate":10000},{"reward_id":20042,"reward_type":5,"item_id":59042,"number":1,"range":0,"rate":10000},{"reward_id":20043,"reward_type":5,"item_id":59043,"number":1,"range":0,"rate":10000},{"reward_id":20044,"reward_type":5,"item_id":59044,"number":1,"range":0,"rate":10000},{"reward_id":20045,"reward_type":5,"item_id":59045,"number":1,"range":0,"rate":10000},{"reward_id":20046,"reward_type":5,"item_id":59046,"number":1,"range":0,"rate":10000},{"reward_id":20047,"reward_type":5,"item_id":59047,"number":1,"range":0,"rate":10000},{"reward_id":20048,"reward_type":5,"item_id":59048,"number":1,"range":0,"rate":10000},{"reward_id":20049,"reward_type":5,"item_id":59049,"number":1,"range":0,"rate":10000},{"reward_id":20050,"reward_type":5,"item_id":59050,"number":1,"range":0,"rate":10000},{"reward_id":50001,"reward_type":5,"item_id":3,"number":50,"range":0,"rate":10000},{"reward_id":50002,"reward_type":5,"item_id":3,"number":290,"range":0,"rate":10000},{"reward_id":50003,"reward_type":5,"item_id":3,"number":850,"range":0,"rate":10000},{"reward_id":50004,"reward_type":5,"item_id":3,"number":1250,"range":0,"rate":10000},{"reward_id":50005,"reward_type":5,"item_id":3,"number":3400,"range":0,"rate":10000},{"reward_id":50006,"reward_type":5,"item_id":3,"number":4500,"range":0,"rate":10000},{"reward_id":50021,"reward_type":5,"item_id":59002,"number":50,"range":0,"rate":10000},{"reward_id":50021,"reward_type":5,"item_id":50009,"number":10,"range":0,"rate":10000},{"reward_id":50021,"reward_type":5,"item_id":50014,"number":10,"range":0,"rate":10000},{"reward_id":50022,"reward_type":5,"item_id":59005,"number":50,"range":0,"rate":10000},{"reward_id":50022,"reward_type":5,"item_id":50010,"number":6,"range":0,"rate":10000},{"reward_id":50022,"reward_type":5,"item_id":50015,"number":6,"range":0,"rate":10000},{"reward_id":50023,"reward_type":5,"item_id":59003,"number":50,"range":0,"rate":10000},{"reward_id":50023,"reward_type":5,"item_id":50011,"number":3,"range":0,"rate":10000},{"reward_id":50023,"reward_type":5,"item_id":50016,"number":3,"range":0,"rate":10000},{"reward_id":50024,"reward_type":5,"item_id":59004,"number":50,"range":0,"rate":10000},{"reward_id":50024,"reward_type":5,"item_id":3,"number":100,"range":0,"rate":10000},{"reward_id":50024,"reward_type":5,"item_id":50011,"number":4,"range":0,"rate":10000},{"reward_id":50025,"reward_type":5,"item_id":59006,"number":50,"range":0,"rate":10000},{"reward_id":50025,"reward_type":5,"item_id":7,"number":100,"range":0,"rate":10000},{"reward_id":50025,"reward_type":5,"item_id":50016,"number":4,"range":0,"rate":10000},{"reward_id":50026,"reward_type":1,"item_id":6002,"number":1,"range":0,"rate":10000},{"reward_id":50026,"reward_type":5,"item_id":9,"number":100,"range":0,"rate":10000},{"reward_id":50026,"reward_type":5,"item_id":50012,"number":3,"range":0,"rate":10000},{"reward_id":50027,"reward_type":5,"item_id":3,"number":200,"range":0,"rate":10000},{"reward_id":50027,"reward_type":5,"item_id":7,"number":100,"range":0,"rate":10000},{"reward_id":50027,"reward_type":5,"item_id":50017,"number":3,"range":0,"rate":10000},{"reward_id":50028,"reward_type":1,"item_id":6012,"number":1,"range":0,"rate":10000},{"reward_id":50029,"reward_type":5,"item_id":3,"number":200,"range":0,"rate":10000},{"reward_id":50029,"reward_type":5,"item_id":50012,"number":2,"range":0,"rate":10000},{"reward_id":50029,"reward_type":5,"item_id":50017,"number":2,"range":0,"rate":10000},{"reward_id":50030,"reward_type":5,"item_id":3,"number":200,"range":0,"rate":10000},{"reward_id":50030,"reward_type":5,"item_id":50023,"number":5,"range":0,"rate":10000},{"reward_id":50030,"reward_type":5,"item_id":50024,"number":100,"range":0,"rate":10000},{"reward_id":50031,"reward_type":5,"item_id":3,"number":300,"range":0,"rate":10000},{"reward_id":50032,"reward_type":5,"item_id":3,"number":500,"range":0,"rate":10000},{"reward_id":50033,"reward_type":5,"item_id":3,"number":200,"range":0,"rate":10000},{"reward_id":50033,"reward_type":5,"item_id":7,"number":200,"range":0,"rate":10000},{"reward_id":50034,"reward_type":5,"item_id":4,"number":20,"range":0,"rate":10000},{"reward_id":50035,"reward_type":5,"item_id":50001,"number":5,"range":0,"rate":10000},{"reward_id":50035,"reward_type":5,"item_id":1,"number":1000000,"range":0,"rate":10000},{"reward_id":51001,"reward_type":9,"item_id":600103,"number":1,"range":0,"rate":10000},{"reward_id":99999,"reward_type":1,"item_id":6001,"number":1,"range":0,"rate":10000},{"reward_id":99999,"reward_type":1,"item_id":6005,"number":1,"range":0,"rate":10000},{"reward_id":99999,"reward_type":1,"item_id":6007,"number":1,"range":0,"rate":10000},{"reward_id":99999,"reward_type":5,"item_id":50001,"number":3,"range":0,"rate":10000},{"reward_id":99999,"reward_type":5,"item_id":50009,"number":11,"range":0,"rate":10000},{"reward_id":99999,"reward_type":2,"item_id":20005,"number":1,"range":0,"rate":10000},{"reward_id":99999,"reward_type":2,"item_id":20002,"number":1,"range":0,"rate":10000},{"reward_id":99999,"reward_type":5,"item_id":59005,"number":20,"range":0,"rate":10000},{"reward_id":99999,"reward_type":5,"item_id":59002,"number":20,"range":0,"rate":10000},{"reward_id":99999,"reward_type":4,"item_id":1010101,"number":36,"range":0,"rate":10000},{"reward_id":99999,"reward_type":4,"item_id":1010201,"number":3,"range":0,"rate":10000},{"reward_id":99999,"reward_type":4,"item_id":1010301,"number":1,"range":0,"rate":10000},{"reward_id":99999,"reward_type":4,"item_id":1010401,"number":1,"range":0,"rate":10000},{"reward_id":99999,"reward_type":4,"item_id":1010501,"number":23,"range":0,"rate":10000},{"reward_id":99999,"reward_type":4,"item_id":1010801,"number":1,"range":0,"rate":10000},{"reward_id":99999,"reward_type":8,"item_id":800011,"number":-1,"range":0,"rate":10000},{"reward_id":99999,"reward_type":8,"item_id":800021,"number":-1,"range":0,"rate":10000},{"reward_id":99999,"reward_type":8,"item_id":800031,"number":-1,"range":0,"rate":10000},{"reward_id":99999,"reward_type":8,"item_id":800041,"number":-1,"range":0,"rate":10000},{"reward_id":99999,"reward_type":8,"item_id":800051,"number":-1,"range":0,"rate":10000},{"reward_id":99999,"reward_type":8,"item_id":800061,"number":-1,"range":0,"rate":10000},{"reward_id":99999,"reward_type":8,"item_id":800071,"number":-1,"range":0,"rate":10000},{"reward_id":99999,"reward_type":8,"item_id":800081,"number":-1,"range":0,"rate":10000},{"reward_id":99999,"reward_type":8,"item_id":800091,"number":-1,"range":0,"rate":10000},{"reward_id":99999,"reward_type":8,"item_id":800101,"number":-1,"range":0,"rate":10000},{"reward_id":99999,"reward_type":8,"item_id":800111,"number":-1,"range":0,"rate":10000},{"reward_id":99999,"reward_type":8,"item_id":800121,"number":-1,"range":0,"rate":10000},{"reward_id":99999,"reward_type":8,"item_id":800131,"number":-1,"range":0,"rate":10000},{"reward_id":99999,"reward_type":8,"item_id":800141,"number":-1,"range":0,"rate":10000},{"reward_id":99999,"reward_type":8,"item_id":800151,"number":-1,"range":0,"rate":10000},{"reward_id":99999,"reward_type":8,"item_id":800161,"number":-1,"range":0,"rate":10000},{"reward_id":99999,"reward_type":8,"item_id":800171,"number":-1,"range":0,"rate":10000},{"reward_id":99999,"reward_type":8,"item_id":800181,"number":-1,"range":0,"rate":10000},{"reward_id":99999,"reward_type":8,"item_id":800191,"number":-1,"range":0,"rate":10000},{"reward_id":99999,"reward_type":8,"item_id":800201,"number":-1,"range":0,"rate":10000},{"reward_id":99999,"reward_type":8,"item_id":800211,"number":-1,"range":0,"rate":10000},{"reward_id":99999,"reward_type":8,"item_id":800221,"number":-1,"range":0,"rate":10000},{"reward_id":99999,"reward_type":8,"item_id":800231,"number":-1,"range":0,"rate":10000},{"reward_id":99999,"reward_type":8,"item_id":800241,"number":-1,"range":0,"rate":10000},{"reward_id":99999,"reward_type":8,"item_id":800251,"number":-1,"range":0,"rate":10000},{"reward_id":99999,"reward_type":8,"item_id":800261,"number":-1,"range":0,"rate":10000},{"reward_id":99999,"reward_type":8,"item_id":800271,"number":-1,"range":0,"rate":10000},{"reward_id":99999,"reward_type":8,"item_id":800281,"number":-1,"range":0,"rate":10000},{"reward_id":99999,"reward_type":8,"item_id":800291,"number":-1,"range":0,"rate":10000},{"reward_id":99999,"reward_type":8,"item_id":800301,"number":-1,"range":0,"rate":10000},{"reward_id":99999,"reward_type":8,"item_id":800311,"number":-1,"range":0,"rate":10000},{"reward_id":99999,"reward_type":8,"item_id":800321,"number":-1,"range":0,"rate":10000},{"reward_id":99999,"reward_type":8,"item_id":800331,"number":-1,"range":0,"rate":10000},{"reward_id":99999,"reward_type":8,"item_id":800341,"number":-1,"range":0,"rate":10000},{"reward_id":99999,"reward_type":8,"item_id":800351,"number":-1,"range":0,"rate":10000},{"reward_id":99999,"reward_type":8,"item_id":800361,"number":-1,"range":0,"rate":10000},{"reward_id":99999,"reward_type":8,"item_id":800371,"number":-1,"range":0,"rate":10000},{"reward_id":99999,"reward_type":8,"item_id":800381,"number":-1,"range":0,"rate":10000},{"reward_id":99999,"reward_type":8,"item_id":800391,"number":-1,"range":0,"rate":10000},{"reward_id":99999,"reward_type":8,"item_id":800401,"number":-1,"range":0,"rate":10000},{"reward_id":99999,"reward_type":8,"item_id":800411,"number":-1,"range":0,"rate":10000},{"reward_id":99999,"reward_type":8,"item_id":800421,"number":-1,"range":0,"rate":10000},{"reward_id":99999,"reward_type":8,"item_id":800431,"number":-1,"range":0,"rate":10000},{"reward_id":99999,"reward_type":8,"item_id":800441,"number":-1,"range":0,"rate":10000},{"reward_id":99999,"reward_type":8,"item_id":800451,"number":-1,"range":0,"rate":10000},{"reward_id":99999,"reward_type":8,"item_id":800461,"number":-1,"range":0,"rate":10000},{"reward_id":99999,"reward_type":8,"item_id":800471,"number":-1,"range":0,"rate":10000},{"reward_id":99999,"reward_type":8,"item_id":800481,"number":-1,"range":0,"rate":10000},{"reward_id":99999,"reward_type":8,"item_id":800491,"number":-1,"range":0,"rate":10000},{"reward_id":99999,"reward_type":8,"item_id":800501,"number":-1,"range":0,"rate":10000},{"reward_id":99999,"reward_type":8,"item_id":800511,"number":-1,"range":0,"rate":10000},{"reward_id":99999,"reward_type":8,"item_id":800521,"number":-1,"range":0,"rate":10000},{"reward_id":99999,"reward_type":8,"item_id":800531,"number":-1,"range":0,"rate":10000},{"reward_id":99999,"reward_type":8,"item_id":800541,"number":-1,"range":0,"rate":10000},{"reward_id":99999,"reward_type":8,"item_id":800551,"number":-1,"range":0,"rate":10000},{"reward_id":99999,"reward_type":8,"item_id":800561,"number":-1,"range":0,"rate":10000},{"reward_id":99999,"reward_type":8,"item_id":800571,"number":-1,"range":0,"rate":10000},{"reward_id":99999,"reward_type":8,"item_id":800581,"number":-1,"range":0,"rate":10000},{"reward_id":99999,"reward_type":8,"item_id":800591,"number":-1,"range":0,"rate":10000},{"reward_id":99999,"reward_type":8,"item_id":800601,"number":-1,"range":0,"rate":10000},{"reward_id":99999,"reward_type":8,"item_id":800611,"number":-1,"range":0,"rate":10000},{"reward_id":99999,"reward_type":8,"item_id":800621,"number":-1,"range":0,"rate":10000},{"reward_id":99999,"reward_type":8,"item_id":850011,"number":-1,"range":0,"rate":10000},{"reward_id":99999,"reward_type":8,"item_id":850021,"number":-1,"range":0,"rate":10000},{"reward_id":99999,"reward_type":8,"item_id":850031,"number":-1,"range":0,"rate":10000},{"reward_id":99999,"reward_type":8,"item_id":850041,"number":-1,"range":0,"rate":10000},{"reward_id":99999,"reward_type":8,"item_id":850051,"number":-1,"range":0,"rate":10000},{"reward_id":99999,"reward_type":8,"item_id":850061,"number":-1,"range":0,"rate":10000},{"reward_id":99999,"reward_type":8,"item_id":850071,"number":-1,"range":0,"rate":10000},{"reward_id":99999,"reward_type":8,"item_id":850081,"number":-1,"range":0,"rate":10000},{"reward_id":99999,"reward_type":8,"item_id":850091,"number":-1,"range":0,"rate":10000},{"reward_id":99999,"reward_type":8,"item_id":850101,"number":-1,"range":0,"rate":10000},{"reward_id":99999,"reward_type":8,"item_id":850111,"number":-1,"range":0,"rate":10000},{"reward_id":99999,"reward_type":8,"item_id":850121,"number":-1,"range":0,"rate":10000},{"reward_id":99999,"reward_type":8,"item_id":850131,"number":-1,"range":0,"rate":10000},{"reward_id":99999,"reward_type":8,"item_id":850141,"number":-1,"range":0,"rate":10000},{"reward_id":99999,"reward_type":8,"item_id":850151,"number":-1,"range":0,"rate":10000},{"reward_id":99999,"reward_type":8,"item_id":850161,"number":-1,"range":0,"rate":10000},{"reward_id":99999,"reward_type":8,"item_id":850171,"number":-1,"range":0,"rate":10000},{"reward_id":99999,"reward_type":8,"item_id":850181,"number":-1,"range":0,"rate":10000},{"reward_id":99999,"reward_type":8,"item_id":850191,"number":-1,"range":0,"rate":10000},{"reward_id":99999,"reward_type":8,"item_id":850201,"number":-1,"range":0,"rate":10000},{"reward_id":99999,"reward_type":8,"item_id":850211,"number":-1,"range":0,"rate":10000},{"reward_id":99999,"reward_type":8,"item_id":850221,"number":-1,"range":0,"rate":10000}]