[{"pool_id":1,"reward_type":2,"item_id":20002,"number":1,"range":0,"weight":1,"res_level":1,"player_level":1},{"pool_id":1,"reward_type":2,"item_id":20005,"number":1,"range":0,"weight":1,"res_level":1,"player_level":1},{"pool_id":1,"reward_type":2,"item_id":20016,"number":1,"range":0,"weight":1,"res_level":1,"player_level":1},{"pool_id":1,"reward_type":2,"item_id":20017,"number":1,"range":0,"weight":1,"res_level":1,"player_level":1},{"pool_id":1,"reward_type":2,"item_id":20022,"number":1,"range":0,"weight":1,"res_level":1,"player_level":1},{"pool_id":1,"reward_type":2,"item_id":20024,"number":1,"range":0,"weight":1,"res_level":1,"player_level":1},{"pool_id":1,"reward_type":2,"item_id":20032,"number":1,"range":0,"weight":1,"res_level":1,"player_level":1},{"pool_id":1,"reward_type":2,"item_id":20035,"number":1,"range":0,"weight":1,"res_level":1,"player_level":1},{"pool_id":1,"reward_type":2,"item_id":20046,"number":1,"range":0,"weight":1,"res_level":1,"player_level":1},{"pool_id":1,"reward_type":2,"item_id":20048,"number":1,"range":0,"weight":1,"res_level":1,"player_level":1},{"pool_id":1,"reward_type":2,"item_id":20003,"number":1,"range":0,"weight":1,"res_level":1,"player_level":1},{"pool_id":1,"reward_type":2,"item_id":20004,"number":1,"range":0,"weight":1,"res_level":1,"player_level":1},{"pool_id":1,"reward_type":2,"item_id":20006,"number":1,"range":0,"weight":1,"res_level":1,"player_level":1},{"pool_id":1,"reward_type":2,"item_id":20014,"number":1,"range":0,"weight":1,"res_level":1,"player_level":1},{"pool_id":1,"reward_type":2,"item_id":20018,"number":1,"range":0,"weight":1,"res_level":1,"player_level":1},{"pool_id":1,"reward_type":2,"item_id":20019,"number":1,"range":0,"weight":1,"res_level":1,"player_level":1},{"pool_id":1,"reward_type":2,"item_id":20023,"number":1,"range":0,"weight":1,"res_level":1,"player_level":1},{"pool_id":1,"reward_type":2,"item_id":20029,"number":1,"range":0,"weight":1,"res_level":1,"player_level":1},{"pool_id":1,"reward_type":2,"item_id":20030,"number":1,"range":0,"weight":1,"res_level":1,"player_level":1},{"pool_id":1,"reward_type":2,"item_id":20031,"number":1,"range":0,"weight":1,"res_level":1,"player_level":1},{"pool_id":1,"reward_type":2,"item_id":20033,"number":1,"range":0,"weight":1,"res_level":1,"player_level":1},{"pool_id":1,"reward_type":2,"item_id":20034,"number":1,"range":0,"weight":1,"res_level":1,"player_level":1},{"pool_id":1,"reward_type":2,"item_id":20041,"number":1,"range":0,"weight":1,"res_level":1,"player_level":1},{"pool_id":1,"reward_type":2,"item_id":20043,"number":1,"range":0,"weight":1,"res_level":1,"player_level":1},{"pool_id":1,"reward_type":2,"item_id":20044,"number":1,"range":0,"weight":1,"res_level":1,"player_level":1},{"pool_id":2,"reward_type":2,"item_id":20007,"number":1,"range":0,"weight":1,"res_level":1,"player_level":1},{"pool_id":2,"reward_type":2,"item_id":20009,"number":1,"range":0,"weight":1,"res_level":1,"player_level":1},{"pool_id":2,"reward_type":2,"item_id":20010,"number":1,"range":0,"weight":1,"res_level":1,"player_level":1},{"pool_id":2,"reward_type":2,"item_id":20012,"number":1,"range":0,"weight":1,"res_level":1,"player_level":1},{"pool_id":2,"reward_type":2,"item_id":20013,"number":1,"range":0,"weight":1,"res_level":1,"player_level":1},{"pool_id":2,"reward_type":2,"item_id":20020,"number":1,"range":0,"weight":1,"res_level":1,"player_level":1},{"pool_id":2,"reward_type":2,"item_id":20021,"number":1,"range":0,"weight":1,"res_level":1,"player_level":1},{"pool_id":2,"reward_type":2,"item_id":20026,"number":1,"range":0,"weight":1,"res_level":1,"player_level":1},{"pool_id":2,"reward_type":2,"item_id":20028,"number":1,"range":0,"weight":1,"res_level":1,"player_level":1},{"pool_id":2,"reward_type":2,"item_id":20036,"number":1,"range":0,"weight":1,"res_level":1,"player_level":1},{"pool_id":2,"reward_type":2,"item_id":20038,"number":1,"range":0,"weight":1,"res_level":1,"player_level":1},{"pool_id":2,"reward_type":2,"item_id":20040,"number":1,"range":0,"weight":1,"res_level":1,"player_level":1},{"pool_id":2,"reward_type":2,"item_id":20042,"number":1,"range":0,"weight":1,"res_level":1,"player_level":1},{"pool_id":2,"reward_type":2,"item_id":20045,"number":1,"range":0,"weight":1,"res_level":1,"player_level":1},{"pool_id":2,"reward_type":2,"item_id":20047,"number":1,"range":0,"weight":1,"res_level":1,"player_level":1},{"pool_id":2,"reward_type":5,"item_id":59007,"number":20,"range":0,"weight":1,"res_level":1,"player_level":1},{"pool_id":2,"reward_type":5,"item_id":59009,"number":20,"range":0,"weight":1,"res_level":1,"player_level":1},{"pool_id":2,"reward_type":5,"item_id":59010,"number":20,"range":0,"weight":1,"res_level":1,"player_level":1},{"pool_id":2,"reward_type":5,"item_id":59012,"number":20,"range":0,"weight":1,"res_level":1,"player_level":1},{"pool_id":2,"reward_type":5,"item_id":59013,"number":20,"range":0,"weight":1,"res_level":1,"player_level":1},{"pool_id":2,"reward_type":5,"item_id":59020,"number":20,"range":0,"weight":1,"res_level":1,"player_level":1},{"pool_id":2,"reward_type":5,"item_id":59021,"number":20,"range":0,"weight":1,"res_level":1,"player_level":1},{"pool_id":2,"reward_type":5,"item_id":59026,"number":20,"range":0,"weight":1,"res_level":1,"player_level":1},{"pool_id":2,"reward_type":5,"item_id":59028,"number":20,"range":0,"weight":1,"res_level":1,"player_level":1},{"pool_id":2,"reward_type":5,"item_id":59036,"number":20,"range":0,"weight":1,"res_level":1,"player_level":1},{"pool_id":2,"reward_type":5,"item_id":59038,"number":20,"range":0,"weight":1,"res_level":1,"player_level":1},{"pool_id":2,"reward_type":5,"item_id":59040,"number":20,"range":0,"weight":1,"res_level":1,"player_level":1},{"pool_id":2,"reward_type":5,"item_id":59042,"number":20,"range":0,"weight":1,"res_level":1,"player_level":1},{"pool_id":2,"reward_type":5,"item_id":59045,"number":20,"range":0,"weight":1,"res_level":1,"player_level":1},{"pool_id":2,"reward_type":5,"item_id":59047,"number":20,"range":0,"weight":1,"res_level":1,"player_level":1},{"pool_id":3,"reward_type":2,"item_id":20001,"number":1,"range":0,"weight":1,"res_level":1,"player_level":1},{"pool_id":3,"reward_type":2,"item_id":20008,"number":1,"range":0,"weight":1,"res_level":1,"player_level":1},{"pool_id":3,"reward_type":2,"item_id":20011,"number":1,"range":0,"weight":1,"res_level":1,"player_level":1},{"pool_id":3,"reward_type":2,"item_id":20015,"number":1,"range":0,"weight":1,"res_level":1,"player_level":1},{"pool_id":3,"reward_type":2,"item_id":20025,"number":1,"range":0,"weight":1,"res_level":1,"player_level":1},{"pool_id":3,"reward_type":2,"item_id":20027,"number":1,"range":0,"weight":1,"res_level":1,"player_level":1},{"pool_id":3,"reward_type":2,"item_id":20037,"number":1,"range":0,"weight":1,"res_level":1,"player_level":1},{"pool_id":3,"reward_type":2,"item_id":20039,"number":1,"range":0,"weight":1,"res_level":1,"player_level":1},{"pool_id":3,"reward_type":2,"item_id":20049,"number":1,"range":0,"weight":1,"res_level":1,"player_level":1},{"pool_id":3,"reward_type":2,"item_id":20050,"number":1,"range":0,"weight":1,"res_level":1,"player_level":1},{"pool_id":3,"reward_type":5,"item_id":59001,"number":50,"range":0,"weight":1,"res_level":1,"player_level":1},{"pool_id":3,"reward_type":5,"item_id":59008,"number":50,"range":0,"weight":1,"res_level":1,"player_level":1},{"pool_id":3,"reward_type":5,"item_id":59011,"number":50,"range":0,"weight":1,"res_level":1,"player_level":1},{"pool_id":3,"reward_type":5,"item_id":59015,"number":50,"range":0,"weight":1,"res_level":1,"player_level":1},{"pool_id":3,"reward_type":5,"item_id":59025,"number":50,"range":0,"weight":1,"res_level":1,"player_level":1},{"pool_id":3,"reward_type":5,"item_id":59027,"number":50,"range":0,"weight":1,"res_level":1,"player_level":1},{"pool_id":3,"reward_type":5,"item_id":59037,"number":50,"range":0,"weight":1,"res_level":1,"player_level":1},{"pool_id":3,"reward_type":5,"item_id":59039,"number":50,"range":0,"weight":1,"res_level":1,"player_level":1},{"pool_id":3,"reward_type":5,"item_id":59049,"number":50,"range":0,"weight":1,"res_level":1,"player_level":1},{"pool_id":3,"reward_type":5,"item_id":59050,"number":50,"range":0,"weight":1,"res_level":1,"player_level":1},{"pool_id":4,"reward_type":8,"item_id":800012,"number":86400,"range":0,"weight":99,"res_level":1,"player_level":1},{"pool_id":4,"reward_type":8,"item_id":800022,"number":86400,"range":0,"weight":99,"res_level":1,"player_level":1},{"pool_id":4,"reward_type":8,"item_id":800032,"number":86400,"range":0,"weight":99,"res_level":1,"player_level":1},{"pool_id":4,"reward_type":8,"item_id":800042,"number":86400,"range":0,"weight":99,"res_level":1,"player_level":1},{"pool_id":4,"reward_type":8,"item_id":800052,"number":86400,"range":0,"weight":99,"res_level":1,"player_level":1},{"pool_id":4,"reward_type":8,"item_id":800062,"number":86400,"range":0,"weight":99,"res_level":1,"player_level":1},{"pool_id":4,"reward_type":8,"item_id":800072,"number":86400,"range":0,"weight":99,"res_level":1,"player_level":1},{"pool_id":4,"reward_type":8,"item_id":800082,"number":86400,"range":0,"weight":99,"res_level":1,"player_level":1},{"pool_id":4,"reward_type":8,"item_id":800092,"number":86400,"range":0,"weight":99,"res_level":1,"player_level":1},{"pool_id":4,"reward_type":8,"item_id":800102,"number":86400,"range":0,"weight":99,"res_level":1,"player_level":1},{"pool_id":4,"reward_type":8,"item_id":800112,"number":86400,"range":0,"weight":99,"res_level":1,"player_level":1},{"pool_id":4,"reward_type":8,"item_id":800122,"number":86400,"range":0,"weight":99,"res_level":1,"player_level":1},{"pool_id":4,"reward_type":8,"item_id":800132,"number":86400,"range":0,"weight":99,"res_level":1,"player_level":1},{"pool_id":4,"reward_type":8,"item_id":800142,"number":86400,"range":0,"weight":99,"res_level":1,"player_level":1},{"pool_id":4,"reward_type":8,"item_id":800152,"number":86400,"range":0,"weight":99,"res_level":1,"player_level":1},{"pool_id":4,"reward_type":8,"item_id":800162,"number":86400,"range":0,"weight":99,"res_level":1,"player_level":1},{"pool_id":4,"reward_type":8,"item_id":800172,"number":86400,"range":0,"weight":99,"res_level":1,"player_level":1},{"pool_id":4,"reward_type":8,"item_id":800182,"number":86400,"range":0,"weight":99,"res_level":1,"player_level":1},{"pool_id":4,"reward_type":8,"item_id":800192,"number":86400,"range":0,"weight":99,"res_level":1,"player_level":1},{"pool_id":4,"reward_type":8,"item_id":800202,"number":86400,"range":0,"weight":99,"res_level":1,"player_level":1},{"pool_id":4,"reward_type":8,"item_id":800212,"number":86400,"range":0,"weight":99,"res_level":1,"player_level":1},{"pool_id":4,"reward_type":8,"item_id":800222,"number":86400,"range":0,"weight":99,"res_level":1,"player_level":1},{"pool_id":4,"reward_type":8,"item_id":800232,"number":86400,"range":0,"weight":99,"res_level":1,"player_level":1},{"pool_id":4,"reward_type":8,"item_id":800242,"number":86400,"range":0,"weight":99,"res_level":1,"player_level":1},{"pool_id":4,"reward_type":8,"item_id":800252,"number":86400,"range":0,"weight":99,"res_level":1,"player_level":1},{"pool_id":4,"reward_type":8,"item_id":800262,"number":86400,"range":0,"weight":99,"res_level":1,"player_level":1},{"pool_id":4,"reward_type":8,"item_id":800272,"number":86400,"range":0,"weight":99,"res_level":1,"player_level":1},{"pool_id":4,"reward_type":8,"item_id":800282,"number":86400,"range":0,"weight":99,"res_level":1,"player_level":1},{"pool_id":4,"reward_type":8,"item_id":800292,"number":86400,"range":0,"weight":99,"res_level":1,"player_level":1},{"pool_id":4,"reward_type":8,"item_id":800302,"number":86400,"range":0,"weight":99,"res_level":1,"player_level":1},{"pool_id":4,"reward_type":8,"item_id":800312,"number":86400,"range":0,"weight":99,"res_level":1,"player_level":1},{"pool_id":4,"reward_type":8,"item_id":800322,"number":86400,"range":0,"weight":99,"res_level":1,"player_level":1},{"pool_id":4,"reward_type":8,"item_id":800332,"number":86400,"range":0,"weight":99,"res_level":1,"player_level":1},{"pool_id":4,"reward_type":8,"item_id":800342,"number":86400,"range":0,"weight":99,"res_level":1,"player_level":1},{"pool_id":4,"reward_type":8,"item_id":800352,"number":86400,"range":0,"weight":99,"res_level":1,"player_level":1},{"pool_id":4,"reward_type":8,"item_id":800362,"number":86400,"range":0,"weight":99,"res_level":1,"player_level":1},{"pool_id":4,"reward_type":8,"item_id":800372,"number":86400,"range":0,"weight":99,"res_level":1,"player_level":1},{"pool_id":4,"reward_type":8,"item_id":800382,"number":86400,"range":0,"weight":99,"res_level":1,"player_level":1},{"pool_id":4,"reward_type":8,"item_id":800392,"number":86400,"range":0,"weight":99,"res_level":1,"player_level":1},{"pool_id":4,"reward_type":8,"item_id":800402,"number":86400,"range":0,"weight":99,"res_level":1,"player_level":1},{"pool_id":4,"reward_type":8,"item_id":800412,"number":86400,"range":0,"weight":99,"res_level":1,"player_level":1},{"pool_id":4,"reward_type":8,"item_id":800422,"number":86400,"range":0,"weight":99,"res_level":1,"player_level":1},{"pool_id":4,"reward_type":8,"item_id":800432,"number":86400,"range":0,"weight":99,"res_level":1,"player_level":1},{"pool_id":4,"reward_type":8,"item_id":800442,"number":86400,"range":0,"weight":99,"res_level":1,"player_level":1},{"pool_id":4,"reward_type":8,"item_id":800452,"number":86400,"range":0,"weight":99,"res_level":1,"player_level":1},{"pool_id":4,"reward_type":8,"item_id":800462,"number":86400,"range":0,"weight":99,"res_level":1,"player_level":1},{"pool_id":4,"reward_type":8,"item_id":800472,"number":86400,"range":0,"weight":99,"res_level":1,"player_level":1},{"pool_id":4,"reward_type":8,"item_id":800482,"number":86400,"range":0,"weight":99,"res_level":1,"player_level":1},{"pool_id":4,"reward_type":8,"item_id":800492,"number":86400,"range":0,"weight":99,"res_level":1,"player_level":1},{"pool_id":4,"reward_type":8,"item_id":800502,"number":86400,"range":0,"weight":99,"res_level":1,"player_level":1},{"pool_id":4,"reward_type":8,"item_id":800512,"number":86400,"range":0,"weight":99,"res_level":1,"player_level":1},{"pool_id":4,"reward_type":8,"item_id":800522,"number":86400,"range":0,"weight":99,"res_level":1,"player_level":1},{"pool_id":4,"reward_type":8,"item_id":800532,"number":86400,"range":0,"weight":99,"res_level":1,"player_level":1},{"pool_id":4,"reward_type":8,"item_id":800542,"number":86400,"range":0,"weight":99,"res_level":1,"player_level":1},{"pool_id":4,"reward_type":8,"item_id":800552,"number":86400,"range":0,"weight":99,"res_level":1,"player_level":1},{"pool_id":4,"reward_type":8,"item_id":800562,"number":86400,"range":0,"weight":99,"res_level":1,"player_level":1},{"pool_id":4,"reward_type":8,"item_id":800572,"number":86400,"range":0,"weight":99,"res_level":1,"player_level":1},{"pool_id":4,"reward_type":8,"item_id":800582,"number":86400,"range":0,"weight":99,"res_level":1,"player_level":1},{"pool_id":4,"reward_type":8,"item_id":800592,"number":86400,"range":0,"weight":99,"res_level":1,"player_level":1},{"pool_id":4,"reward_type":8,"item_id":800602,"number":86400,"range":0,"weight":99,"res_level":1,"player_level":1},{"pool_id":4,"reward_type":8,"item_id":800612,"number":86400,"range":0,"weight":99,"res_level":1,"player_level":1},{"pool_id":4,"reward_type":8,"item_id":800622,"number":86400,"range":0,"weight":99,"res_level":1,"player_level":1},{"pool_id":4,"reward_type":8,"item_id":850012,"number":86400,"range":0,"weight":99,"res_level":1,"player_level":1},{"pool_id":4,"reward_type":8,"item_id":850022,"number":86400,"range":0,"weight":99,"res_level":1,"player_level":1},{"pool_id":4,"reward_type":8,"item_id":850032,"number":86400,"range":0,"weight":99,"res_level":1,"player_level":1},{"pool_id":4,"reward_type":8,"item_id":850042,"number":86400,"range":0,"weight":99,"res_level":1,"player_level":1},{"pool_id":4,"reward_type":8,"item_id":850052,"number":86400,"range":0,"weight":99,"res_level":1,"player_level":1},{"pool_id":4,"reward_type":8,"item_id":850062,"number":86400,"range":0,"weight":99,"res_level":1,"player_level":1},{"pool_id":4,"reward_type":8,"item_id":850072,"number":86400,"range":0,"weight":99,"res_level":1,"player_level":1},{"pool_id":4,"reward_type":8,"item_id":850082,"number":86400,"range":0,"weight":99,"res_level":1,"player_level":1},{"pool_id":4,"reward_type":8,"item_id":850092,"number":86400,"range":0,"weight":99,"res_level":1,"player_level":1},{"pool_id":4,"reward_type":8,"item_id":850102,"number":86400,"range":0,"weight":99,"res_level":1,"player_level":1},{"pool_id":4,"reward_type":8,"item_id":850112,"number":86400,"range":0,"weight":99,"res_level":1,"player_level":1},{"pool_id":4,"reward_type":8,"item_id":850122,"number":86400,"range":0,"weight":99,"res_level":1,"player_level":1},{"pool_id":4,"reward_type":8,"item_id":850132,"number":86400,"range":0,"weight":99,"res_level":1,"player_level":1},{"pool_id":4,"reward_type":8,"item_id":850142,"number":86400,"range":0,"weight":99,"res_level":1,"player_level":1},{"pool_id":4,"reward_type":8,"item_id":850152,"number":86400,"range":0,"weight":99,"res_level":1,"player_level":1},{"pool_id":4,"reward_type":8,"item_id":850162,"number":86400,"range":0,"weight":99,"res_level":1,"player_level":1},{"pool_id":4,"reward_type":8,"item_id":850172,"number":86400,"range":0,"weight":99,"res_level":1,"player_level":1},{"pool_id":4,"reward_type":8,"item_id":850182,"number":86400,"range":0,"weight":99,"res_level":1,"player_level":1},{"pool_id":4,"reward_type":8,"item_id":850192,"number":86400,"range":0,"weight":99,"res_level":1,"player_level":1},{"pool_id":4,"reward_type":8,"item_id":850202,"number":86400,"range":0,"weight":99,"res_level":1,"player_level":1},{"pool_id":4,"reward_type":8,"item_id":850212,"number":86400,"range":0,"weight":99,"res_level":1,"player_level":1},{"pool_id":4,"reward_type":8,"item_id":850222,"number":86400,"range":0,"weight":99,"res_level":1,"player_level":1},{"pool_id":4,"reward_type":8,"item_id":800012,"number":-1,"range":0,"weight":1,"res_level":1,"player_level":1},{"pool_id":4,"reward_type":8,"item_id":800022,"number":-1,"range":0,"weight":1,"res_level":1,"player_level":1},{"pool_id":4,"reward_type":8,"item_id":800032,"number":-1,"range":0,"weight":1,"res_level":1,"player_level":1},{"pool_id":4,"reward_type":8,"item_id":800042,"number":-1,"range":0,"weight":1,"res_level":1,"player_level":1},{"pool_id":4,"reward_type":8,"item_id":800052,"number":-1,"range":0,"weight":1,"res_level":1,"player_level":1},{"pool_id":4,"reward_type":8,"item_id":800062,"number":-1,"range":0,"weight":1,"res_level":1,"player_level":1},{"pool_id":4,"reward_type":8,"item_id":800072,"number":-1,"range":0,"weight":1,"res_level":1,"player_level":1},{"pool_id":4,"reward_type":8,"item_id":800082,"number":-1,"range":0,"weight":1,"res_level":1,"player_level":1},{"pool_id":4,"reward_type":8,"item_id":800092,"number":-1,"range":0,"weight":1,"res_level":1,"player_level":1},{"pool_id":4,"reward_type":8,"item_id":800102,"number":-1,"range":0,"weight":1,"res_level":1,"player_level":1},{"pool_id":4,"reward_type":8,"item_id":800112,"number":-1,"range":0,"weight":1,"res_level":1,"player_level":1},{"pool_id":4,"reward_type":8,"item_id":800122,"number":-1,"range":0,"weight":1,"res_level":1,"player_level":1},{"pool_id":4,"reward_type":8,"item_id":800132,"number":-1,"range":0,"weight":1,"res_level":1,"player_level":1},{"pool_id":4,"reward_type":8,"item_id":800142,"number":-1,"range":0,"weight":1,"res_level":1,"player_level":1},{"pool_id":4,"reward_type":8,"item_id":800152,"number":-1,"range":0,"weight":1,"res_level":1,"player_level":1},{"pool_id":4,"reward_type":8,"item_id":800162,"number":-1,"range":0,"weight":1,"res_level":1,"player_level":1},{"pool_id":4,"reward_type":8,"item_id":800172,"number":-1,"range":0,"weight":1,"res_level":1,"player_level":1},{"pool_id":4,"reward_type":8,"item_id":800182,"number":-1,"range":0,"weight":1,"res_level":1,"player_level":1},{"pool_id":4,"reward_type":8,"item_id":800192,"number":-1,"range":0,"weight":1,"res_level":1,"player_level":1},{"pool_id":4,"reward_type":8,"item_id":800202,"number":-1,"range":0,"weight":1,"res_level":1,"player_level":1},{"pool_id":4,"reward_type":8,"item_id":800212,"number":-1,"range":0,"weight":1,"res_level":1,"player_level":1},{"pool_id":4,"reward_type":8,"item_id":800222,"number":-1,"range":0,"weight":1,"res_level":1,"player_level":1},{"pool_id":4,"reward_type":8,"item_id":800232,"number":-1,"range":0,"weight":1,"res_level":1,"player_level":1},{"pool_id":4,"reward_type":8,"item_id":800242,"number":-1,"range":0,"weight":1,"res_level":1,"player_level":1},{"pool_id":4,"reward_type":8,"item_id":800252,"number":-1,"range":0,"weight":1,"res_level":1,"player_level":1},{"pool_id":4,"reward_type":8,"item_id":800262,"number":-1,"range":0,"weight":1,"res_level":1,"player_level":1},{"pool_id":4,"reward_type":8,"item_id":800272,"number":-1,"range":0,"weight":1,"res_level":1,"player_level":1},{"pool_id":4,"reward_type":8,"item_id":800282,"number":-1,"range":0,"weight":1,"res_level":1,"player_level":1},{"pool_id":4,"reward_type":8,"item_id":800292,"number":-1,"range":0,"weight":1,"res_level":1,"player_level":1},{"pool_id":4,"reward_type":8,"item_id":800302,"number":-1,"range":0,"weight":1,"res_level":1,"player_level":1},{"pool_id":4,"reward_type":8,"item_id":800312,"number":-1,"range":0,"weight":1,"res_level":1,"player_level":1},{"pool_id":4,"reward_type":8,"item_id":800322,"number":-1,"range":0,"weight":1,"res_level":1,"player_level":1},{"pool_id":4,"reward_type":8,"item_id":800332,"number":-1,"range":0,"weight":1,"res_level":1,"player_level":1},{"pool_id":4,"reward_type":8,"item_id":800342,"number":-1,"range":0,"weight":1,"res_level":1,"player_level":1},{"pool_id":4,"reward_type":8,"item_id":800352,"number":-1,"range":0,"weight":1,"res_level":1,"player_level":1},{"pool_id":4,"reward_type":8,"item_id":800362,"number":-1,"range":0,"weight":1,"res_level":1,"player_level":1},{"pool_id":4,"reward_type":8,"item_id":800372,"number":-1,"range":0,"weight":1,"res_level":1,"player_level":1},{"pool_id":4,"reward_type":8,"item_id":800382,"number":-1,"range":0,"weight":1,"res_level":1,"player_level":1},{"pool_id":4,"reward_type":8,"item_id":800392,"number":-1,"range":0,"weight":1,"res_level":1,"player_level":1},{"pool_id":4,"reward_type":8,"item_id":800402,"number":-1,"range":0,"weight":1,"res_level":1,"player_level":1},{"pool_id":4,"reward_type":8,"item_id":800412,"number":-1,"range":0,"weight":1,"res_level":1,"player_level":1},{"pool_id":4,"reward_type":8,"item_id":800422,"number":-1,"range":0,"weight":1,"res_level":1,"player_level":1},{"pool_id":4,"reward_type":8,"item_id":800432,"number":-1,"range":0,"weight":1,"res_level":1,"player_level":1},{"pool_id":4,"reward_type":8,"item_id":800442,"number":-1,"range":0,"weight":1,"res_level":1,"player_level":1},{"pool_id":4,"reward_type":8,"item_id":800452,"number":-1,"range":0,"weight":1,"res_level":1,"player_level":1},{"pool_id":4,"reward_type":8,"item_id":800462,"number":-1,"range":0,"weight":1,"res_level":1,"player_level":1},{"pool_id":4,"reward_type":8,"item_id":800472,"number":-1,"range":0,"weight":1,"res_level":1,"player_level":1},{"pool_id":4,"reward_type":8,"item_id":800482,"number":-1,"range":0,"weight":1,"res_level":1,"player_level":1},{"pool_id":4,"reward_type":8,"item_id":800492,"number":-1,"range":0,"weight":1,"res_level":1,"player_level":1},{"pool_id":4,"reward_type":8,"item_id":800502,"number":-1,"range":0,"weight":1,"res_level":1,"player_level":1},{"pool_id":4,"reward_type":8,"item_id":800512,"number":-1,"range":0,"weight":1,"res_level":1,"player_level":1},{"pool_id":4,"reward_type":8,"item_id":800522,"number":-1,"range":0,"weight":1,"res_level":1,"player_level":1},{"pool_id":4,"reward_type":8,"item_id":800532,"number":-1,"range":0,"weight":1,"res_level":1,"player_level":1},{"pool_id":4,"reward_type":8,"item_id":800542,"number":-1,"range":0,"weight":1,"res_level":1,"player_level":1},{"pool_id":4,"reward_type":8,"item_id":800552,"number":-1,"range":0,"weight":1,"res_level":1,"player_level":1},{"pool_id":4,"reward_type":8,"item_id":800562,"number":-1,"range":0,"weight":1,"res_level":1,"player_level":1},{"pool_id":4,"reward_type":8,"item_id":800572,"number":-1,"range":0,"weight":1,"res_level":1,"player_level":1},{"pool_id":4,"reward_type":8,"item_id":800582,"number":-1,"range":0,"weight":1,"res_level":1,"player_level":1},{"pool_id":4,"reward_type":8,"item_id":800592,"number":-1,"range":0,"weight":1,"res_level":1,"player_level":1},{"pool_id":4,"reward_type":8,"item_id":800602,"number":-1,"range":0,"weight":1,"res_level":1,"player_level":1},{"pool_id":4,"reward_type":8,"item_id":800612,"number":-1,"range":0,"weight":1,"res_level":1,"player_level":1},{"pool_id":4,"reward_type":8,"item_id":800622,"number":-1,"range":0,"weight":1,"res_level":1,"player_level":1},{"pool_id":4,"reward_type":8,"item_id":850012,"number":-1,"range":0,"weight":1,"res_level":1,"player_level":1},{"pool_id":4,"reward_type":8,"item_id":850022,"number":-1,"range":0,"weight":1,"res_level":1,"player_level":1},{"pool_id":4,"reward_type":8,"item_id":850032,"number":-1,"range":0,"weight":1,"res_level":1,"player_level":1},{"pool_id":4,"reward_type":8,"item_id":850042,"number":-1,"range":0,"weight":1,"res_level":1,"player_level":1},{"pool_id":4,"reward_type":8,"item_id":850052,"number":-1,"range":0,"weight":1,"res_level":1,"player_level":1},{"pool_id":4,"reward_type":8,"item_id":850062,"number":-1,"range":0,"weight":1,"res_level":1,"player_level":1},{"pool_id":4,"reward_type":8,"item_id":850072,"number":-1,"range":0,"weight":1,"res_level":1,"player_level":1},{"pool_id":4,"reward_type":8,"item_id":850082,"number":-1,"range":0,"weight":1,"res_level":1,"player_level":1},{"pool_id":4,"reward_type":8,"item_id":850092,"number":-1,"range":0,"weight":1,"res_level":1,"player_level":1},{"pool_id":4,"reward_type":8,"item_id":850102,"number":-1,"range":0,"weight":1,"res_level":1,"player_level":1},{"pool_id":4,"reward_type":8,"item_id":850112,"number":-1,"range":0,"weight":1,"res_level":1,"player_level":1},{"pool_id":4,"reward_type":8,"item_id":850122,"number":-1,"range":0,"weight":1,"res_level":1,"player_level":1},{"pool_id":4,"reward_type":8,"item_id":850132,"number":-1,"range":0,"weight":1,"res_level":1,"player_level":1},{"pool_id":4,"reward_type":8,"item_id":850142,"number":-1,"range":0,"weight":1,"res_level":1,"player_level":1},{"pool_id":4,"reward_type":8,"item_id":850152,"number":-1,"range":0,"weight":1,"res_level":1,"player_level":1},{"pool_id":4,"reward_type":8,"item_id":850162,"number":-1,"range":0,"weight":1,"res_level":1,"player_level":1},{"pool_id":4,"reward_type":8,"item_id":850172,"number":-1,"range":0,"weight":1,"res_level":1,"player_level":1},{"pool_id":4,"reward_type":8,"item_id":850182,"number":-1,"range":0,"weight":1,"res_level":1,"player_level":1},{"pool_id":4,"reward_type":8,"item_id":850192,"number":-1,"range":0,"weight":1,"res_level":1,"player_level":1},{"pool_id":4,"reward_type":8,"item_id":850202,"number":-1,"range":0,"weight":1,"res_level":1,"player_level":1},{"pool_id":4,"reward_type":8,"item_id":850212,"number":-1,"range":0,"weight":1,"res_level":1,"player_level":1},{"pool_id":4,"reward_type":8,"item_id":850222,"number":-1,"range":0,"weight":1,"res_level":1,"player_level":1},{"pool_id":5,"reward_type":8,"item_id":800013,"number":86400,"range":0,"weight":297,"res_level":1,"player_level":1},{"pool_id":5,"reward_type":8,"item_id":800023,"number":86400,"range":0,"weight":297,"res_level":1,"player_level":1},{"pool_id":5,"reward_type":8,"item_id":800033,"number":86400,"range":0,"weight":297,"res_level":1,"player_level":1},{"pool_id":5,"reward_type":8,"item_id":800043,"number":86400,"range":0,"weight":297,"res_level":1,"player_level":1},{"pool_id":5,"reward_type":8,"item_id":800053,"number":86400,"range":0,"weight":297,"res_level":1,"player_level":1},{"pool_id":5,"reward_type":8,"item_id":800063,"number":86400,"range":0,"weight":297,"res_level":1,"player_level":1},{"pool_id":5,"reward_type":8,"item_id":800073,"number":86400,"range":0,"weight":297,"res_level":1,"player_level":1},{"pool_id":5,"reward_type":8,"item_id":800083,"number":86400,"range":0,"weight":297,"res_level":1,"player_level":1},{"pool_id":5,"reward_type":8,"item_id":800093,"number":86400,"range":0,"weight":297,"res_level":1,"player_level":1},{"pool_id":5,"reward_type":8,"item_id":800103,"number":86400,"range":0,"weight":297,"res_level":1,"player_level":1},{"pool_id":5,"reward_type":8,"item_id":800113,"number":86400,"range":0,"weight":297,"res_level":1,"player_level":1},{"pool_id":5,"reward_type":8,"item_id":800123,"number":86400,"range":0,"weight":297,"res_level":1,"player_level":1},{"pool_id":5,"reward_type":8,"item_id":800133,"number":86400,"range":0,"weight":297,"res_level":1,"player_level":1},{"pool_id":5,"reward_type":8,"item_id":800143,"number":86400,"range":0,"weight":297,"res_level":1,"player_level":1},{"pool_id":5,"reward_type":8,"item_id":800153,"number":86400,"range":0,"weight":297,"res_level":1,"player_level":1},{"pool_id":5,"reward_type":8,"item_id":800163,"number":86400,"range":0,"weight":297,"res_level":1,"player_level":1},{"pool_id":5,"reward_type":8,"item_id":800173,"number":86400,"range":0,"weight":297,"res_level":1,"player_level":1},{"pool_id":5,"reward_type":8,"item_id":800183,"number":86400,"range":0,"weight":297,"res_level":1,"player_level":1},{"pool_id":5,"reward_type":8,"item_id":800193,"number":86400,"range":0,"weight":297,"res_level":1,"player_level":1},{"pool_id":5,"reward_type":8,"item_id":800203,"number":86400,"range":0,"weight":297,"res_level":1,"player_level":1},{"pool_id":5,"reward_type":8,"item_id":800213,"number":86400,"range":0,"weight":297,"res_level":1,"player_level":1},{"pool_id":5,"reward_type":8,"item_id":800223,"number":86400,"range":0,"weight":297,"res_level":1,"player_level":1},{"pool_id":5,"reward_type":8,"item_id":800233,"number":86400,"range":0,"weight":297,"res_level":1,"player_level":1},{"pool_id":5,"reward_type":8,"item_id":800243,"number":86400,"range":0,"weight":297,"res_level":1,"player_level":1},{"pool_id":5,"reward_type":8,"item_id":800253,"number":86400,"range":0,"weight":297,"res_level":1,"player_level":1},{"pool_id":5,"reward_type":8,"item_id":800263,"number":86400,"range":0,"weight":297,"res_level":1,"player_level":1},{"pool_id":5,"reward_type":8,"item_id":800273,"number":86400,"range":0,"weight":297,"res_level":1,"player_level":1},{"pool_id":5,"reward_type":8,"item_id":800283,"number":86400,"range":0,"weight":297,"res_level":1,"player_level":1},{"pool_id":5,"reward_type":8,"item_id":800293,"number":86400,"range":0,"weight":297,"res_level":1,"player_level":1},{"pool_id":5,"reward_type":8,"item_id":800303,"number":86400,"range":0,"weight":297,"res_level":1,"player_level":1},{"pool_id":5,"reward_type":8,"item_id":800313,"number":86400,"range":0,"weight":297,"res_level":1,"player_level":1},{"pool_id":5,"reward_type":8,"item_id":800323,"number":86400,"range":0,"weight":297,"res_level":1,"player_level":1},{"pool_id":5,"reward_type":8,"item_id":800333,"number":86400,"range":0,"weight":297,"res_level":1,"player_level":1},{"pool_id":5,"reward_type":8,"item_id":800343,"number":86400,"range":0,"weight":297,"res_level":1,"player_level":1},{"pool_id":5,"reward_type":8,"item_id":800353,"number":86400,"range":0,"weight":297,"res_level":1,"player_level":1},{"pool_id":5,"reward_type":8,"item_id":800363,"number":86400,"range":0,"weight":297,"res_level":1,"player_level":1},{"pool_id":5,"reward_type":8,"item_id":800373,"number":86400,"range":0,"weight":297,"res_level":1,"player_level":1},{"pool_id":5,"reward_type":8,"item_id":800383,"number":86400,"range":0,"weight":297,"res_level":1,"player_level":1},{"pool_id":5,"reward_type":8,"item_id":800393,"number":86400,"range":0,"weight":297,"res_level":1,"player_level":1},{"pool_id":5,"reward_type":8,"item_id":800403,"number":86400,"range":0,"weight":297,"res_level":1,"player_level":1},{"pool_id":5,"reward_type":8,"item_id":800413,"number":86400,"range":0,"weight":297,"res_level":1,"player_level":1},{"pool_id":5,"reward_type":8,"item_id":800423,"number":86400,"range":0,"weight":297,"res_level":1,"player_level":1},{"pool_id":5,"reward_type":8,"item_id":800433,"number":86400,"range":0,"weight":297,"res_level":1,"player_level":1},{"pool_id":5,"reward_type":8,"item_id":800443,"number":86400,"range":0,"weight":297,"res_level":1,"player_level":1},{"pool_id":5,"reward_type":8,"item_id":800453,"number":86400,"range":0,"weight":297,"res_level":1,"player_level":1},{"pool_id":5,"reward_type":8,"item_id":800463,"number":86400,"range":0,"weight":297,"res_level":1,"player_level":1},{"pool_id":5,"reward_type":8,"item_id":800473,"number":86400,"range":0,"weight":297,"res_level":1,"player_level":1},{"pool_id":5,"reward_type":8,"item_id":800483,"number":86400,"range":0,"weight":297,"res_level":1,"player_level":1},{"pool_id":5,"reward_type":8,"item_id":800493,"number":86400,"range":0,"weight":297,"res_level":1,"player_level":1},{"pool_id":5,"reward_type":8,"item_id":800503,"number":86400,"range":0,"weight":297,"res_level":1,"player_level":1},{"pool_id":5,"reward_type":8,"item_id":800513,"number":86400,"range":0,"weight":297,"res_level":1,"player_level":1},{"pool_id":5,"reward_type":8,"item_id":800523,"number":86400,"range":0,"weight":297,"res_level":1,"player_level":1},{"pool_id":5,"reward_type":8,"item_id":800533,"number":86400,"range":0,"weight":297,"res_level":1,"player_level":1},{"pool_id":5,"reward_type":8,"item_id":800543,"number":86400,"range":0,"weight":297,"res_level":1,"player_level":1},{"pool_id":5,"reward_type":8,"item_id":800553,"number":86400,"range":0,"weight":297,"res_level":1,"player_level":1},{"pool_id":5,"reward_type":8,"item_id":800563,"number":86400,"range":0,"weight":297,"res_level":1,"player_level":1},{"pool_id":5,"reward_type":8,"item_id":800573,"number":86400,"range":0,"weight":297,"res_level":1,"player_level":1},{"pool_id":5,"reward_type":8,"item_id":800583,"number":86400,"range":0,"weight":297,"res_level":1,"player_level":1},{"pool_id":5,"reward_type":8,"item_id":800593,"number":86400,"range":0,"weight":297,"res_level":1,"player_level":1},{"pool_id":5,"reward_type":8,"item_id":800603,"number":86400,"range":0,"weight":297,"res_level":1,"player_level":1},{"pool_id":5,"reward_type":8,"item_id":800613,"number":86400,"range":0,"weight":297,"res_level":1,"player_level":1},{"pool_id":5,"reward_type":8,"item_id":800623,"number":86400,"range":0,"weight":297,"res_level":1,"player_level":1},{"pool_id":5,"reward_type":8,"item_id":850013,"number":86400,"range":0,"weight":198,"res_level":1,"player_level":1},{"pool_id":5,"reward_type":8,"item_id":850023,"number":86400,"range":0,"weight":198,"res_level":1,"player_level":1},{"pool_id":5,"reward_type":8,"item_id":850033,"number":86400,"range":0,"weight":198,"res_level":1,"player_level":1},{"pool_id":5,"reward_type":8,"item_id":850043,"number":86400,"range":0,"weight":198,"res_level":1,"player_level":1},{"pool_id":5,"reward_type":8,"item_id":850053,"number":86400,"range":0,"weight":198,"res_level":1,"player_level":1},{"pool_id":5,"reward_type":8,"item_id":850063,"number":86400,"range":0,"weight":198,"res_level":1,"player_level":1},{"pool_id":5,"reward_type":8,"item_id":850073,"number":86400,"range":0,"weight":198,"res_level":1,"player_level":1},{"pool_id":5,"reward_type":8,"item_id":850083,"number":86400,"range":0,"weight":198,"res_level":1,"player_level":1},{"pool_id":5,"reward_type":8,"item_id":850093,"number":86400,"range":0,"weight":198,"res_level":1,"player_level":1},{"pool_id":5,"reward_type":8,"item_id":850103,"number":86400,"range":0,"weight":198,"res_level":1,"player_level":1},{"pool_id":5,"reward_type":8,"item_id":850113,"number":86400,"range":0,"weight":198,"res_level":1,"player_level":1},{"pool_id":5,"reward_type":8,"item_id":850123,"number":86400,"range":0,"weight":198,"res_level":1,"player_level":1},{"pool_id":5,"reward_type":8,"item_id":850133,"number":86400,"range":0,"weight":198,"res_level":1,"player_level":1},{"pool_id":5,"reward_type":8,"item_id":850143,"number":86400,"range":0,"weight":198,"res_level":1,"player_level":1},{"pool_id":5,"reward_type":8,"item_id":850153,"number":86400,"range":0,"weight":198,"res_level":1,"player_level":1},{"pool_id":5,"reward_type":8,"item_id":850163,"number":86400,"range":0,"weight":198,"res_level":1,"player_level":1},{"pool_id":5,"reward_type":8,"item_id":850173,"number":86400,"range":0,"weight":198,"res_level":1,"player_level":1},{"pool_id":5,"reward_type":8,"item_id":850183,"number":86400,"range":0,"weight":198,"res_level":1,"player_level":1},{"pool_id":5,"reward_type":8,"item_id":850193,"number":86400,"range":0,"weight":198,"res_level":1,"player_level":1},{"pool_id":5,"reward_type":8,"item_id":850203,"number":86400,"range":0,"weight":198,"res_level":1,"player_level":1},{"pool_id":5,"reward_type":8,"item_id":850213,"number":86400,"range":0,"weight":198,"res_level":1,"player_level":1},{"pool_id":5,"reward_type":8,"item_id":850223,"number":86400,"range":0,"weight":198,"res_level":1,"player_level":1},{"pool_id":5,"reward_type":8,"item_id":800013,"number":-1,"range":0,"weight":3,"res_level":1,"player_level":1},{"pool_id":5,"reward_type":8,"item_id":800023,"number":-1,"range":0,"weight":3,"res_level":1,"player_level":1},{"pool_id":5,"reward_type":8,"item_id":800033,"number":-1,"range":0,"weight":3,"res_level":1,"player_level":1},{"pool_id":5,"reward_type":8,"item_id":800043,"number":-1,"range":0,"weight":3,"res_level":1,"player_level":1},{"pool_id":5,"reward_type":8,"item_id":800053,"number":-1,"range":0,"weight":3,"res_level":1,"player_level":1},{"pool_id":5,"reward_type":8,"item_id":800063,"number":-1,"range":0,"weight":3,"res_level":1,"player_level":1},{"pool_id":5,"reward_type":8,"item_id":800073,"number":-1,"range":0,"weight":3,"res_level":1,"player_level":1},{"pool_id":5,"reward_type":8,"item_id":800083,"number":-1,"range":0,"weight":3,"res_level":1,"player_level":1},{"pool_id":5,"reward_type":8,"item_id":800093,"number":-1,"range":0,"weight":3,"res_level":1,"player_level":1},{"pool_id":5,"reward_type":8,"item_id":800103,"number":-1,"range":0,"weight":3,"res_level":1,"player_level":1},{"pool_id":5,"reward_type":8,"item_id":800113,"number":-1,"range":0,"weight":3,"res_level":1,"player_level":1},{"pool_id":5,"reward_type":8,"item_id":800123,"number":-1,"range":0,"weight":3,"res_level":1,"player_level":1},{"pool_id":5,"reward_type":8,"item_id":800133,"number":-1,"range":0,"weight":3,"res_level":1,"player_level":1},{"pool_id":5,"reward_type":8,"item_id":800143,"number":-1,"range":0,"weight":3,"res_level":1,"player_level":1},{"pool_id":5,"reward_type":8,"item_id":800153,"number":-1,"range":0,"weight":3,"res_level":1,"player_level":1},{"pool_id":5,"reward_type":8,"item_id":800163,"number":-1,"range":0,"weight":3,"res_level":1,"player_level":1},{"pool_id":5,"reward_type":8,"item_id":800173,"number":-1,"range":0,"weight":3,"res_level":1,"player_level":1},{"pool_id":5,"reward_type":8,"item_id":800183,"number":-1,"range":0,"weight":3,"res_level":1,"player_level":1},{"pool_id":5,"reward_type":8,"item_id":800193,"number":-1,"range":0,"weight":3,"res_level":1,"player_level":1},{"pool_id":5,"reward_type":8,"item_id":800203,"number":-1,"range":0,"weight":3,"res_level":1,"player_level":1},{"pool_id":5,"reward_type":8,"item_id":800213,"number":-1,"range":0,"weight":3,"res_level":1,"player_level":1},{"pool_id":5,"reward_type":8,"item_id":800223,"number":-1,"range":0,"weight":3,"res_level":1,"player_level":1},{"pool_id":5,"reward_type":8,"item_id":800233,"number":-1,"range":0,"weight":3,"res_level":1,"player_level":1},{"pool_id":5,"reward_type":8,"item_id":800243,"number":-1,"range":0,"weight":3,"res_level":1,"player_level":1},{"pool_id":5,"reward_type":8,"item_id":800253,"number":-1,"range":0,"weight":3,"res_level":1,"player_level":1},{"pool_id":5,"reward_type":8,"item_id":800263,"number":-1,"range":0,"weight":3,"res_level":1,"player_level":1},{"pool_id":5,"reward_type":8,"item_id":800273,"number":-1,"range":0,"weight":3,"res_level":1,"player_level":1},{"pool_id":5,"reward_type":8,"item_id":800283,"number":-1,"range":0,"weight":3,"res_level":1,"player_level":1},{"pool_id":5,"reward_type":8,"item_id":800293,"number":-1,"range":0,"weight":3,"res_level":1,"player_level":1},{"pool_id":5,"reward_type":8,"item_id":800303,"number":-1,"range":0,"weight":3,"res_level":1,"player_level":1},{"pool_id":5,"reward_type":8,"item_id":800313,"number":-1,"range":0,"weight":3,"res_level":1,"player_level":1},{"pool_id":5,"reward_type":8,"item_id":800323,"number":-1,"range":0,"weight":3,"res_level":1,"player_level":1},{"pool_id":5,"reward_type":8,"item_id":800333,"number":-1,"range":0,"weight":3,"res_level":1,"player_level":1},{"pool_id":5,"reward_type":8,"item_id":800343,"number":-1,"range":0,"weight":3,"res_level":1,"player_level":1},{"pool_id":5,"reward_type":8,"item_id":800353,"number":-1,"range":0,"weight":3,"res_level":1,"player_level":1},{"pool_id":5,"reward_type":8,"item_id":800363,"number":-1,"range":0,"weight":3,"res_level":1,"player_level":1},{"pool_id":5,"reward_type":8,"item_id":800373,"number":-1,"range":0,"weight":3,"res_level":1,"player_level":1},{"pool_id":5,"reward_type":8,"item_id":800383,"number":-1,"range":0,"weight":3,"res_level":1,"player_level":1},{"pool_id":5,"reward_type":8,"item_id":800393,"number":-1,"range":0,"weight":3,"res_level":1,"player_level":1},{"pool_id":5,"reward_type":8,"item_id":800403,"number":-1,"range":0,"weight":3,"res_level":1,"player_level":1},{"pool_id":5,"reward_type":8,"item_id":800413,"number":-1,"range":0,"weight":3,"res_level":1,"player_level":1},{"pool_id":5,"reward_type":8,"item_id":800423,"number":-1,"range":0,"weight":3,"res_level":1,"player_level":1},{"pool_id":5,"reward_type":8,"item_id":800433,"number":-1,"range":0,"weight":3,"res_level":1,"player_level":1},{"pool_id":5,"reward_type":8,"item_id":800443,"number":-1,"range":0,"weight":3,"res_level":1,"player_level":1},{"pool_id":5,"reward_type":8,"item_id":800453,"number":-1,"range":0,"weight":3,"res_level":1,"player_level":1},{"pool_id":5,"reward_type":8,"item_id":800463,"number":-1,"range":0,"weight":3,"res_level":1,"player_level":1},{"pool_id":5,"reward_type":8,"item_id":800473,"number":-1,"range":0,"weight":3,"res_level":1,"player_level":1},{"pool_id":5,"reward_type":8,"item_id":800483,"number":-1,"range":0,"weight":3,"res_level":1,"player_level":1},{"pool_id":5,"reward_type":8,"item_id":800493,"number":-1,"range":0,"weight":3,"res_level":1,"player_level":1},{"pool_id":5,"reward_type":8,"item_id":800503,"number":-1,"range":0,"weight":3,"res_level":1,"player_level":1},{"pool_id":5,"reward_type":8,"item_id":800513,"number":-1,"range":0,"weight":3,"res_level":1,"player_level":1},{"pool_id":5,"reward_type":8,"item_id":800523,"number":-1,"range":0,"weight":3,"res_level":1,"player_level":1},{"pool_id":5,"reward_type":8,"item_id":800533,"number":-1,"range":0,"weight":3,"res_level":1,"player_level":1},{"pool_id":5,"reward_type":8,"item_id":800543,"number":-1,"range":0,"weight":3,"res_level":1,"player_level":1},{"pool_id":5,"reward_type":8,"item_id":800553,"number":-1,"range":0,"weight":3,"res_level":1,"player_level":1},{"pool_id":5,"reward_type":8,"item_id":800563,"number":-1,"range":0,"weight":3,"res_level":1,"player_level":1},{"pool_id":5,"reward_type":8,"item_id":800573,"number":-1,"range":0,"weight":3,"res_level":1,"player_level":1},{"pool_id":5,"reward_type":8,"item_id":800583,"number":-1,"range":0,"weight":3,"res_level":1,"player_level":1},{"pool_id":5,"reward_type":8,"item_id":800593,"number":-1,"range":0,"weight":3,"res_level":1,"player_level":1},{"pool_id":5,"reward_type":8,"item_id":800603,"number":-1,"range":0,"weight":3,"res_level":1,"player_level":1},{"pool_id":5,"reward_type":8,"item_id":800613,"number":-1,"range":0,"weight":3,"res_level":1,"player_level":1},{"pool_id":5,"reward_type":8,"item_id":800623,"number":-1,"range":0,"weight":3,"res_level":1,"player_level":1},{"pool_id":5,"reward_type":8,"item_id":850013,"number":-1,"range":0,"weight":2,"res_level":1,"player_level":1},{"pool_id":5,"reward_type":8,"item_id":850023,"number":-1,"range":0,"weight":2,"res_level":1,"player_level":1},{"pool_id":5,"reward_type":8,"item_id":850033,"number":-1,"range":0,"weight":2,"res_level":1,"player_level":1},{"pool_id":5,"reward_type":8,"item_id":850043,"number":-1,"range":0,"weight":2,"res_level":1,"player_level":1},{"pool_id":5,"reward_type":8,"item_id":850053,"number":-1,"range":0,"weight":2,"res_level":1,"player_level":1},{"pool_id":5,"reward_type":8,"item_id":850063,"number":-1,"range":0,"weight":2,"res_level":1,"player_level":1},{"pool_id":5,"reward_type":8,"item_id":850073,"number":-1,"range":0,"weight":2,"res_level":1,"player_level":1},{"pool_id":5,"reward_type":8,"item_id":850083,"number":-1,"range":0,"weight":2,"res_level":1,"player_level":1},{"pool_id":5,"reward_type":8,"item_id":850093,"number":-1,"range":0,"weight":2,"res_level":1,"player_level":1},{"pool_id":5,"reward_type":8,"item_id":850103,"number":-1,"range":0,"weight":2,"res_level":1,"player_level":1},{"pool_id":5,"reward_type":8,"item_id":850113,"number":-1,"range":0,"weight":2,"res_level":1,"player_level":1},{"pool_id":5,"reward_type":8,"item_id":850123,"number":-1,"range":0,"weight":2,"res_level":1,"player_level":1},{"pool_id":5,"reward_type":8,"item_id":850133,"number":-1,"range":0,"weight":2,"res_level":1,"player_level":1},{"pool_id":5,"reward_type":8,"item_id":850143,"number":-1,"range":0,"weight":2,"res_level":1,"player_level":1},{"pool_id":5,"reward_type":8,"item_id":850153,"number":-1,"range":0,"weight":2,"res_level":1,"player_level":1},{"pool_id":5,"reward_type":8,"item_id":850163,"number":-1,"range":0,"weight":2,"res_level":1,"player_level":1},{"pool_id":5,"reward_type":8,"item_id":850173,"number":-1,"range":0,"weight":2,"res_level":1,"player_level":1},{"pool_id":5,"reward_type":8,"item_id":850183,"number":-1,"range":0,"weight":2,"res_level":1,"player_level":1},{"pool_id":5,"reward_type":8,"item_id":850193,"number":-1,"range":0,"weight":2,"res_level":1,"player_level":1},{"pool_id":5,"reward_type":8,"item_id":850203,"number":-1,"range":0,"weight":2,"res_level":1,"player_level":1},{"pool_id":5,"reward_type":8,"item_id":850213,"number":-1,"range":0,"weight":2,"res_level":1,"player_level":1},{"pool_id":5,"reward_type":8,"item_id":850223,"number":-1,"range":0,"weight":2,"res_level":1,"player_level":1},{"pool_id":6,"reward_type":8,"item_id":800014,"number":86400,"range":0,"weight":198,"res_level":1,"player_level":1},{"pool_id":6,"reward_type":8,"item_id":800024,"number":86400,"range":0,"weight":198,"res_level":1,"player_level":1},{"pool_id":6,"reward_type":8,"item_id":800034,"number":86400,"range":0,"weight":198,"res_level":1,"player_level":1},{"pool_id":6,"reward_type":8,"item_id":800044,"number":86400,"range":0,"weight":198,"res_level":1,"player_level":1},{"pool_id":6,"reward_type":8,"item_id":800054,"number":86400,"range":0,"weight":198,"res_level":1,"player_level":1},{"pool_id":6,"reward_type":8,"item_id":800064,"number":86400,"range":0,"weight":198,"res_level":1,"player_level":1},{"pool_id":6,"reward_type":8,"item_id":800074,"number":86400,"range":0,"weight":198,"res_level":1,"player_level":1},{"pool_id":6,"reward_type":8,"item_id":800084,"number":86400,"range":0,"weight":198,"res_level":1,"player_level":1},{"pool_id":6,"reward_type":8,"item_id":800094,"number":86400,"range":0,"weight":198,"res_level":1,"player_level":1},{"pool_id":6,"reward_type":8,"item_id":800104,"number":86400,"range":0,"weight":198,"res_level":1,"player_level":1},{"pool_id":6,"reward_type":8,"item_id":800114,"number":86400,"range":0,"weight":198,"res_level":1,"player_level":1},{"pool_id":6,"reward_type":8,"item_id":800124,"number":86400,"range":0,"weight":198,"res_level":1,"player_level":1},{"pool_id":6,"reward_type":8,"item_id":800134,"number":86400,"range":0,"weight":198,"res_level":1,"player_level":1},{"pool_id":6,"reward_type":8,"item_id":800144,"number":86400,"range":0,"weight":198,"res_level":1,"player_level":1},{"pool_id":6,"reward_type":8,"item_id":800154,"number":86400,"range":0,"weight":198,"res_level":1,"player_level":1},{"pool_id":6,"reward_type":8,"item_id":800164,"number":86400,"range":0,"weight":198,"res_level":1,"player_level":1},{"pool_id":6,"reward_type":8,"item_id":800174,"number":86400,"range":0,"weight":198,"res_level":1,"player_level":1},{"pool_id":6,"reward_type":8,"item_id":800184,"number":86400,"range":0,"weight":198,"res_level":1,"player_level":1},{"pool_id":6,"reward_type":8,"item_id":800194,"number":86400,"range":0,"weight":198,"res_level":1,"player_level":1},{"pool_id":6,"reward_type":8,"item_id":800204,"number":86400,"range":0,"weight":198,"res_level":1,"player_level":1},{"pool_id":6,"reward_type":8,"item_id":800214,"number":86400,"range":0,"weight":198,"res_level":1,"player_level":1},{"pool_id":6,"reward_type":8,"item_id":800224,"number":86400,"range":0,"weight":198,"res_level":1,"player_level":1},{"pool_id":6,"reward_type":8,"item_id":800234,"number":86400,"range":0,"weight":198,"res_level":1,"player_level":1},{"pool_id":6,"reward_type":8,"item_id":800244,"number":86400,"range":0,"weight":198,"res_level":1,"player_level":1},{"pool_id":6,"reward_type":8,"item_id":800254,"number":86400,"range":0,"weight":198,"res_level":1,"player_level":1},{"pool_id":6,"reward_type":8,"item_id":800264,"number":86400,"range":0,"weight":198,"res_level":1,"player_level":1},{"pool_id":6,"reward_type":8,"item_id":800274,"number":86400,"range":0,"weight":198,"res_level":1,"player_level":1},{"pool_id":6,"reward_type":8,"item_id":800284,"number":86400,"range":0,"weight":198,"res_level":1,"player_level":1},{"pool_id":6,"reward_type":8,"item_id":800294,"number":86400,"range":0,"weight":198,"res_level":1,"player_level":1},{"pool_id":6,"reward_type":8,"item_id":800304,"number":86400,"range":0,"weight":198,"res_level":1,"player_level":1},{"pool_id":6,"reward_type":8,"item_id":800314,"number":86400,"range":0,"weight":198,"res_level":1,"player_level":1},{"pool_id":6,"reward_type":8,"item_id":800324,"number":86400,"range":0,"weight":198,"res_level":1,"player_level":1},{"pool_id":6,"reward_type":8,"item_id":800334,"number":86400,"range":0,"weight":198,"res_level":1,"player_level":1},{"pool_id":6,"reward_type":8,"item_id":800344,"number":86400,"range":0,"weight":198,"res_level":1,"player_level":1},{"pool_id":6,"reward_type":8,"item_id":800354,"number":86400,"range":0,"weight":198,"res_level":1,"player_level":1},{"pool_id":6,"reward_type":8,"item_id":800364,"number":86400,"range":0,"weight":198,"res_level":1,"player_level":1},{"pool_id":6,"reward_type":8,"item_id":800374,"number":86400,"range":0,"weight":198,"res_level":1,"player_level":1},{"pool_id":6,"reward_type":8,"item_id":800384,"number":86400,"range":0,"weight":198,"res_level":1,"player_level":1},{"pool_id":6,"reward_type":8,"item_id":800394,"number":86400,"range":0,"weight":198,"res_level":1,"player_level":1},{"pool_id":6,"reward_type":8,"item_id":800404,"number":86400,"range":0,"weight":198,"res_level":1,"player_level":1},{"pool_id":6,"reward_type":8,"item_id":800414,"number":86400,"range":0,"weight":198,"res_level":1,"player_level":1},{"pool_id":6,"reward_type":8,"item_id":800424,"number":86400,"range":0,"weight":198,"res_level":1,"player_level":1},{"pool_id":6,"reward_type":8,"item_id":800434,"number":86400,"range":0,"weight":198,"res_level":1,"player_level":1},{"pool_id":6,"reward_type":8,"item_id":800444,"number":86400,"range":0,"weight":198,"res_level":1,"player_level":1},{"pool_id":6,"reward_type":8,"item_id":800454,"number":86400,"range":0,"weight":198,"res_level":1,"player_level":1},{"pool_id":6,"reward_type":8,"item_id":800464,"number":86400,"range":0,"weight":198,"res_level":1,"player_level":1},{"pool_id":6,"reward_type":8,"item_id":800474,"number":86400,"range":0,"weight":198,"res_level":1,"player_level":1},{"pool_id":6,"reward_type":8,"item_id":800484,"number":86400,"range":0,"weight":198,"res_level":1,"player_level":1},{"pool_id":6,"reward_type":8,"item_id":800494,"number":86400,"range":0,"weight":198,"res_level":1,"player_level":1},{"pool_id":6,"reward_type":8,"item_id":800504,"number":86400,"range":0,"weight":198,"res_level":1,"player_level":1},{"pool_id":6,"reward_type":8,"item_id":800514,"number":86400,"range":0,"weight":198,"res_level":1,"player_level":1},{"pool_id":6,"reward_type":8,"item_id":800524,"number":86400,"range":0,"weight":198,"res_level":1,"player_level":1},{"pool_id":6,"reward_type":8,"item_id":800534,"number":86400,"range":0,"weight":198,"res_level":1,"player_level":1},{"pool_id":6,"reward_type":8,"item_id":800544,"number":86400,"range":0,"weight":198,"res_level":1,"player_level":1},{"pool_id":6,"reward_type":8,"item_id":800554,"number":86400,"range":0,"weight":198,"res_level":1,"player_level":1},{"pool_id":6,"reward_type":8,"item_id":800564,"number":86400,"range":0,"weight":198,"res_level":1,"player_level":1},{"pool_id":6,"reward_type":8,"item_id":800574,"number":86400,"range":0,"weight":198,"res_level":1,"player_level":1},{"pool_id":6,"reward_type":8,"item_id":800584,"number":86400,"range":0,"weight":198,"res_level":1,"player_level":1},{"pool_id":6,"reward_type":8,"item_id":800594,"number":86400,"range":0,"weight":198,"res_level":1,"player_level":1},{"pool_id":6,"reward_type":8,"item_id":800604,"number":86400,"range":0,"weight":198,"res_level":1,"player_level":1},{"pool_id":6,"reward_type":8,"item_id":800614,"number":86400,"range":0,"weight":198,"res_level":1,"player_level":1},{"pool_id":6,"reward_type":8,"item_id":800624,"number":86400,"range":0,"weight":198,"res_level":1,"player_level":1},{"pool_id":6,"reward_type":8,"item_id":850014,"number":86400,"range":0,"weight":99,"res_level":1,"player_level":1},{"pool_id":6,"reward_type":8,"item_id":850024,"number":86400,"range":0,"weight":99,"res_level":1,"player_level":1},{"pool_id":6,"reward_type":8,"item_id":850034,"number":86400,"range":0,"weight":99,"res_level":1,"player_level":1},{"pool_id":6,"reward_type":8,"item_id":850044,"number":86400,"range":0,"weight":99,"res_level":1,"player_level":1},{"pool_id":6,"reward_type":8,"item_id":850054,"number":86400,"range":0,"weight":99,"res_level":1,"player_level":1},{"pool_id":6,"reward_type":8,"item_id":850064,"number":86400,"range":0,"weight":99,"res_level":1,"player_level":1},{"pool_id":6,"reward_type":8,"item_id":850074,"number":86400,"range":0,"weight":99,"res_level":1,"player_level":1},{"pool_id":6,"reward_type":8,"item_id":850084,"number":86400,"range":0,"weight":99,"res_level":1,"player_level":1},{"pool_id":6,"reward_type":8,"item_id":850094,"number":86400,"range":0,"weight":99,"res_level":1,"player_level":1},{"pool_id":6,"reward_type":8,"item_id":850104,"number":86400,"range":0,"weight":99,"res_level":1,"player_level":1},{"pool_id":6,"reward_type":8,"item_id":850114,"number":86400,"range":0,"weight":99,"res_level":1,"player_level":1},{"pool_id":6,"reward_type":8,"item_id":850124,"number":86400,"range":0,"weight":99,"res_level":1,"player_level":1},{"pool_id":6,"reward_type":8,"item_id":850134,"number":86400,"range":0,"weight":99,"res_level":1,"player_level":1},{"pool_id":6,"reward_type":8,"item_id":850144,"number":86400,"range":0,"weight":99,"res_level":1,"player_level":1},{"pool_id":6,"reward_type":8,"item_id":850154,"number":86400,"range":0,"weight":99,"res_level":1,"player_level":1},{"pool_id":6,"reward_type":8,"item_id":850164,"number":86400,"range":0,"weight":99,"res_level":1,"player_level":1},{"pool_id":6,"reward_type":8,"item_id":850174,"number":86400,"range":0,"weight":99,"res_level":1,"player_level":1},{"pool_id":6,"reward_type":8,"item_id":850184,"number":86400,"range":0,"weight":99,"res_level":1,"player_level":1},{"pool_id":6,"reward_type":8,"item_id":850194,"number":86400,"range":0,"weight":99,"res_level":1,"player_level":1},{"pool_id":6,"reward_type":8,"item_id":850204,"number":86400,"range":0,"weight":99,"res_level":1,"player_level":1},{"pool_id":6,"reward_type":8,"item_id":850214,"number":86400,"range":0,"weight":99,"res_level":1,"player_level":1},{"pool_id":6,"reward_type":8,"item_id":850224,"number":86400,"range":0,"weight":99,"res_level":1,"player_level":1},{"pool_id":6,"reward_type":8,"item_id":800014,"number":-1,"range":0,"weight":2,"res_level":1,"player_level":1},{"pool_id":6,"reward_type":8,"item_id":800024,"number":-1,"range":0,"weight":2,"res_level":1,"player_level":1},{"pool_id":6,"reward_type":8,"item_id":800034,"number":-1,"range":0,"weight":2,"res_level":1,"player_level":1},{"pool_id":6,"reward_type":8,"item_id":800044,"number":-1,"range":0,"weight":2,"res_level":1,"player_level":1},{"pool_id":6,"reward_type":8,"item_id":800054,"number":-1,"range":0,"weight":2,"res_level":1,"player_level":1},{"pool_id":6,"reward_type":8,"item_id":800064,"number":-1,"range":0,"weight":2,"res_level":1,"player_level":1},{"pool_id":6,"reward_type":8,"item_id":800074,"number":-1,"range":0,"weight":2,"res_level":1,"player_level":1},{"pool_id":6,"reward_type":8,"item_id":800084,"number":-1,"range":0,"weight":2,"res_level":1,"player_level":1},{"pool_id":6,"reward_type":8,"item_id":800094,"number":-1,"range":0,"weight":2,"res_level":1,"player_level":1},{"pool_id":6,"reward_type":8,"item_id":800104,"number":-1,"range":0,"weight":2,"res_level":1,"player_level":1},{"pool_id":6,"reward_type":8,"item_id":800114,"number":-1,"range":0,"weight":2,"res_level":1,"player_level":1},{"pool_id":6,"reward_type":8,"item_id":800124,"number":-1,"range":0,"weight":2,"res_level":1,"player_level":1},{"pool_id":6,"reward_type":8,"item_id":800134,"number":-1,"range":0,"weight":2,"res_level":1,"player_level":1},{"pool_id":6,"reward_type":8,"item_id":800144,"number":-1,"range":0,"weight":2,"res_level":1,"player_level":1},{"pool_id":6,"reward_type":8,"item_id":800154,"number":-1,"range":0,"weight":2,"res_level":1,"player_level":1},{"pool_id":6,"reward_type":8,"item_id":800164,"number":-1,"range":0,"weight":2,"res_level":1,"player_level":1},{"pool_id":6,"reward_type":8,"item_id":800174,"number":-1,"range":0,"weight":2,"res_level":1,"player_level":1},{"pool_id":6,"reward_type":8,"item_id":800184,"number":-1,"range":0,"weight":2,"res_level":1,"player_level":1},{"pool_id":6,"reward_type":8,"item_id":800194,"number":-1,"range":0,"weight":2,"res_level":1,"player_level":1},{"pool_id":6,"reward_type":8,"item_id":800204,"number":-1,"range":0,"weight":2,"res_level":1,"player_level":1},{"pool_id":6,"reward_type":8,"item_id":800214,"number":-1,"range":0,"weight":2,"res_level":1,"player_level":1},{"pool_id":6,"reward_type":8,"item_id":800224,"number":-1,"range":0,"weight":2,"res_level":1,"player_level":1},{"pool_id":6,"reward_type":8,"item_id":800234,"number":-1,"range":0,"weight":2,"res_level":1,"player_level":1},{"pool_id":6,"reward_type":8,"item_id":800244,"number":-1,"range":0,"weight":2,"res_level":1,"player_level":1},{"pool_id":6,"reward_type":8,"item_id":800254,"number":-1,"range":0,"weight":2,"res_level":1,"player_level":1},{"pool_id":6,"reward_type":8,"item_id":800264,"number":-1,"range":0,"weight":2,"res_level":1,"player_level":1},{"pool_id":6,"reward_type":8,"item_id":800274,"number":-1,"range":0,"weight":2,"res_level":1,"player_level":1},{"pool_id":6,"reward_type":8,"item_id":800284,"number":-1,"range":0,"weight":2,"res_level":1,"player_level":1},{"pool_id":6,"reward_type":8,"item_id":800294,"number":-1,"range":0,"weight":2,"res_level":1,"player_level":1},{"pool_id":6,"reward_type":8,"item_id":800304,"number":-1,"range":0,"weight":2,"res_level":1,"player_level":1},{"pool_id":6,"reward_type":8,"item_id":800314,"number":-1,"range":0,"weight":2,"res_level":1,"player_level":1},{"pool_id":6,"reward_type":8,"item_id":800324,"number":-1,"range":0,"weight":2,"res_level":1,"player_level":1},{"pool_id":6,"reward_type":8,"item_id":800334,"number":-1,"range":0,"weight":2,"res_level":1,"player_level":1},{"pool_id":6,"reward_type":8,"item_id":800344,"number":-1,"range":0,"weight":2,"res_level":1,"player_level":1},{"pool_id":6,"reward_type":8,"item_id":800354,"number":-1,"range":0,"weight":2,"res_level":1,"player_level":1},{"pool_id":6,"reward_type":8,"item_id":800364,"number":-1,"range":0,"weight":2,"res_level":1,"player_level":1},{"pool_id":6,"reward_type":8,"item_id":800374,"number":-1,"range":0,"weight":2,"res_level":1,"player_level":1},{"pool_id":6,"reward_type":8,"item_id":800384,"number":-1,"range":0,"weight":2,"res_level":1,"player_level":1},{"pool_id":6,"reward_type":8,"item_id":800394,"number":-1,"range":0,"weight":2,"res_level":1,"player_level":1},{"pool_id":6,"reward_type":8,"item_id":800404,"number":-1,"range":0,"weight":2,"res_level":1,"player_level":1},{"pool_id":6,"reward_type":8,"item_id":800414,"number":-1,"range":0,"weight":2,"res_level":1,"player_level":1},{"pool_id":6,"reward_type":8,"item_id":800424,"number":-1,"range":0,"weight":2,"res_level":1,"player_level":1},{"pool_id":6,"reward_type":8,"item_id":800434,"number":-1,"range":0,"weight":2,"res_level":1,"player_level":1},{"pool_id":6,"reward_type":8,"item_id":800444,"number":-1,"range":0,"weight":2,"res_level":1,"player_level":1},{"pool_id":6,"reward_type":8,"item_id":800454,"number":-1,"range":0,"weight":2,"res_level":1,"player_level":1},{"pool_id":6,"reward_type":8,"item_id":800464,"number":-1,"range":0,"weight":2,"res_level":1,"player_level":1},{"pool_id":6,"reward_type":8,"item_id":800474,"number":-1,"range":0,"weight":2,"res_level":1,"player_level":1},{"pool_id":6,"reward_type":8,"item_id":800484,"number":-1,"range":0,"weight":2,"res_level":1,"player_level":1},{"pool_id":6,"reward_type":8,"item_id":800494,"number":-1,"range":0,"weight":2,"res_level":1,"player_level":1},{"pool_id":6,"reward_type":8,"item_id":800504,"number":-1,"range":0,"weight":2,"res_level":1,"player_level":1},{"pool_id":6,"reward_type":8,"item_id":800514,"number":-1,"range":0,"weight":2,"res_level":1,"player_level":1},{"pool_id":6,"reward_type":8,"item_id":800524,"number":-1,"range":0,"weight":2,"res_level":1,"player_level":1},{"pool_id":6,"reward_type":8,"item_id":800534,"number":-1,"range":0,"weight":2,"res_level":1,"player_level":1},{"pool_id":6,"reward_type":8,"item_id":800544,"number":-1,"range":0,"weight":2,"res_level":1,"player_level":1},{"pool_id":6,"reward_type":8,"item_id":800554,"number":-1,"range":0,"weight":2,"res_level":1,"player_level":1},{"pool_id":6,"reward_type":8,"item_id":800564,"number":-1,"range":0,"weight":2,"res_level":1,"player_level":1},{"pool_id":6,"reward_type":8,"item_id":800574,"number":-1,"range":0,"weight":2,"res_level":1,"player_level":1},{"pool_id":6,"reward_type":8,"item_id":800584,"number":-1,"range":0,"weight":2,"res_level":1,"player_level":1},{"pool_id":6,"reward_type":8,"item_id":800594,"number":-1,"range":0,"weight":2,"res_level":1,"player_level":1},{"pool_id":6,"reward_type":8,"item_id":800604,"number":-1,"range":0,"weight":2,"res_level":1,"player_level":1},{"pool_id":6,"reward_type":8,"item_id":800614,"number":-1,"range":0,"weight":2,"res_level":1,"player_level":1},{"pool_id":6,"reward_type":8,"item_id":800624,"number":-1,"range":0,"weight":2,"res_level":1,"player_level":1},{"pool_id":6,"reward_type":8,"item_id":850014,"number":-1,"range":0,"weight":1,"res_level":1,"player_level":1},{"pool_id":6,"reward_type":8,"item_id":850024,"number":-1,"range":0,"weight":1,"res_level":1,"player_level":1},{"pool_id":6,"reward_type":8,"item_id":850034,"number":-1,"range":0,"weight":1,"res_level":1,"player_level":1},{"pool_id":6,"reward_type":8,"item_id":850044,"number":-1,"range":0,"weight":1,"res_level":1,"player_level":1},{"pool_id":6,"reward_type":8,"item_id":850054,"number":-1,"range":0,"weight":1,"res_level":1,"player_level":1},{"pool_id":6,"reward_type":8,"item_id":850064,"number":-1,"range":0,"weight":1,"res_level":1,"player_level":1},{"pool_id":6,"reward_type":8,"item_id":850074,"number":-1,"range":0,"weight":1,"res_level":1,"player_level":1},{"pool_id":6,"reward_type":8,"item_id":850084,"number":-1,"range":0,"weight":1,"res_level":1,"player_level":1},{"pool_id":6,"reward_type":8,"item_id":850094,"number":-1,"range":0,"weight":1,"res_level":1,"player_level":1},{"pool_id":6,"reward_type":8,"item_id":850104,"number":-1,"range":0,"weight":1,"res_level":1,"player_level":1},{"pool_id":6,"reward_type":8,"item_id":850114,"number":-1,"range":0,"weight":1,"res_level":1,"player_level":1},{"pool_id":6,"reward_type":8,"item_id":850124,"number":-1,"range":0,"weight":1,"res_level":1,"player_level":1},{"pool_id":6,"reward_type":8,"item_id":850134,"number":-1,"range":0,"weight":1,"res_level":1,"player_level":1},{"pool_id":6,"reward_type":8,"item_id":850144,"number":-1,"range":0,"weight":1,"res_level":1,"player_level":1},{"pool_id":6,"reward_type":8,"item_id":850154,"number":-1,"range":0,"weight":1,"res_level":1,"player_level":1},{"pool_id":6,"reward_type":8,"item_id":850164,"number":-1,"range":0,"weight":1,"res_level":1,"player_level":1},{"pool_id":6,"reward_type":8,"item_id":850174,"number":-1,"range":0,"weight":1,"res_level":1,"player_level":1},{"pool_id":6,"reward_type":8,"item_id":850184,"number":-1,"range":0,"weight":1,"res_level":1,"player_level":1},{"pool_id":6,"reward_type":8,"item_id":850194,"number":-1,"range":0,"weight":1,"res_level":1,"player_level":1},{"pool_id":6,"reward_type":8,"item_id":850204,"number":-1,"range":0,"weight":1,"res_level":1,"player_level":1},{"pool_id":6,"reward_type":8,"item_id":850214,"number":-1,"range":0,"weight":1,"res_level":1,"player_level":1},{"pool_id":6,"reward_type":8,"item_id":850224,"number":-1,"range":0,"weight":1,"res_level":1,"player_level":1},{"pool_id":7,"reward_type":8,"item_id":800014,"number":86400,"range":0,"weight":99,"res_level":1,"player_level":1},{"pool_id":7,"reward_type":8,"item_id":800014,"number":-1,"range":0,"weight":1,"res_level":1,"player_level":1},{"pool_id":8,"reward_type":8,"item_id":800024,"number":86400,"range":0,"weight":99,"res_level":1,"player_level":1},{"pool_id":8,"reward_type":8,"item_id":800024,"number":-1,"range":0,"weight":1,"res_level":1,"player_level":1},{"pool_id":9,"reward_type":8,"item_id":800034,"number":86400,"range":0,"weight":99,"res_level":1,"player_level":1},{"pool_id":9,"reward_type":8,"item_id":800034,"number":-1,"range":0,"weight":1,"res_level":1,"player_level":1},{"pool_id":10,"reward_type":8,"item_id":800044,"number":86400,"range":0,"weight":99,"res_level":1,"player_level":1},{"pool_id":10,"reward_type":8,"item_id":800044,"number":-1,"range":0,"weight":1,"res_level":1,"player_level":1},{"pool_id":11,"reward_type":8,"item_id":800054,"number":86400,"range":0,"weight":99,"res_level":1,"player_level":1},{"pool_id":11,"reward_type":8,"item_id":800054,"number":-1,"range":0,"weight":1,"res_level":1,"player_level":1},{"pool_id":12,"reward_type":8,"item_id":800064,"number":86400,"range":0,"weight":99,"res_level":1,"player_level":1},{"pool_id":12,"reward_type":8,"item_id":800064,"number":-1,"range":0,"weight":1,"res_level":1,"player_level":1},{"pool_id":13,"reward_type":8,"item_id":800074,"number":86400,"range":0,"weight":99,"res_level":1,"player_level":1},{"pool_id":13,"reward_type":8,"item_id":800074,"number":-1,"range":0,"weight":1,"res_level":1,"player_level":1},{"pool_id":14,"reward_type":8,"item_id":800084,"number":86400,"range":0,"weight":99,"res_level":1,"player_level":1},{"pool_id":14,"reward_type":8,"item_id":800084,"number":-1,"range":0,"weight":1,"res_level":1,"player_level":1},{"pool_id":15,"reward_type":8,"item_id":800094,"number":86400,"range":0,"weight":99,"res_level":1,"player_level":1},{"pool_id":15,"reward_type":8,"item_id":800094,"number":-1,"range":0,"weight":1,"res_level":1,"player_level":1},{"pool_id":16,"reward_type":8,"item_id":800104,"number":86400,"range":0,"weight":99,"res_level":1,"player_level":1},{"pool_id":16,"reward_type":8,"item_id":800104,"number":-1,"range":0,"weight":1,"res_level":1,"player_level":1},{"pool_id":17,"reward_type":8,"item_id":800114,"number":86400,"range":0,"weight":99,"res_level":1,"player_level":1},{"pool_id":17,"reward_type":8,"item_id":800114,"number":-1,"range":0,"weight":1,"res_level":1,"player_level":1},{"pool_id":18,"reward_type":8,"item_id":800124,"number":86400,"range":0,"weight":99,"res_level":1,"player_level":1},{"pool_id":18,"reward_type":8,"item_id":800124,"number":-1,"range":0,"weight":1,"res_level":1,"player_level":1},{"pool_id":19,"reward_type":8,"item_id":800134,"number":86400,"range":0,"weight":99,"res_level":1,"player_level":1},{"pool_id":19,"reward_type":8,"item_id":800134,"number":-1,"range":0,"weight":1,"res_level":1,"player_level":1},{"pool_id":20,"reward_type":8,"item_id":800144,"number":86400,"range":0,"weight":99,"res_level":1,"player_level":1},{"pool_id":20,"reward_type":8,"item_id":800144,"number":-1,"range":0,"weight":1,"res_level":1,"player_level":1},{"pool_id":21,"reward_type":8,"item_id":800154,"number":86400,"range":0,"weight":99,"res_level":1,"player_level":1},{"pool_id":21,"reward_type":8,"item_id":800154,"number":-1,"range":0,"weight":1,"res_level":1,"player_level":1},{"pool_id":22,"reward_type":8,"item_id":800164,"number":86400,"range":0,"weight":99,"res_level":1,"player_level":1},{"pool_id":22,"reward_type":8,"item_id":800164,"number":-1,"range":0,"weight":1,"res_level":1,"player_level":1},{"pool_id":23,"reward_type":8,"item_id":800174,"number":86400,"range":0,"weight":99,"res_level":1,"player_level":1},{"pool_id":23,"reward_type":8,"item_id":800174,"number":-1,"range":0,"weight":1,"res_level":1,"player_level":1},{"pool_id":24,"reward_type":8,"item_id":800184,"number":86400,"range":0,"weight":99,"res_level":1,"player_level":1},{"pool_id":24,"reward_type":8,"item_id":800184,"number":-1,"range":0,"weight":1,"res_level":1,"player_level":1},{"pool_id":25,"reward_type":8,"item_id":800194,"number":86400,"range":0,"weight":99,"res_level":1,"player_level":1},{"pool_id":25,"reward_type":8,"item_id":800194,"number":-1,"range":0,"weight":1,"res_level":1,"player_level":1},{"pool_id":26,"reward_type":8,"item_id":800204,"number":86400,"range":0,"weight":99,"res_level":1,"player_level":1},{"pool_id":26,"reward_type":8,"item_id":800204,"number":-1,"range":0,"weight":1,"res_level":1,"player_level":1},{"pool_id":27,"reward_type":8,"item_id":800214,"number":86400,"range":0,"weight":99,"res_level":1,"player_level":1},{"pool_id":27,"reward_type":8,"item_id":800214,"number":-1,"range":0,"weight":1,"res_level":1,"player_level":1},{"pool_id":28,"reward_type":8,"item_id":800224,"number":86400,"range":0,"weight":99,"res_level":1,"player_level":1},{"pool_id":28,"reward_type":8,"item_id":800224,"number":-1,"range":0,"weight":1,"res_level":1,"player_level":1},{"pool_id":29,"reward_type":8,"item_id":800234,"number":86400,"range":0,"weight":99,"res_level":1,"player_level":1},{"pool_id":29,"reward_type":8,"item_id":800234,"number":-1,"range":0,"weight":1,"res_level":1,"player_level":1},{"pool_id":30,"reward_type":8,"item_id":800244,"number":86400,"range":0,"weight":99,"res_level":1,"player_level":1},{"pool_id":30,"reward_type":8,"item_id":800244,"number":-1,"range":0,"weight":1,"res_level":1,"player_level":1},{"pool_id":31,"reward_type":8,"item_id":800254,"number":86400,"range":0,"weight":99,"res_level":1,"player_level":1},{"pool_id":31,"reward_type":8,"item_id":800254,"number":-1,"range":0,"weight":1,"res_level":1,"player_level":1},{"pool_id":32,"reward_type":8,"item_id":800264,"number":86400,"range":0,"weight":99,"res_level":1,"player_level":1},{"pool_id":32,"reward_type":8,"item_id":800264,"number":-1,"range":0,"weight":1,"res_level":1,"player_level":1},{"pool_id":33,"reward_type":8,"item_id":800274,"number":86400,"range":0,"weight":99,"res_level":1,"player_level":1},{"pool_id":33,"reward_type":8,"item_id":800274,"number":-1,"range":0,"weight":1,"res_level":1,"player_level":1},{"pool_id":34,"reward_type":8,"item_id":800284,"number":86400,"range":0,"weight":99,"res_level":1,"player_level":1},{"pool_id":34,"reward_type":8,"item_id":800284,"number":-1,"range":0,"weight":1,"res_level":1,"player_level":1},{"pool_id":35,"reward_type":8,"item_id":800294,"number":86400,"range":0,"weight":99,"res_level":1,"player_level":1},{"pool_id":35,"reward_type":8,"item_id":800294,"number":-1,"range":0,"weight":1,"res_level":1,"player_level":1},{"pool_id":36,"reward_type":8,"item_id":800304,"number":86400,"range":0,"weight":99,"res_level":1,"player_level":1},{"pool_id":36,"reward_type":8,"item_id":800304,"number":-1,"range":0,"weight":1,"res_level":1,"player_level":1},{"pool_id":37,"reward_type":8,"item_id":800314,"number":86400,"range":0,"weight":99,"res_level":1,"player_level":1},{"pool_id":37,"reward_type":8,"item_id":800314,"number":-1,"range":0,"weight":1,"res_level":1,"player_level":1},{"pool_id":38,"reward_type":8,"item_id":800324,"number":86400,"range":0,"weight":99,"res_level":1,"player_level":1},{"pool_id":38,"reward_type":8,"item_id":800324,"number":-1,"range":0,"weight":1,"res_level":1,"player_level":1},{"pool_id":39,"reward_type":8,"item_id":800334,"number":86400,"range":0,"weight":99,"res_level":1,"player_level":1},{"pool_id":39,"reward_type":8,"item_id":800334,"number":-1,"range":0,"weight":1,"res_level":1,"player_level":1},{"pool_id":40,"reward_type":8,"item_id":800344,"number":86400,"range":0,"weight":99,"res_level":1,"player_level":1},{"pool_id":40,"reward_type":8,"item_id":800344,"number":-1,"range":0,"weight":1,"res_level":1,"player_level":1},{"pool_id":41,"reward_type":8,"item_id":800354,"number":86400,"range":0,"weight":99,"res_level":1,"player_level":1},{"pool_id":41,"reward_type":8,"item_id":800354,"number":-1,"range":0,"weight":1,"res_level":1,"player_level":1},{"pool_id":42,"reward_type":8,"item_id":800364,"number":86400,"range":0,"weight":99,"res_level":1,"player_level":1},{"pool_id":42,"reward_type":8,"item_id":800364,"number":-1,"range":0,"weight":1,"res_level":1,"player_level":1},{"pool_id":43,"reward_type":8,"item_id":800374,"number":86400,"range":0,"weight":99,"res_level":1,"player_level":1},{"pool_id":43,"reward_type":8,"item_id":800374,"number":-1,"range":0,"weight":1,"res_level":1,"player_level":1},{"pool_id":44,"reward_type":8,"item_id":800384,"number":86400,"range":0,"weight":99,"res_level":1,"player_level":1},{"pool_id":44,"reward_type":8,"item_id":800384,"number":-1,"range":0,"weight":1,"res_level":1,"player_level":1},{"pool_id":45,"reward_type":8,"item_id":800394,"number":86400,"range":0,"weight":99,"res_level":1,"player_level":1},{"pool_id":45,"reward_type":8,"item_id":800394,"number":-1,"range":0,"weight":1,"res_level":1,"player_level":1},{"pool_id":46,"reward_type":8,"item_id":800404,"number":86400,"range":0,"weight":99,"res_level":1,"player_level":1},{"pool_id":46,"reward_type":8,"item_id":800404,"number":-1,"range":0,"weight":1,"res_level":1,"player_level":1},{"pool_id":47,"reward_type":8,"item_id":800414,"number":86400,"range":0,"weight":99,"res_level":1,"player_level":1},{"pool_id":47,"reward_type":8,"item_id":800414,"number":-1,"range":0,"weight":1,"res_level":1,"player_level":1},{"pool_id":48,"reward_type":8,"item_id":800424,"number":86400,"range":0,"weight":99,"res_level":1,"player_level":1},{"pool_id":48,"reward_type":8,"item_id":800424,"number":-1,"range":0,"weight":1,"res_level":1,"player_level":1},{"pool_id":49,"reward_type":8,"item_id":800434,"number":86400,"range":0,"weight":99,"res_level":1,"player_level":1},{"pool_id":49,"reward_type":8,"item_id":800434,"number":-1,"range":0,"weight":1,"res_level":1,"player_level":1},{"pool_id":50,"reward_type":8,"item_id":800444,"number":86400,"range":0,"weight":99,"res_level":1,"player_level":1},{"pool_id":50,"reward_type":8,"item_id":800444,"number":-1,"range":0,"weight":1,"res_level":1,"player_level":1},{"pool_id":51,"reward_type":8,"item_id":800454,"number":86400,"range":0,"weight":99,"res_level":1,"player_level":1},{"pool_id":51,"reward_type":8,"item_id":800454,"number":-1,"range":0,"weight":1,"res_level":1,"player_level":1},{"pool_id":52,"reward_type":8,"item_id":800464,"number":86400,"range":0,"weight":99,"res_level":1,"player_level":1},{"pool_id":52,"reward_type":8,"item_id":800464,"number":-1,"range":0,"weight":1,"res_level":1,"player_level":1},{"pool_id":53,"reward_type":8,"item_id":800474,"number":86400,"range":0,"weight":99,"res_level":1,"player_level":1},{"pool_id":53,"reward_type":8,"item_id":800474,"number":-1,"range":0,"weight":1,"res_level":1,"player_level":1},{"pool_id":54,"reward_type":8,"item_id":800484,"number":86400,"range":0,"weight":99,"res_level":1,"player_level":1},{"pool_id":54,"reward_type":8,"item_id":800484,"number":-1,"range":0,"weight":1,"res_level":1,"player_level":1},{"pool_id":55,"reward_type":8,"item_id":800494,"number":86400,"range":0,"weight":99,"res_level":1,"player_level":1},{"pool_id":55,"reward_type":8,"item_id":800494,"number":-1,"range":0,"weight":1,"res_level":1,"player_level":1},{"pool_id":56,"reward_type":8,"item_id":800504,"number":86400,"range":0,"weight":99,"res_level":1,"player_level":1},{"pool_id":56,"reward_type":8,"item_id":800504,"number":-1,"range":0,"weight":1,"res_level":1,"player_level":1},{"pool_id":57,"reward_type":8,"item_id":800514,"number":86400,"range":0,"weight":99,"res_level":1,"player_level":1},{"pool_id":57,"reward_type":8,"item_id":800514,"number":-1,"range":0,"weight":1,"res_level":1,"player_level":1},{"pool_id":58,"reward_type":8,"item_id":800524,"number":86400,"range":0,"weight":99,"res_level":1,"player_level":1},{"pool_id":58,"reward_type":8,"item_id":800524,"number":-1,"range":0,"weight":1,"res_level":1,"player_level":1},{"pool_id":59,"reward_type":8,"item_id":800534,"number":86400,"range":0,"weight":99,"res_level":1,"player_level":1},{"pool_id":59,"reward_type":8,"item_id":800534,"number":-1,"range":0,"weight":1,"res_level":1,"player_level":1},{"pool_id":60,"reward_type":8,"item_id":800544,"number":86400,"range":0,"weight":99,"res_level":1,"player_level":1},{"pool_id":60,"reward_type":8,"item_id":800544,"number":-1,"range":0,"weight":1,"res_level":1,"player_level":1},{"pool_id":61,"reward_type":8,"item_id":800554,"number":86400,"range":0,"weight":99,"res_level":1,"player_level":1},{"pool_id":61,"reward_type":8,"item_id":800554,"number":-1,"range":0,"weight":1,"res_level":1,"player_level":1},{"pool_id":62,"reward_type":8,"item_id":800564,"number":86400,"range":0,"weight":99,"res_level":1,"player_level":1},{"pool_id":62,"reward_type":8,"item_id":800564,"number":-1,"range":0,"weight":1,"res_level":1,"player_level":1},{"pool_id":63,"reward_type":8,"item_id":800574,"number":86400,"range":0,"weight":99,"res_level":1,"player_level":1},{"pool_id":63,"reward_type":8,"item_id":800574,"number":-1,"range":0,"weight":1,"res_level":1,"player_level":1},{"pool_id":64,"reward_type":8,"item_id":800584,"number":86400,"range":0,"weight":99,"res_level":1,"player_level":1},{"pool_id":64,"reward_type":8,"item_id":800584,"number":-1,"range":0,"weight":1,"res_level":1,"player_level":1},{"pool_id":65,"reward_type":8,"item_id":800594,"number":86400,"range":0,"weight":99,"res_level":1,"player_level":1},{"pool_id":65,"reward_type":8,"item_id":800594,"number":-1,"range":0,"weight":1,"res_level":1,"player_level":1},{"pool_id":66,"reward_type":8,"item_id":800604,"number":86400,"range":0,"weight":99,"res_level":1,"player_level":1},{"pool_id":66,"reward_type":8,"item_id":800604,"number":-1,"range":0,"weight":1,"res_level":1,"player_level":1},{"pool_id":67,"reward_type":8,"item_id":800614,"number":86400,"range":0,"weight":99,"res_level":1,"player_level":1},{"pool_id":67,"reward_type":8,"item_id":800614,"number":-1,"range":0,"weight":1,"res_level":1,"player_level":1},{"pool_id":68,"reward_type":8,"item_id":800624,"number":86400,"range":0,"weight":99,"res_level":1,"player_level":1},{"pool_id":68,"reward_type":8,"item_id":800624,"number":-1,"range":0,"weight":1,"res_level":1,"player_level":1},{"pool_id":69,"reward_type":8,"item_id":850014,"number":86400,"range":0,"weight":99,"res_level":1,"player_level":1},{"pool_id":69,"reward_type":8,"item_id":850014,"number":-1,"range":0,"weight":1,"res_level":1,"player_level":1},{"pool_id":70,"reward_type":8,"item_id":850024,"number":86400,"range":0,"weight":99,"res_level":1,"player_level":1},{"pool_id":70,"reward_type":8,"item_id":850024,"number":-1,"range":0,"weight":1,"res_level":1,"player_level":1},{"pool_id":71,"reward_type":8,"item_id":850034,"number":86400,"range":0,"weight":99,"res_level":1,"player_level":1},{"pool_id":71,"reward_type":8,"item_id":850034,"number":-1,"range":0,"weight":1,"res_level":1,"player_level":1},{"pool_id":72,"reward_type":8,"item_id":850044,"number":86400,"range":0,"weight":99,"res_level":1,"player_level":1},{"pool_id":72,"reward_type":8,"item_id":850044,"number":-1,"range":0,"weight":1,"res_level":1,"player_level":1},{"pool_id":73,"reward_type":8,"item_id":850054,"number":86400,"range":0,"weight":99,"res_level":1,"player_level":1},{"pool_id":73,"reward_type":8,"item_id":850054,"number":-1,"range":0,"weight":1,"res_level":1,"player_level":1},{"pool_id":74,"reward_type":8,"item_id":850064,"number":86400,"range":0,"weight":99,"res_level":1,"player_level":1},{"pool_id":74,"reward_type":8,"item_id":850064,"number":-1,"range":0,"weight":1,"res_level":1,"player_level":1},{"pool_id":75,"reward_type":8,"item_id":850074,"number":86400,"range":0,"weight":99,"res_level":1,"player_level":1},{"pool_id":75,"reward_type":8,"item_id":850074,"number":-1,"range":0,"weight":1,"res_level":1,"player_level":1},{"pool_id":76,"reward_type":8,"item_id":850084,"number":86400,"range":0,"weight":99,"res_level":1,"player_level":1},{"pool_id":76,"reward_type":8,"item_id":850084,"number":-1,"range":0,"weight":1,"res_level":1,"player_level":1},{"pool_id":77,"reward_type":8,"item_id":850094,"number":86400,"range":0,"weight":99,"res_level":1,"player_level":1},{"pool_id":77,"reward_type":8,"item_id":850094,"number":-1,"range":0,"weight":1,"res_level":1,"player_level":1},{"pool_id":78,"reward_type":8,"item_id":850104,"number":86400,"range":0,"weight":99,"res_level":1,"player_level":1},{"pool_id":78,"reward_type":8,"item_id":850104,"number":-1,"range":0,"weight":1,"res_level":1,"player_level":1},{"pool_id":79,"reward_type":8,"item_id":850114,"number":86400,"range":0,"weight":99,"res_level":1,"player_level":1},{"pool_id":79,"reward_type":8,"item_id":850114,"number":-1,"range":0,"weight":1,"res_level":1,"player_level":1},{"pool_id":80,"reward_type":8,"item_id":850124,"number":86400,"range":0,"weight":99,"res_level":1,"player_level":1},{"pool_id":80,"reward_type":8,"item_id":850124,"number":-1,"range":0,"weight":1,"res_level":1,"player_level":1},{"pool_id":81,"reward_type":8,"item_id":850134,"number":86400,"range":0,"weight":99,"res_level":1,"player_level":1},{"pool_id":81,"reward_type":8,"item_id":850134,"number":-1,"range":0,"weight":1,"res_level":1,"player_level":1},{"pool_id":82,"reward_type":8,"item_id":850144,"number":86400,"range":0,"weight":99,"res_level":1,"player_level":1},{"pool_id":82,"reward_type":8,"item_id":850144,"number":-1,"range":0,"weight":1,"res_level":1,"player_level":1},{"pool_id":83,"reward_type":8,"item_id":850154,"number":86400,"range":0,"weight":99,"res_level":1,"player_level":1},{"pool_id":83,"reward_type":8,"item_id":850154,"number":-1,"range":0,"weight":1,"res_level":1,"player_level":1},{"pool_id":84,"reward_type":8,"item_id":850164,"number":86400,"range":0,"weight":99,"res_level":1,"player_level":1},{"pool_id":84,"reward_type":8,"item_id":850164,"number":-1,"range":0,"weight":1,"res_level":1,"player_level":1},{"pool_id":85,"reward_type":8,"item_id":850174,"number":86400,"range":0,"weight":99,"res_level":1,"player_level":1},{"pool_id":85,"reward_type":8,"item_id":850174,"number":-1,"range":0,"weight":1,"res_level":1,"player_level":1},{"pool_id":86,"reward_type":8,"item_id":850184,"number":86400,"range":0,"weight":99,"res_level":1,"player_level":1},{"pool_id":86,"reward_type":8,"item_id":850184,"number":-1,"range":0,"weight":1,"res_level":1,"player_level":1},{"pool_id":87,"reward_type":8,"item_id":850194,"number":86400,"range":0,"weight":99,"res_level":1,"player_level":1},{"pool_id":87,"reward_type":8,"item_id":850194,"number":-1,"range":0,"weight":1,"res_level":1,"player_level":1},{"pool_id":88,"reward_type":8,"item_id":850204,"number":86400,"range":0,"weight":99,"res_level":1,"player_level":1},{"pool_id":88,"reward_type":8,"item_id":850204,"number":-1,"range":0,"weight":1,"res_level":1,"player_level":1},{"pool_id":89,"reward_type":8,"item_id":850214,"number":86400,"range":0,"weight":99,"res_level":1,"player_level":1},{"pool_id":89,"reward_type":8,"item_id":850214,"number":-1,"range":0,"weight":1,"res_level":1,"player_level":1},{"pool_id":90,"reward_type":8,"item_id":850224,"number":86400,"range":0,"weight":99,"res_level":1,"player_level":1},{"pool_id":90,"reward_type":8,"item_id":850224,"number":-1,"range":0,"weight":1,"res_level":1,"player_level":1},{"pool_id":91,"reward_type":5,"item_id":1,"number":30000,"range":20000,"weight":30,"res_level":1,"player_level":1},{"pool_id":91,"reward_type":5,"item_id":1,"number":60000,"range":40000,"weight":35,"res_level":1,"player_level":1},{"pool_id":91,"reward_type":5,"item_id":1,"number":150000,"range":50000,"weight":1,"res_level":1,"player_level":1},{"pool_id":91,"reward_type":5,"item_id":3,"number":5,"range":3,"weight":25,"res_level":1,"player_level":1},{"pool_id":91,"reward_type":5,"item_id":3,"number":20,"range":15,"weight":3,"res_level":1,"player_level":1},{"pool_id":91,"reward_type":5,"item_id":3,"number":80,"range":50,"weight":1,"res_level":1,"player_level":1},{"pool_id":91,"reward_type":6,"item_id":8004,"number":604800,"range":0,"weight":4,"res_level":1,"player_level":1},{"pool_id":91,"reward_type":6,"item_id":8004,"number":-1,"range":0,"weight":1,"res_level":1,"player_level":1},{"pool_id":1001,"reward_type":1,"item_id":6001,"number":1,"range":0,"weight":12,"res_level":1,"player_level":1},{"pool_id":1001,"reward_type":1,"item_id":6002,"number":1,"range":0,"weight":60,"res_level":1,"player_level":1},{"pool_id":1001,"reward_type":1,"item_id":6003,"number":1,"range":0,"weight":12,"res_level":1,"player_level":1},{"pool_id":1001,"reward_type":1,"item_id":6004,"number":1,"range":0,"weight":12,"res_level":1,"player_level":1},{"pool_id":1001,"reward_type":1,"item_id":6005,"number":1,"range":0,"weight":60,"res_level":1,"player_level":1},{"pool_id":1001,"reward_type":1,"item_id":6006,"number":1,"range":0,"weight":60,"res_level":1,"player_level":1},{"pool_id":1001,"reward_type":1,"item_id":6007,"number":1,"range":0,"weight":60,"res_level":1,"player_level":1},{"pool_id":1001,"reward_type":1,"item_id":6008,"number":1,"range":0,"weight":60,"res_level":1,"player_level":1},{"pool_id":1001,"reward_type":1,"item_id":6009,"number":1,"range":0,"weight":60,"res_level":1,"player_level":1},{"pool_id":1001,"reward_type":1,"item_id":6010,"number":1,"range":0,"weight":3,"res_level":1,"player_level":1},{"pool_id":1001,"reward_type":1,"item_id":6011,"number":1,"range":0,"weight":12,"res_level":1,"player_level":1},{"pool_id":1001,"reward_type":1,"item_id":6012,"number":1,"range":0,"weight":3,"res_level":1,"player_level":1},{"pool_id":1001,"reward_type":1,"item_id":6013,"number":1,"range":0,"weight":12,"res_level":1,"player_level":1},{"pool_id":1001,"reward_type":1,"item_id":6014,"number":1,"range":0,"weight":3,"res_level":1,"player_level":1},{"pool_id":1001,"reward_type":1,"item_id":6015,"number":1,"range":0,"weight":60,"res_level":1,"player_level":1},{"pool_id":1001,"reward_type":1,"item_id":6018,"number":1,"range":0,"weight":12,"res_level":1,"player_level":1},{"pool_id":1001,"reward_type":1,"item_id":6019,"number":1,"range":0,"weight":12,"res_level":1,"player_level":1},{"pool_id":1001,"reward_type":1,"item_id":6021,"number":1,"range":0,"weight":3,"res_level":1,"player_level":1},{"pool_id":1001,"reward_type":1,"item_id":6022,"number":1,"range":0,"weight":60,"res_level":1,"player_level":1},{"pool_id":1001,"reward_type":1,"item_id":6024,"number":1,"range":0,"weight":3,"res_level":1,"player_level":1},{"pool_id":1001,"reward_type":1,"item_id":6025,"number":1,"range":0,"weight":12,"res_level":1,"player_level":1},{"pool_id":1001,"reward_type":1,"item_id":6026,"number":1,"range":0,"weight":60,"res_level":1,"player_level":1},{"pool_id":1001,"reward_type":1,"item_id":6029,"number":1,"range":0,"weight":12,"res_level":1,"player_level":1},{"pool_id":1001,"reward_type":1,"item_id":6030,"number":1,"range":0,"weight":60,"res_level":1,"player_level":1},{"pool_id":1001,"reward_type":1,"item_id":6033,"number":1,"range":0,"weight":12,"res_level":1,"player_level":1},{"pool_id":1001,"reward_type":1,"item_id":6034,"number":1,"range":0,"weight":3,"res_level":1,"player_level":1},{"pool_id":1001,"reward_type":1,"item_id":6035,"number":1,"range":0,"weight":12,"res_level":1,"player_level":1},{"pool_id":1001,"reward_type":1,"item_id":6037,"number":1,"range":0,"weight":12,"res_level":1,"player_level":1},{"pool_id":1001,"reward_type":1,"item_id":6038,"number":1,"range":0,"weight":3,"res_level":1,"player_level":1},{"pool_id":1001,"reward_type":1,"item_id":6039,"number":1,"range":0,"weight":3,"res_level":1,"player_level":1},{"pool_id":1001,"reward_type":1,"item_id":6040,"number":1,"range":0,"weight":3,"res_level":1,"player_level":1},{"pool_id":1001,"reward_type":1,"item_id":6041,"number":1,"range":0,"weight":12,"res_level":1,"player_level":1},{"pool_id":1001,"reward_type":1,"item_id":6042,"number":1,"range":0,"weight":3,"res_level":1,"player_level":1},{"pool_id":1001,"reward_type":1,"item_id":6043,"number":1,"range":0,"weight":12,"res_level":1,"player_level":1},{"pool_id":1001,"reward_type":1,"item_id":6044,"number":1,"range":0,"weight":12,"res_level":1,"player_level":1},{"pool_id":1001,"reward_type":1,"item_id":6045,"number":1,"range":0,"weight":3,"res_level":1,"player_level":1},{"pool_id":1001,"reward_type":1,"item_id":6046,"number":1,"range":0,"weight":32,"res_level":1,"player_level":1},{"pool_id":1001,"reward_type":1,"item_id":6047,"number":1,"range":0,"weight":32,"res_level":1,"player_level":1},{"pool_id":1001,"reward_type":1,"item_id":6048,"number":1,"range":0,"weight":32,"res_level":1,"player_level":1},{"pool_id":1001,"reward_type":1,"item_id":6049,"number":1,"range":0,"weight":32,"res_level":1,"player_level":1},{"pool_id":1001,"reward_type":1,"item_id":6050,"number":1,"range":0,"weight":32,"res_level":1,"player_level":1},{"pool_id":1001,"reward_type":1,"item_id":6051,"number":1,"range":0,"weight":32,"res_level":1,"player_level":1},{"pool_id":1001,"reward_type":1,"item_id":6052,"number":1,"range":0,"weight":32,"res_level":1,"player_level":1},{"pool_id":1001,"reward_type":1,"item_id":6053,"number":1,"range":0,"weight":32,"res_level":1,"player_level":1},{"pool_id":1001,"reward_type":1,"item_id":6054,"number":1,"range":0,"weight":32,"res_level":1,"player_level":1},{"pool_id":1001,"reward_type":1,"item_id":6055,"number":1,"range":0,"weight":32,"res_level":1,"player_level":1},{"pool_id":1001,"reward_type":1,"item_id":6056,"number":1,"range":0,"weight":32,"res_level":1,"player_level":1},{"pool_id":1001,"reward_type":1,"item_id":6057,"number":1,"range":0,"weight":32,"res_level":1,"player_level":1},{"pool_id":1001,"reward_type":1,"item_id":6205,"number":1,"range":0,"weight":3,"res_level":1,"player_level":1},{"pool_id":1003,"reward_type":1,"item_id":6001,"number":1,"range":0,"weight":15,"res_level":1,"player_level":1},{"pool_id":1003,"reward_type":1,"item_id":6002,"number":1,"range":0,"weight":50,"res_level":1,"player_level":1},{"pool_id":1003,"reward_type":1,"item_id":6003,"number":1,"range":0,"weight":15,"res_level":1,"player_level":1},{"pool_id":1003,"reward_type":1,"item_id":6004,"number":1,"range":0,"weight":15,"res_level":1,"player_level":1},{"pool_id":1003,"reward_type":1,"item_id":6005,"number":1,"range":0,"weight":50,"res_level":1,"player_level":1},{"pool_id":1003,"reward_type":1,"item_id":6007,"number":1,"range":0,"weight":50,"res_level":1,"player_level":1},{"pool_id":1003,"reward_type":1,"item_id":6008,"number":1,"range":0,"weight":50,"res_level":1,"player_level":1},{"pool_id":1003,"reward_type":1,"item_id":6009,"number":1,"range":0,"weight":50,"res_level":1,"player_level":1},{"pool_id":1003,"reward_type":1,"item_id":6010,"number":1,"range":0,"weight":15,"res_level":1,"player_level":1},{"pool_id":1003,"reward_type":1,"item_id":6013,"number":1,"range":0,"weight":15,"res_level":1,"player_level":1},{"pool_id":1003,"reward_type":1,"item_id":6014,"number":1,"range":0,"weight":3,"res_level":1,"player_level":1},{"pool_id":1003,"reward_type":1,"item_id":6015,"number":1,"range":0,"weight":50,"res_level":1,"player_level":1},{"pool_id":1003,"reward_type":1,"item_id":6018,"number":1,"range":0,"weight":15,"res_level":1,"player_level":1},{"pool_id":1003,"reward_type":1,"item_id":6019,"number":1,"range":0,"weight":15,"res_level":1,"player_level":1},{"pool_id":1003,"reward_type":1,"item_id":6022,"number":1,"range":0,"weight":50,"res_level":1,"player_level":1},{"pool_id":1003,"reward_type":1,"item_id":6025,"number":1,"range":0,"weight":15,"res_level":1,"player_level":1},{"pool_id":1003,"reward_type":1,"item_id":6026,"number":1,"range":0,"weight":50,"res_level":1,"player_level":1},{"pool_id":1003,"reward_type":1,"item_id":6030,"number":1,"range":0,"weight":50,"res_level":1,"player_level":1},{"pool_id":1003,"reward_type":1,"item_id":6031,"number":1,"range":0,"weight":3,"res_level":1,"player_level":1},{"pool_id":1003,"reward_type":1,"item_id":6033,"number":1,"range":0,"weight":15,"res_level":1,"player_level":1},{"pool_id":1003,"reward_type":1,"item_id":6034,"number":1,"range":0,"weight":15,"res_level":1,"player_level":1},{"pool_id":1003,"reward_type":1,"item_id":6037,"number":1,"range":0,"weight":3,"res_level":1,"player_level":1},{"pool_id":1003,"reward_type":1,"item_id":6038,"number":1,"range":0,"weight":3,"res_level":1,"player_level":1},{"pool_id":1003,"reward_type":1,"item_id":6039,"number":1,"range":0,"weight":3,"res_level":1,"player_level":1},{"pool_id":1003,"reward_type":1,"item_id":6040,"number":1,"range":0,"weight":15,"res_level":1,"player_level":1},{"pool_id":1003,"reward_type":1,"item_id":6041,"number":1,"range":0,"weight":3,"res_level":1,"player_level":1},{"pool_id":1003,"reward_type":1,"item_id":6042,"number":1,"range":0,"weight":3,"res_level":1,"player_level":1},{"pool_id":1003,"reward_type":1,"item_id":6043,"number":1,"range":0,"weight":15,"res_level":1,"player_level":1},{"pool_id":1003,"reward_type":1,"item_id":6044,"number":1,"range":0,"weight":15,"res_level":1,"player_level":1},{"pool_id":1003,"reward_type":1,"item_id":6045,"number":1,"range":0,"weight":3,"res_level":1,"player_level":1},{"pool_id":1004,"reward_type":1,"item_id":6001,"number":1,"range":0,"weight":1,"res_level":1,"player_level":1},{"pool_id":1004,"reward_type":1,"item_id":6002,"number":1,"range":0,"weight":1,"res_level":1,"player_level":1},{"pool_id":1004,"reward_type":1,"item_id":6003,"number":1,"range":0,"weight":1,"res_level":1,"player_level":1},{"pool_id":1004,"reward_type":1,"item_id":6004,"number":1,"range":0,"weight":1,"res_level":1,"player_level":1},{"pool_id":1004,"reward_type":1,"item_id":6005,"number":1,"range":0,"weight":1,"res_level":1,"player_level":1},{"pool_id":1004,"reward_type":1,"item_id":6007,"number":1,"range":0,"weight":1,"res_level":1,"player_level":1},{"pool_id":1004,"reward_type":1,"item_id":6008,"number":1,"range":0,"weight":1,"res_level":1,"player_level":1},{"pool_id":1004,"reward_type":1,"item_id":6009,"number":1,"range":0,"weight":1,"res_level":1,"player_level":1},{"pool_id":1004,"reward_type":1,"item_id":6010,"number":1,"range":0,"weight":1,"res_level":1,"player_level":1},{"pool_id":1004,"reward_type":1,"item_id":6013,"number":1,"range":0,"weight":1,"res_level":1,"player_level":1},{"pool_id":1004,"reward_type":1,"item_id":6014,"number":1,"range":0,"weight":1,"res_level":1,"player_level":1},{"pool_id":1004,"reward_type":1,"item_id":6015,"number":1,"range":0,"weight":1,"res_level":1,"player_level":1},{"pool_id":1004,"reward_type":1,"item_id":6018,"number":1,"range":0,"weight":1,"res_level":1,"player_level":1},{"pool_id":1004,"reward_type":1,"item_id":6019,"number":1,"range":0,"weight":1,"res_level":1,"player_level":1},{"pool_id":1004,"reward_type":1,"item_id":6022,"number":1,"range":0,"weight":1,"res_level":1,"player_level":1},{"pool_id":1004,"reward_type":1,"item_id":6025,"number":1,"range":0,"weight":1,"res_level":1,"player_level":1},{"pool_id":1004,"reward_type":1,"item_id":6026,"number":1,"range":0,"weight":1,"res_level":1,"player_level":1},{"pool_id":1004,"reward_type":1,"item_id":6030,"number":1,"range":0,"weight":1,"res_level":1,"player_level":1},{"pool_id":1004,"reward_type":1,"item_id":6031,"number":1,"range":0,"weight":1,"res_level":1,"player_level":1},{"pool_id":1004,"reward_type":1,"item_id":6033,"number":1,"range":0,"weight":1,"res_level":1,"player_level":1},{"pool_id":1004,"reward_type":1,"item_id":6034,"number":1,"range":0,"weight":1,"res_level":1,"player_level":1},{"pool_id":1004,"reward_type":1,"item_id":6037,"number":1,"range":0,"weight":1,"res_level":1,"player_level":1},{"pool_id":1004,"reward_type":1,"item_id":6040,"number":1,"range":0,"weight":1,"res_level":1,"player_level":1},{"pool_id":1004,"reward_type":1,"item_id":6041,"number":1,"range":0,"weight":1,"res_level":1,"player_level":1},{"pool_id":1004,"reward_type":1,"item_id":6043,"number":1,"range":0,"weight":1,"res_level":1,"player_level":1},{"pool_id":1004,"reward_type":1,"item_id":6044,"number":1,"range":0,"weight":1,"res_level":1,"player_level":1},{"pool_id":1004,"reward_type":1,"item_id":6045,"number":1,"range":0,"weight":1,"res_level":1,"player_level":1}]