[{"res_level":1,"res_exp":1,"menu_max":3,"employee_max":3},{"res_level":2,"res_exp":32,"menu_max":4,"employee_max":4},{"res_level":3,"res_exp":60,"menu_max":4,"employee_max":4},{"res_level":4,"res_exp":120,"menu_max":5,"employee_max":5},{"res_level":5,"res_exp":250,"menu_max":5,"employee_max":5},{"res_level":6,"res_exp":600,"menu_max":6,"employee_max":6},{"res_level":7,"res_exp":1000,"menu_max":6,"employee_max":6},{"res_level":8,"res_exp":2000,"menu_max":7,"employee_max":7},{"res_level":9,"res_exp":4000,"menu_max":7,"employee_max":7},{"res_level":10,"res_exp":8000,"menu_max":8,"employee_max":8},{"res_level":11,"res_exp":12000,"menu_max":8,"employee_max":8},{"res_level":12,"res_exp":20000,"menu_max":9,"employee_max":9},{"res_level":13,"res_exp":30000,"menu_max":9,"employee_max":9},{"res_level":14,"res_exp":50000,"menu_max":10,"employee_max":10},{"res_level":15,"res_exp":-1,"menu_max":10,"employee_max":10}]