[{"theme_id":1,"suit_lvl":1,"suit_type1":1,"value1":0,"suit_type2":2,"value2":0,"suit_type3":3,"value3":0},{"theme_id":1,"suit_lvl":2,"suit_type1":1,"value1":0,"suit_type2":2,"value2":0,"suit_type3":3,"value3":0},{"theme_id":1,"suit_lvl":3,"suit_type1":1,"value1":0,"suit_type2":2,"value2":0,"suit_type3":3,"value3":0},{"theme_id":1,"suit_lvl":4,"suit_type1":1,"value1":0,"suit_type2":2,"value2":0,"suit_type3":3,"value3":0},{"theme_id":1,"suit_lvl":5,"suit_type1":1,"value1":0,"suit_type2":2,"value2":0,"suit_type3":3,"value3":0},{"theme_id":1,"suit_lvl":6,"suit_type1":1,"value1":0,"suit_type2":2,"value2":0,"suit_type3":3,"value3":0},{"theme_id":1,"suit_lvl":7,"suit_type1":1,"value1":0,"suit_type2":2,"value2":0,"suit_type3":3,"value3":0},{"theme_id":1,"suit_lvl":8,"suit_type1":1,"value1":0,"suit_type2":2,"value2":0,"suit_type3":3,"value3":0},{"theme_id":1,"suit_lvl":9,"suit_type1":1,"value1":0,"suit_type2":2,"value2":0,"suit_type3":3,"value3":0},{"theme_id":1,"suit_lvl":10,"suit_type1":1,"value1":0,"suit_type2":2,"value2":0,"suit_type3":3,"value3":0},{"theme_id":1,"suit_lvl":11,"suit_type1":1,"value1":0,"suit_type2":2,"value2":0,"suit_type3":3,"value3":0},{"theme_id":1,"suit_lvl":12,"suit_type1":1,"value1":0,"suit_type2":2,"value2":0,"suit_type3":3,"value3":0},{"theme_id":1,"suit_lvl":13,"suit_type1":1,"value1":0,"suit_type2":2,"value2":0,"suit_type3":3,"value3":0},{"theme_id":1,"suit_lvl":14,"suit_type1":1,"value1":0,"suit_type2":2,"value2":0,"suit_type3":3,"value3":0},{"theme_id":1,"suit_lvl":15,"suit_type1":1,"value1":0,"suit_type2":2,"value2":0,"suit_type3":3,"value3":0},{"theme_id":2,"suit_lvl":1,"suit_type1":1,"value1":0,"suit_type2":2,"value2":0,"suit_type3":3,"value3":0},{"theme_id":2,"suit_lvl":2,"suit_type1":1,"value1":0,"suit_type2":2,"value2":0,"suit_type3":3,"value3":0},{"theme_id":2,"suit_lvl":3,"suit_type1":1,"value1":0,"suit_type2":2,"value2":0,"suit_type3":3,"value3":0},{"theme_id":2,"suit_lvl":4,"suit_type1":1,"value1":0,"suit_type2":2,"value2":0,"suit_type3":3,"value3":0},{"theme_id":2,"suit_lvl":5,"suit_type1":1,"value1":0,"suit_type2":2,"value2":0,"suit_type3":3,"value3":0},{"theme_id":2,"suit_lvl":6,"suit_type1":1,"value1":0,"suit_type2":2,"value2":0,"suit_type3":3,"value3":0},{"theme_id":2,"suit_lvl":7,"suit_type1":1,"value1":0,"suit_type2":2,"value2":0,"suit_type3":3,"value3":0},{"theme_id":2,"suit_lvl":8,"suit_type1":1,"value1":0,"suit_type2":2,"value2":0,"suit_type3":3,"value3":0},{"theme_id":2,"suit_lvl":9,"suit_type1":1,"value1":0,"suit_type2":2,"value2":0,"suit_type3":3,"value3":0},{"theme_id":2,"suit_lvl":10,"suit_type1":1,"value1":0,"suit_type2":2,"value2":0,"suit_type3":3,"value3":0},{"theme_id":2,"suit_lvl":11,"suit_type1":1,"value1":0,"suit_type2":2,"value2":0,"suit_type3":3,"value3":0},{"theme_id":2,"suit_lvl":12,"suit_type1":1,"value1":0,"suit_type2":2,"value2":0,"suit_type3":3,"value3":0},{"theme_id":2,"suit_lvl":13,"suit_type1":1,"value1":0,"suit_type2":2,"value2":0,"suit_type3":3,"value3":0},{"theme_id":2,"suit_lvl":14,"suit_type1":1,"value1":0,"suit_type2":2,"value2":0,"suit_type3":3,"value3":0},{"theme_id":2,"suit_lvl":15,"suit_type1":1,"value1":0,"suit_type2":2,"value2":0,"suit_type3":3,"value3":0}]