[{"sign_id":1,"day":1,"reward_type":5,"reward_id":1,"number":100000},{"sign_id":1,"day":2,"reward_type":5,"reward_id":50010,"number":10},{"sign_id":1,"day":3,"reward_type":5,"reward_id":50015,"number":10},{"sign_id":1,"day":4,"reward_type":5,"reward_id":50003,"number":1},{"sign_id":1,"day":5,"reward_type":1,"reward_id":6002,"number":1},{"sign_id":1,"day":6,"reward_type":5,"reward_id":50001,"number":1},{"sign_id":1,"day":7,"reward_type":5,"reward_id":50018,"number":1},{"sign_id":2,"day":1,"reward_type":5,"reward_id":1,"number":100000},{"sign_id":2,"day":2,"reward_type":5,"reward_id":50010,"number":10},{"sign_id":2,"day":3,"reward_type":5,"reward_id":50015,"number":10},{"sign_id":2,"day":4,"reward_type":5,"reward_id":50003,"number":1},{"sign_id":2,"day":5,"reward_type":1,"reward_id":6003,"number":1},{"sign_id":2,"day":6,"reward_type":5,"reward_id":50001,"number":1},{"sign_id":2,"day":7,"reward_type":5,"reward_id":50018,"number":1},{"sign_id":3,"day":1,"reward_type":5,"reward_id":1,"number":100000},{"sign_id":3,"day":2,"reward_type":5,"reward_id":50010,"number":10},{"sign_id":3,"day":3,"reward_type":5,"reward_id":50015,"number":10},{"sign_id":3,"day":4,"reward_type":5,"reward_id":50003,"number":1},{"sign_id":3,"day":5,"reward_type":1,"reward_id":6004,"number":1},{"sign_id":3,"day":6,"reward_type":5,"reward_id":50001,"number":1},{"sign_id":3,"day":7,"reward_type":5,"reward_id":50018,"number":1},{"sign_id":4,"day":1,"reward_type":5,"reward_id":1,"number":100000},{"sign_id":4,"day":2,"reward_type":5,"reward_id":50010,"number":10},{"sign_id":4,"day":3,"reward_type":5,"reward_id":50015,"number":10},{"sign_id":4,"day":4,"reward_type":5,"reward_id":50003,"number":1},{"sign_id":4,"day":5,"reward_type":1,"reward_id":6008,"number":1},{"sign_id":4,"day":6,"reward_type":5,"reward_id":50001,"number":1},{"sign_id":4,"day":7,"reward_type":5,"reward_id":50018,"number":1},{"sign_id":5,"day":1,"reward_type":5,"reward_id":1,"number":100000},{"sign_id":5,"day":2,"reward_type":5,"reward_id":50010,"number":10},{"sign_id":5,"day":3,"reward_type":5,"reward_id":50015,"number":10},{"sign_id":5,"day":4,"reward_type":5,"reward_id":50003,"number":1},{"sign_id":5,"day":5,"reward_type":1,"reward_id":6009,"number":1},{"sign_id":5,"day":6,"reward_type":5,"reward_id":50001,"number":1},{"sign_id":5,"day":7,"reward_type":5,"reward_id":50018,"number":1},{"sign_id":6,"day":1,"reward_type":5,"reward_id":1,"number":100000},{"sign_id":6,"day":2,"reward_type":5,"reward_id":50010,"number":10},{"sign_id":6,"day":3,"reward_type":5,"reward_id":50015,"number":10},{"sign_id":6,"day":4,"reward_type":5,"reward_id":50003,"number":1},{"sign_id":6,"day":5,"reward_type":1,"reward_id":6015,"number":1},{"sign_id":6,"day":6,"reward_type":5,"reward_id":50001,"number":1},{"sign_id":6,"day":7,"reward_type":5,"reward_id":50018,"number":1},{"sign_id":7,"day":1,"reward_type":5,"reward_id":1,"number":100000},{"sign_id":7,"day":2,"reward_type":5,"reward_id":50010,"number":10},{"sign_id":7,"day":3,"reward_type":5,"reward_id":50015,"number":10},{"sign_id":7,"day":4,"reward_type":5,"reward_id":50003,"number":1},{"sign_id":7,"day":5,"reward_type":1,"reward_id":6022,"number":1},{"sign_id":7,"day":6,"reward_type":5,"reward_id":50001,"number":1},{"sign_id":7,"day":7,"reward_type":5,"reward_id":50018,"number":1},{"sign_id":8,"day":1,"reward_type":5,"reward_id":1,"number":100000},{"sign_id":8,"day":2,"reward_type":5,"reward_id":50010,"number":10},{"sign_id":8,"day":3,"reward_type":5,"reward_id":50015,"number":10},{"sign_id":8,"day":4,"reward_type":5,"reward_id":50003,"number":1},{"sign_id":8,"day":5,"reward_type":1,"reward_id":6026,"number":1},{"sign_id":8,"day":6,"reward_type":5,"reward_id":50001,"number":1},{"sign_id":8,"day":7,"reward_type":5,"reward_id":50018,"number":1},{"sign_id":9,"day":1,"reward_type":5,"reward_id":1,"number":100000},{"sign_id":9,"day":2,"reward_type":5,"reward_id":50010,"number":10},{"sign_id":9,"day":3,"reward_type":5,"reward_id":50015,"number":10},{"sign_id":9,"day":4,"reward_type":5,"reward_id":50003,"number":1},{"sign_id":9,"day":5,"reward_type":1,"reward_id":6030,"number":1},{"sign_id":9,"day":6,"reward_type":5,"reward_id":50001,"number":1},{"sign_id":9,"day":7,"reward_type":5,"reward_id":50018,"number":1},{"sign_id":10,"day":1,"reward_type":5,"reward_id":1,"number":100000},{"sign_id":10,"day":2,"reward_type":5,"reward_id":50010,"number":10},{"sign_id":10,"day":3,"reward_type":5,"reward_id":50015,"number":10},{"sign_id":10,"day":4,"reward_type":5,"reward_id":50003,"number":1},{"sign_id":10,"day":5,"reward_type":1,"reward_id":6059,"number":1},{"sign_id":10,"day":6,"reward_type":5,"reward_id":50001,"number":1},{"sign_id":10,"day":7,"reward_type":5,"reward_id":50018,"number":1},{"sign_id":11,"day":1,"reward_type":5,"reward_id":1,"number":100000},{"sign_id":11,"day":2,"reward_type":5,"reward_id":50010,"number":10},{"sign_id":11,"day":3,"reward_type":5,"reward_id":50015,"number":10},{"sign_id":11,"day":4,"reward_type":5,"reward_id":50003,"number":1},{"sign_id":11,"day":5,"reward_type":1,"reward_id":6060,"number":1},{"sign_id":11,"day":6,"reward_type":5,"reward_id":50001,"number":1},{"sign_id":11,"day":7,"reward_type":5,"reward_id":50018,"number":1},{"sign_id":12,"day":1,"reward_type":5,"reward_id":1,"number":100000},{"sign_id":12,"day":2,"reward_type":5,"reward_id":50010,"number":10},{"sign_id":12,"day":3,"reward_type":5,"reward_id":50015,"number":10},{"sign_id":12,"day":4,"reward_type":5,"reward_id":50003,"number":1},{"sign_id":12,"day":5,"reward_type":1,"reward_id":6061,"number":1},{"sign_id":12,"day":6,"reward_type":5,"reward_id":50001,"number":1},{"sign_id":12,"day":7,"reward_type":5,"reward_id":50018,"number":1},{"sign_id":13,"day":1,"reward_type":5,"reward_id":1,"number":100000},{"sign_id":13,"day":2,"reward_type":5,"reward_id":50010,"number":10},{"sign_id":13,"day":3,"reward_type":5,"reward_id":50015,"number":10},{"sign_id":13,"day":4,"reward_type":5,"reward_id":50003,"number":1},{"sign_id":13,"day":5,"reward_type":1,"reward_id":6062,"number":1},{"sign_id":13,"day":6,"reward_type":5,"reward_id":50001,"number":1},{"sign_id":13,"day":7,"reward_type":5,"reward_id":50018,"number":1}]