[{"skill_id":1,"skill_name":"统率＋：ボクにお任せ","skill_desc":"リーダーシップ＋","career_limit":1,"skill_type":1,"skill_value":10,"skill_value_float":5,"skill_weight":7,"quality1_add":0,"quality2_add":20,"quality3_add":50,"quality4_add":100,"quality5_add":100,"quality6_add":100,"is_unique":0},{"skill_id":2,"skill_name":"统率：リーダーシップ","skill_desc":"リーダーシップUP","career_limit":1,"skill_type":2,"skill_value":5,"skill_value_float":2,"skill_weight":7,"quality1_add":0,"quality2_add":20,"quality3_add":50,"quality4_add":100,"quality5_add":100,"quality6_add":100,"is_unique":0},{"skill_id":3,"skill_name":"彩色＋：恋の色づき","skill_desc":"料理[色]+","career_limit":2,"skill_type":3,"skill_value":10,"skill_value_float":5,"skill_weight":6,"quality1_add":0,"quality2_add":20,"quality3_add":50,"quality4_add":100,"quality5_add":100,"quality6_add":100,"is_unique":0},{"skill_id":4,"skill_name":"彩色：乙女の恋","skill_desc":"料理[色]UP","career_limit":2,"skill_type":4,"skill_value":2,"skill_value_float":1,"skill_weight":6,"quality1_add":0,"quality2_add":20,"quality3_add":50,"quality4_add":100,"quality5_add":100,"quality6_add":100,"is_unique":0},{"skill_id":5,"skill_name":"調香＋：香りダンス","skill_desc":"料理[香]+","career_limit":2,"skill_type":5,"skill_value":10,"skill_value_float":5,"skill_weight":6,"quality1_add":0,"quality2_add":20,"quality3_add":50,"quality4_add":100,"quality5_add":100,"quality6_add":100,"is_unique":0},{"skill_id":6,"skill_name":"調香：恋の誘惑","skill_desc":"料理[香]UP","career_limit":2,"skill_type":6,"skill_value":2,"skill_value_float":1,"skill_weight":6,"quality1_add":0,"quality2_add":20,"quality3_add":50,"quality4_add":100,"quality5_add":100,"quality6_add":100,"is_unique":0},{"skill_id":7,"skill_name":"調味＋：グルメの極意","skill_desc":"料理[味]+","career_limit":2,"skill_type":7,"skill_value":10,"skill_value_float":5,"skill_weight":6,"quality1_add":0,"quality2_add":20,"quality3_add":50,"quality4_add":100,"quality5_add":100,"quality6_add":100,"is_unique":0},{"skill_id":8,"skill_name":"調味：初恋の味","skill_desc":"料理[味]UP","career_limit":2,"skill_type":8,"skill_value":2,"skill_value_float":1,"skill_weight":6,"quality1_add":0,"quality2_add":20,"quality3_add":50,"quality4_add":100,"quality5_add":100,"quality6_add":100,"is_unique":0},{"skill_id":9,"skill_name":"増量＋：大盛サービス","skill_desc":"料理[量]+","career_limit":2,"skill_type":9,"skill_value":10,"skill_value_float":5,"skill_weight":6,"quality1_add":0,"quality2_add":20,"quality3_add":50,"quality4_add":100,"quality5_add":100,"quality6_add":100,"is_unique":0},{"skill_id":10,"skill_name":"増量：学食気分","skill_desc":"料理[量]UP","career_limit":2,"skill_type":10,"skill_value":2,"skill_value_float":1,"skill_weight":6,"quality1_add":0,"quality2_add":20,"quality3_add":50,"quality4_add":100,"quality5_add":100,"quality6_add":100,"is_unique":0},{"skill_id":11,"skill_name":"気遣：可憐スマイル","skill_desc":"顧客の待ち時間+","career_limit":3,"skill_type":11,"skill_value":2,"skill_value_float":1,"skill_weight":7,"quality1_add":0,"quality2_add":20,"quality3_add":50,"quality4_add":100,"quality5_add":100,"quality6_add":100,"is_unique":0},{"skill_id":12,"skill_name":"気遣＋：接客の極意","skill_desc":"顧客の待ち時間UP","career_limit":3,"skill_type":12,"skill_value":10,"skill_value_float":5,"skill_weight":7,"quality1_add":0,"quality2_add":20,"quality3_add":50,"quality4_add":100,"quality5_add":100,"quality6_add":100,"is_unique":0},{"skill_id":13,"skill_name":"人気：いいね！の極意","skill_desc":"顧客[評価]確率","career_limit":3,"skill_type":13,"skill_value":5,"skill_value_float":2,"skill_weight":7,"quality1_add":0,"quality2_add":20,"quality3_add":50,"quality4_add":100,"quality5_add":100,"quality6_add":100,"is_unique":0},{"skill_id":14,"skill_name":"蓄財＋：大富豪","skill_desc":"売上+","career_limit":3,"skill_type":14,"skill_value":10,"skill_value_float":5,"skill_weight":7,"quality1_add":0,"quality2_add":20,"quality3_add":50,"quality4_add":100,"quality5_add":100,"quality6_add":100,"is_unique":0},{"skill_id":15,"skill_name":"蓄財：名称要設定","skill_desc":"売上UP","career_limit":3,"skill_type":15,"skill_value":2,"skill_value_float":1,"skill_weight":7,"quality1_add":0,"quality2_add":20,"quality3_add":50,"quality4_add":100,"quality5_add":100,"quality6_add":100,"is_unique":0},{"skill_id":16,"skill_name":"集客：満員御礼","skill_desc":"顧客回転UP","career_limit":3,"skill_type":16,"skill_value":2,"skill_value_float":1,"skill_weight":7,"quality1_add":0,"quality2_add":20,"quality3_add":50,"quality4_add":100,"quality5_add":100,"quality6_add":100,"is_unique":0},{"skill_id":17,"skill_name":"俊足：待たせてゴメン","skill_desc":"スタッフスピードUP","career_limit":1,"skill_type":17,"skill_value":2,"skill_value_float":1,"skill_weight":7,"quality1_add":0,"quality2_add":20,"quality3_add":50,"quality4_add":100,"quality5_add":100,"quality6_add":100,"is_unique":0},{"skill_id":18,"skill_name":"俊足：お待たせハニー","skill_desc":"スタッフスピードUP","career_limit":3,"skill_type":17,"skill_value":2,"skill_value_float":1,"skill_weight":7,"quality1_add":0,"quality2_add":20,"quality3_add":50,"quality4_add":100,"quality5_add":100,"quality6_add":100,"is_unique":0},{"skill_id":19,"skill_name":"俊足：スピードスター","skill_desc":"スタッフスピードUP","career_limit":2,"skill_type":17,"skill_value":2,"skill_value_float":1,"skill_weight":6,"quality1_add":0,"quality2_add":20,"quality3_add":50,"quality4_add":100,"quality5_add":100,"quality6_add":100,"is_unique":0},{"skill_id":20,"skill_name":"俊足：もうくびったけ","skill_desc":"スタッフスピードUP","career_limit":4,"skill_type":17,"skill_value":1,"skill_value_float":0,"skill_weight":10,"quality1_add":0,"quality2_add":20,"quality3_add":50,"quality4_add":100,"quality5_add":100,"quality6_add":100,"is_unique":0},{"skill_id":21,"skill_name":"集客：満員御礼","skill_desc":"顧客生成時間-","career_limit":3,"skill_type":18,"skill_value":1,"skill_value_float":0,"skill_weight":7,"quality1_add":0,"quality2_add":20,"quality3_add":50,"quality4_add":100,"quality5_add":100,"quality6_add":100,"is_unique":0},{"skill_id":22,"skill_name":"集客＋：行列","skill_desc":"顧客生成時間","career_limit":3,"skill_type":19,"skill_value":5,"skill_value_float":2,"skill_weight":7,"quality1_add":0,"quality2_add":20,"quality3_add":50,"quality4_add":100,"quality5_add":100,"quality6_add":100,"is_unique":0},{"skill_id":23,"skill_name":"団体：みなさまどうぞ","skill_desc":"団体客出現率UP","career_limit":3,"skill_type":20,"skill_value":1,"skill_value_float":0,"skill_weight":7,"quality1_add":0,"quality2_add":20,"quality3_add":50,"quality4_add":100,"quality5_add":100,"quality6_add":100,"is_unique":0},{"skill_id":24,"skill_name":"盛付：夢色彩食","skill_desc":"料理[形]+","career_limit":2,"skill_type":21,"skill_value":10,"skill_value_float":5,"skill_weight":6,"quality1_add":0,"quality2_add":20,"quality3_add":50,"quality4_add":100,"quality5_add":100,"quality6_add":100,"is_unique":0},{"skill_id":25,"skill_name":"盛付：夢色美食","skill_desc":"料理[形]+","career_limit":2,"skill_type":22,"skill_value":2,"skill_value_float":1,"skill_weight":6,"quality1_add":0,"quality2_add":20,"quality3_add":50,"quality4_add":100,"quality5_add":100,"quality6_add":100,"is_unique":0},{"skill_id":26,"skill_name":"信頼＋：愛コンタクト","skill_desc":"スタッフ希望給与-","career_limit":1,"skill_type":23,"skill_value":2,"skill_value_float":1,"skill_weight":7,"quality1_add":0,"quality2_add":20,"quality3_add":50,"quality4_add":100,"quality5_add":100,"quality6_add":100,"is_unique":0},{"skill_id":27,"skill_name":"信頼＋：弟子入り志願","skill_desc":"スタッフ希望給与-","career_limit":3,"skill_type":23,"skill_value":2,"skill_value_float":1,"skill_weight":7,"quality1_add":0,"quality2_add":20,"quality3_add":50,"quality4_add":100,"quality5_add":100,"quality6_add":100,"is_unique":0},{"skill_id":28,"skill_name":"信頼＋：キズナの力","skill_desc":"スタッフ希望給与-","career_limit":2,"skill_type":23,"skill_value":2,"skill_value_float":1,"skill_weight":6,"quality1_add":0,"quality2_add":20,"quality3_add":50,"quality4_add":100,"quality5_add":100,"quality6_add":100,"is_unique":0},{"skill_id":29,"skill_name":"信頼＋：夢パートナー","skill_desc":"スタッフ希望給与-","career_limit":4,"skill_type":23,"skill_value":1,"skill_value_float":0,"skill_weight":10,"quality1_add":0,"quality2_add":20,"quality3_add":50,"quality4_add":100,"quality5_add":100,"quality6_add":100,"is_unique":0},{"skill_id":30,"skill_name":"信頼：力になりたい","skill_desc":"スタッフ希望給与軽減","career_limit":1,"skill_type":24,"skill_value":3,"skill_value_float":1,"skill_weight":7,"quality1_add":0,"quality2_add":20,"quality3_add":50,"quality4_add":100,"quality5_add":100,"quality6_add":100,"is_unique":0},{"skill_id":31,"skill_name":"信頼：師弟愛","skill_desc":"スタッフ希望給与軽減","career_limit":3,"skill_type":24,"skill_value":3,"skill_value_float":1,"skill_weight":15,"quality1_add":0,"quality2_add":20,"quality3_add":50,"quality4_add":100,"quality5_add":100,"quality6_add":100,"is_unique":0},{"skill_id":32,"skill_name":"信頼：フタリノキズナ","skill_desc":"スタッフ希望給与軽減","career_limit":2,"skill_type":24,"skill_value":3,"skill_value_float":1,"skill_weight":6,"quality1_add":0,"quality2_add":20,"quality3_add":50,"quality4_add":100,"quality5_add":100,"quality6_add":100,"is_unique":0},{"skill_id":33,"skill_name":"信頼：永遠パートナー","skill_desc":"スタッフ希望給与軽減","career_limit":4,"skill_type":24,"skill_value":2,"skill_value_float":1,"skill_weight":10,"quality1_add":0,"quality2_add":20,"quality3_add":50,"quality4_add":100,"quality5_add":100,"quality6_add":100,"is_unique":0},{"skill_id":34,"skill_name":"忠誠：私はペット","skill_desc":"スタッフ忠誠維持率+","career_limit":1,"skill_type":25,"skill_value":3,"skill_value_float":2,"skill_weight":5,"quality1_add":0,"quality2_add":20,"quality3_add":50,"quality4_add":100,"quality5_add":100,"quality6_add":100,"is_unique":0},{"skill_id":35,"skill_name":"忠誠：私はペット","skill_desc":"スタッフ忠誠維持率+","career_limit":3,"skill_type":25,"skill_value":3,"skill_value_float":2,"skill_weight":5,"quality1_add":0,"quality2_add":20,"quality3_add":50,"quality4_add":100,"quality5_add":100,"quality6_add":100,"is_unique":0},{"skill_id":36,"skill_name":"忠誠：私はペット","skill_desc":"スタッフ忠誠維持率+","career_limit":2,"skill_type":25,"skill_value":3,"skill_value_float":2,"skill_weight":5,"quality1_add":0,"quality2_add":20,"quality3_add":50,"quality4_add":100,"quality5_add":100,"quality6_add":100,"is_unique":0},{"skill_id":37,"skill_name":"忠誠：私はペット","skill_desc":"スタッフ忠誠維持率+","career_limit":4,"skill_type":25,"skill_value":2,"skill_value_float":1,"skill_weight":10,"quality1_add":0,"quality2_add":20,"quality3_add":50,"quality4_add":100,"quality5_add":100,"quality6_add":100,"is_unique":0},{"skill_id":38,"skill_name":"【士気】名称要設定","skill_desc":"スタッフレンタル費用+","career_limit":1,"skill_type":26,"skill_value":3,"skill_value_float":1,"skill_weight":0,"quality1_add":0,"quality2_add":20,"quality3_add":50,"quality4_add":100,"quality5_add":100,"quality6_add":100,"is_unique":0},{"skill_id":39,"skill_name":"【士気ex】名称要設定","skill_desc":"スタッフレンタル費用UP","career_limit":1,"skill_type":27,"skill_value":5,"skill_value_float":2,"skill_weight":0,"quality1_add":0,"quality2_add":20,"quality3_add":50,"quality4_add":100,"quality5_add":100,"quality6_add":100,"is_unique":0},{"skill_id":40,"skill_name":"【活躍】名称要設定","skill_desc":"スタッフレンタル売上+","career_limit":1,"skill_type":28,"skill_value":3,"skill_value_float":1,"skill_weight":0,"quality1_add":0,"quality2_add":20,"quality3_add":50,"quality4_add":100,"quality5_add":100,"quality6_add":100,"is_unique":0},{"skill_id":41,"skill_name":"【活躍ex】名称要設定","skill_desc":"スタッフレンタル売上UP","career_limit":1,"skill_type":29,"skill_value":5,"skill_value_float":2,"skill_weight":0,"quality1_add":0,"quality2_add":20,"quality3_add":50,"quality4_add":100,"quality5_add":100,"quality6_add":100,"is_unique":0},{"skill_id":42,"skill_name":"友愛：交渉上手","skill_desc":"全スタッフ希望給与-","career_limit":1,"skill_type":30,"skill_value":3,"skill_value_float":1,"skill_weight":0,"quality1_add":0,"quality2_add":20,"quality3_add":50,"quality4_add":100,"quality5_add":100,"quality6_add":100,"is_unique":0},{"skill_id":43,"skill_name":"友愛＋：素敵な職場","skill_desc":"全スタッフ希望給与軽減","career_limit":1,"skill_type":31,"skill_value":5,"skill_value_float":2,"skill_weight":0,"quality1_add":0,"quality2_add":20,"quality3_add":50,"quality4_add":100,"quality5_add":100,"quality6_add":100,"is_unique":0},{"skill_id":44,"skill_name":"忠心＋：みんなのお店","skill_desc":"全スタッフ忠誠維持率+","career_limit":1,"skill_type":32,"skill_value":1,"skill_value_float":0,"skill_weight":0,"quality1_add":0,"quality2_add":20,"quality3_add":50,"quality4_add":100,"quality5_add":100,"quality6_add":100,"is_unique":0},{"skill_id":45,"skill_name":"忠心＋：みんなのお店","skill_desc":"全スタッフ忠誠維持率+","career_limit":3,"skill_type":32,"skill_value":1,"skill_value_float":0,"skill_weight":0,"quality1_add":0,"quality2_add":20,"quality3_add":50,"quality4_add":100,"quality5_add":100,"quality6_add":100,"is_unique":0},{"skill_id":46,"skill_name":"忠心＋：みんなのお店","skill_desc":"全スタッフ忠誠維持率+","career_limit":2,"skill_type":32,"skill_value":1,"skill_value_float":0,"skill_weight":0,"quality1_add":0,"quality2_add":20,"quality3_add":50,"quality4_add":100,"quality5_add":100,"quality6_add":100,"is_unique":0},{"skill_id":47,"skill_name":"忠心＋：みんなのお店","skill_desc":"全スタッフ忠誠維持率+","career_limit":4,"skill_type":32,"skill_value":1,"skill_value_float":0,"skill_weight":0,"quality1_add":0,"quality2_add":20,"quality3_add":50,"quality4_add":100,"quality5_add":100,"quality6_add":100,"is_unique":0},{"skill_id":48,"skill_name":"鞭策：スピードゲーム","skill_desc":"全スタッフスピードUP","career_limit":1,"skill_type":33,"skill_value":1,"skill_value_float":0,"skill_weight":0,"quality1_add":0,"quality2_add":20,"quality3_add":50,"quality4_add":100,"quality5_add":100,"quality6_add":100,"is_unique":0},{"skill_id":1001,"skill_name":"信頼＋１：愛カップル","skill_desc":"スタッフ希望給与-","career_limit":0,"skill_type":23,"skill_value":1,"skill_value_float":0,"skill_weight":1,"quality1_add":0,"quality2_add":0,"quality3_add":0,"quality4_add":0,"quality5_add":0,"quality6_add":0,"is_unique":1},{"skill_id":1002,"skill_name":"信頼＋２：愛カップル","skill_desc":"スタッフ希望給与-","career_limit":0,"skill_type":23,"skill_value":2,"skill_value_float":0,"skill_weight":1,"quality1_add":0,"quality2_add":0,"quality3_add":0,"quality4_add":0,"quality5_add":0,"quality6_add":0,"is_unique":1},{"skill_id":1003,"skill_name":"信頼＋３：愛カップル","skill_desc":"スタッフ希望給与-","career_limit":0,"skill_type":23,"skill_value":3,"skill_value_float":0,"skill_weight":1,"quality1_add":0,"quality2_add":0,"quality3_add":0,"quality4_add":0,"quality5_add":0,"quality6_add":0,"is_unique":1},{"skill_id":1004,"skill_name":"信頼＋４：愛カップル","skill_desc":"スタッフ希望給与-","career_limit":0,"skill_type":23,"skill_value":4,"skill_value_float":0,"skill_weight":1,"quality1_add":0,"quality2_add":0,"quality3_add":0,"quality4_add":0,"quality5_add":0,"quality6_add":0,"is_unique":1},{"skill_id":1005,"skill_name":"信頼＋５：愛カップル","skill_desc":"スタッフ希望給与-","career_limit":0,"skill_type":23,"skill_value":5,"skill_value_float":0,"skill_weight":1,"quality1_add":0,"quality2_add":0,"quality3_add":0,"quality4_add":0,"quality5_add":0,"quality6_add":0,"is_unique":1},{"skill_id":1011,"skill_name":"统率＋１：一致団結","skill_desc":"リーダーシップ+","career_limit":0,"skill_type":1,"skill_value":100,"skill_value_float":0,"skill_weight":1,"quality1_add":0,"quality2_add":0,"quality3_add":0,"quality4_add":0,"quality5_add":0,"quality6_add":0,"is_unique":1},{"skill_id":1012,"skill_name":"统率＋２：一致団結","skill_desc":"リーダーシップ+","career_limit":0,"skill_type":1,"skill_value":150,"skill_value_float":0,"skill_weight":1,"quality1_add":0,"quality2_add":0,"quality3_add":0,"quality4_add":0,"quality5_add":0,"quality6_add":0,"is_unique":1},{"skill_id":1013,"skill_name":"统率＋３：一致団結","skill_desc":"リーダーシップ+","career_limit":0,"skill_type":1,"skill_value":200,"skill_value_float":0,"skill_weight":1,"quality1_add":0,"quality2_add":0,"quality3_add":0,"quality4_add":0,"quality5_add":0,"quality6_add":0,"is_unique":1},{"skill_id":1014,"skill_name":"统率＋４：一致団結","skill_desc":"リーダーシップ+","career_limit":0,"skill_type":1,"skill_value":250,"skill_value_float":0,"skill_weight":1,"quality1_add":0,"quality2_add":0,"quality3_add":0,"quality4_add":0,"quality5_add":0,"quality6_add":0,"is_unique":1},{"skill_id":1015,"skill_name":"统率＋５：一致団結","skill_desc":"リーダーシップ+","career_limit":0,"skill_type":1,"skill_value":300,"skill_value_float":0,"skill_weight":1,"quality1_add":0,"quality2_add":0,"quality3_add":0,"quality4_add":0,"quality5_add":0,"quality6_add":0,"is_unique":1},{"skill_id":1021,"skill_name":"彩色＋１：恋の色づき","skill_desc":"料理[色]+","career_limit":0,"skill_type":3,"skill_value":20,"skill_value_float":0,"skill_weight":1,"quality1_add":0,"quality2_add":0,"quality3_add":0,"quality4_add":0,"quality5_add":0,"quality6_add":0,"is_unique":1},{"skill_id":1022,"skill_name":"彩色＋２：恋の色づき","skill_desc":"料理[色]+","career_limit":0,"skill_type":3,"skill_value":40,"skill_value_float":0,"skill_weight":1,"quality1_add":0,"quality2_add":0,"quality3_add":0,"quality4_add":0,"quality5_add":0,"quality6_add":0,"is_unique":1},{"skill_id":1023,"skill_name":"彩色＋３：恋の色づき","skill_desc":"料理[色]+","career_limit":0,"skill_type":3,"skill_value":60,"skill_value_float":0,"skill_weight":1,"quality1_add":0,"quality2_add":0,"quality3_add":0,"quality4_add":0,"quality5_add":0,"quality6_add":0,"is_unique":1},{"skill_id":1024,"skill_name":"彩色＋４：恋の色づき","skill_desc":"料理[色]+","career_limit":0,"skill_type":3,"skill_value":80,"skill_value_float":0,"skill_weight":1,"quality1_add":0,"quality2_add":0,"quality3_add":0,"quality4_add":0,"quality5_add":0,"quality6_add":0,"is_unique":1},{"skill_id":1025,"skill_name":"彩色＋５：恋の色づき","skill_desc":"料理[色]+","career_limit":0,"skill_type":3,"skill_value":100,"skill_value_float":0,"skill_weight":1,"quality1_add":0,"quality2_add":0,"quality3_add":0,"quality4_add":0,"quality5_add":0,"quality6_add":0,"is_unique":1},{"skill_id":1031,"skill_name":"調香＋１：恋のロンド","skill_desc":"料理[香]+","career_limit":0,"skill_type":5,"skill_value":20,"skill_value_float":0,"skill_weight":1,"quality1_add":0,"quality2_add":0,"quality3_add":0,"quality4_add":0,"quality5_add":0,"quality6_add":0,"is_unique":1},{"skill_id":1032,"skill_name":"調香＋２：恋のロンド","skill_desc":"料理[香]+","career_limit":0,"skill_type":5,"skill_value":40,"skill_value_float":0,"skill_weight":1,"quality1_add":0,"quality2_add":0,"quality3_add":0,"quality4_add":0,"quality5_add":0,"quality6_add":0,"is_unique":1},{"skill_id":1033,"skill_name":"調香＋３：恋のロンド","skill_desc":"料理[香]+","career_limit":0,"skill_type":5,"skill_value":60,"skill_value_float":0,"skill_weight":1,"quality1_add":0,"quality2_add":0,"quality3_add":0,"quality4_add":0,"quality5_add":0,"quality6_add":0,"is_unique":1},{"skill_id":1034,"skill_name":"調香＋４：恋のロンド","skill_desc":"料理[香]+","career_limit":0,"skill_type":5,"skill_value":80,"skill_value_float":0,"skill_weight":1,"quality1_add":0,"quality2_add":0,"quality3_add":0,"quality4_add":0,"quality5_add":0,"quality6_add":0,"is_unique":1},{"skill_id":1035,"skill_name":"調香＋５：恋のロンド","skill_desc":"料理[香]+","career_limit":0,"skill_type":5,"skill_value":100,"skill_value_float":0,"skill_weight":1,"quality1_add":0,"quality2_add":0,"quality3_add":0,"quality4_add":0,"quality5_add":0,"quality6_add":0,"is_unique":1},{"skill_id":1041,"skill_name":"調味＋１：美食極意","skill_desc":"料理[味]+","career_limit":0,"skill_type":7,"skill_value":20,"skill_value_float":0,"skill_weight":1,"quality1_add":0,"quality2_add":0,"quality3_add":0,"quality4_add":0,"quality5_add":0,"quality6_add":0,"is_unique":1},{"skill_id":1042,"skill_name":"調味＋２：美食極意","skill_desc":"料理[味]+","career_limit":0,"skill_type":7,"skill_value":40,"skill_value_float":0,"skill_weight":1,"quality1_add":0,"quality2_add":0,"quality3_add":0,"quality4_add":0,"quality5_add":0,"quality6_add":0,"is_unique":1},{"skill_id":1043,"skill_name":"調味＋３：美食極意","skill_desc":"料理[味]+","career_limit":0,"skill_type":7,"skill_value":60,"skill_value_float":0,"skill_weight":1,"quality1_add":0,"quality2_add":0,"quality3_add":0,"quality4_add":0,"quality5_add":0,"quality6_add":0,"is_unique":1},{"skill_id":1044,"skill_name":"調味＋４：美食極意","skill_desc":"料理[味]+","career_limit":0,"skill_type":7,"skill_value":80,"skill_value_float":0,"skill_weight":1,"quality1_add":0,"quality2_add":0,"quality3_add":0,"quality4_add":0,"quality5_add":0,"quality6_add":0,"is_unique":1},{"skill_id":1045,"skill_name":"調味＋５：美食極意","skill_desc":"料理[味]+","career_limit":0,"skill_type":7,"skill_value":100,"skill_value_float":0,"skill_weight":1,"quality1_add":0,"quality2_add":0,"quality3_add":0,"quality4_add":0,"quality5_add":0,"quality6_add":0,"is_unique":1},{"skill_id":1051,"skill_name":"増量＋１：大盛無料","skill_desc":"料理[量]+","career_limit":0,"skill_type":9,"skill_value":20,"skill_value_float":0,"skill_weight":1,"quality1_add":0,"quality2_add":0,"quality3_add":0,"quality4_add":0,"quality5_add":0,"quality6_add":0,"is_unique":1},{"skill_id":1052,"skill_name":"増量＋２：大盛無料","skill_desc":"料理[量]+","career_limit":0,"skill_type":9,"skill_value":40,"skill_value_float":0,"skill_weight":1,"quality1_add":0,"quality2_add":0,"quality3_add":0,"quality4_add":0,"quality5_add":0,"quality6_add":0,"is_unique":1},{"skill_id":1053,"skill_name":"増量＋３：大盛無料","skill_desc":"料理[量]+","career_limit":0,"skill_type":9,"skill_value":60,"skill_value_float":0,"skill_weight":1,"quality1_add":0,"quality2_add":0,"quality3_add":0,"quality4_add":0,"quality5_add":0,"quality6_add":0,"is_unique":1},{"skill_id":1054,"skill_name":"増量＋４：大盛無料","skill_desc":"料理[量]+","career_limit":0,"skill_type":9,"skill_value":80,"skill_value_float":0,"skill_weight":1,"quality1_add":0,"quality2_add":0,"quality3_add":0,"quality4_add":0,"quality5_add":0,"quality6_add":0,"is_unique":1},{"skill_id":1055,"skill_name":"増量＋５：大盛無料","skill_desc":"料理[量]+","career_limit":0,"skill_type":9,"skill_value":100,"skill_value_float":0,"skill_weight":1,"quality1_add":0,"quality2_add":0,"quality3_add":0,"quality4_add":0,"quality5_add":0,"quality6_add":0,"is_unique":1},{"skill_id":1061,"skill_name":"盛付１：夢色彩食","skill_desc":"恩返し","career_limit":0,"skill_type":21,"skill_value":20,"skill_value_float":0,"skill_weight":1,"quality1_add":0,"quality2_add":0,"quality3_add":0,"quality4_add":0,"quality5_add":0,"quality6_add":0,"is_unique":1},{"skill_id":1062,"skill_name":"盛付２：夢色彩食","skill_desc":"料理[形]+","career_limit":0,"skill_type":21,"skill_value":40,"skill_value_float":0,"skill_weight":1,"quality1_add":0,"quality2_add":0,"quality3_add":0,"quality4_add":0,"quality5_add":0,"quality6_add":0,"is_unique":1},{"skill_id":1063,"skill_name":"盛付３：夢色彩食","skill_desc":"料理[形]+","career_limit":0,"skill_type":21,"skill_value":60,"skill_value_float":0,"skill_weight":1,"quality1_add":0,"quality2_add":0,"quality3_add":0,"quality4_add":0,"quality5_add":0,"quality6_add":0,"is_unique":1},{"skill_id":1064,"skill_name":"盛付４：夢色彩食","skill_desc":"料理[形]+","career_limit":0,"skill_type":21,"skill_value":80,"skill_value_float":0,"skill_weight":1,"quality1_add":0,"quality2_add":0,"quality3_add":0,"quality4_add":0,"quality5_add":0,"quality6_add":0,"is_unique":1},{"skill_id":1065,"skill_name":"盛付５：夢色彩食","skill_desc":"料理[形]+","career_limit":0,"skill_type":21,"skill_value":100,"skill_value_float":0,"skill_weight":1,"quality1_add":0,"quality2_add":0,"quality3_add":0,"quality4_add":0,"quality5_add":0,"quality6_add":0,"is_unique":1},{"skill_id":1071,"skill_name":"蓄財１：大富豪","skill_desc":"売上+","career_limit":0,"skill_type":14,"skill_value":1,"skill_value_float":0,"skill_weight":1,"quality1_add":0,"quality2_add":0,"quality3_add":0,"quality4_add":0,"quality5_add":0,"quality6_add":0,"is_unique":1},{"skill_id":1072,"skill_name":"蓄財２：大富豪","skill_desc":"売上+","career_limit":0,"skill_type":14,"skill_value":2,"skill_value_float":0,"skill_weight":1,"quality1_add":0,"quality2_add":0,"quality3_add":0,"quality4_add":0,"quality5_add":0,"quality6_add":0,"is_unique":1},{"skill_id":1073,"skill_name":"蓄財３：大富豪","skill_desc":"売上+","career_limit":0,"skill_type":14,"skill_value":3,"skill_value_float":0,"skill_weight":1,"quality1_add":0,"quality2_add":0,"quality3_add":0,"quality4_add":0,"quality5_add":0,"quality6_add":0,"is_unique":1},{"skill_id":1074,"skill_name":"蓄財４：大富豪","skill_desc":"売上+","career_limit":0,"skill_type":14,"skill_value":4,"skill_value_float":0,"skill_weight":1,"quality1_add":0,"quality2_add":0,"quality3_add":0,"quality4_add":0,"quality5_add":0,"quality6_add":0,"is_unique":1},{"skill_id":1075,"skill_name":"蓄財５：大富豪","skill_desc":"売上+","career_limit":0,"skill_type":14,"skill_value":5,"skill_value_float":0,"skill_weight":1,"quality1_add":0,"quality2_add":0,"quality3_add":0,"quality4_add":0,"quality5_add":0,"quality6_add":0,"is_unique":1},{"skill_id":1081,"skill_name":"集客１：満員御礼","skill_desc":"顧客回転UP","career_limit":0,"skill_type":16,"skill_value":1,"skill_value_float":0,"skill_weight":1,"quality1_add":0,"quality2_add":0,"quality3_add":0,"quality4_add":0,"quality5_add":0,"quality6_add":0,"is_unique":1},{"skill_id":1082,"skill_name":"集客２：満員御礼","skill_desc":"顧客回転UP","career_limit":0,"skill_type":16,"skill_value":2,"skill_value_float":0,"skill_weight":1,"quality1_add":0,"quality2_add":0,"quality3_add":0,"quality4_add":0,"quality5_add":0,"quality6_add":0,"is_unique":1},{"skill_id":1083,"skill_name":"集客３：満員御礼","skill_desc":"顧客回転UP","career_limit":0,"skill_type":16,"skill_value":3,"skill_value_float":0,"skill_weight":1,"quality1_add":0,"quality2_add":0,"quality3_add":0,"quality4_add":0,"quality5_add":0,"quality6_add":0,"is_unique":1},{"skill_id":1084,"skill_name":"集客４：満員御礼","skill_desc":"顧客回転UP","career_limit":0,"skill_type":16,"skill_value":4,"skill_value_float":0,"skill_weight":1,"quality1_add":0,"quality2_add":0,"quality3_add":0,"quality4_add":0,"quality5_add":0,"quality6_add":0,"is_unique":1},{"skill_id":1085,"skill_name":"集客５：満員御礼","skill_desc":"顧客回転UP","career_limit":0,"skill_type":16,"skill_value":5,"skill_value_float":0,"skill_weight":1,"quality1_add":0,"quality2_add":0,"quality3_add":0,"quality4_add":0,"quality5_add":0,"quality6_add":0,"is_unique":1},{"skill_id":1091,"skill_name":"忠誠１：私はペット","skill_desc":"スタッフ希望給与軽減","career_limit":0,"skill_type":25,"skill_value":1,"skill_value_float":0,"skill_weight":1,"quality1_add":0,"quality2_add":0,"quality3_add":0,"quality4_add":0,"quality5_add":0,"quality6_add":0,"is_unique":1},{"skill_id":1092,"skill_name":"忠誠２：私はペット","skill_desc":"スタッフ希望給与軽減","career_limit":0,"skill_type":25,"skill_value":2,"skill_value_float":0,"skill_weight":1,"quality1_add":0,"quality2_add":0,"quality3_add":0,"quality4_add":0,"quality5_add":0,"quality6_add":0,"is_unique":1},{"skill_id":1093,"skill_name":"忠誠３：私はペット","skill_desc":"スタッフ希望給与軽減","career_limit":0,"skill_type":25,"skill_value":3,"skill_value_float":0,"skill_weight":1,"quality1_add":0,"quality2_add":0,"quality3_add":0,"quality4_add":0,"quality5_add":0,"quality6_add":0,"is_unique":1},{"skill_id":1094,"skill_name":"忠誠４：私はペット","skill_desc":"スタッフ希望給与軽減","career_limit":0,"skill_type":25,"skill_value":4,"skill_value_float":0,"skill_weight":1,"quality1_add":0,"quality2_add":0,"quality3_add":0,"quality4_add":0,"quality5_add":0,"quality6_add":0,"is_unique":1},{"skill_id":1095,"skill_name":"忠誠５：私はペット","skill_desc":"スタッフ希望給与軽減","career_limit":0,"skill_type":25,"skill_value":5,"skill_value_float":0,"skill_weight":1,"quality1_add":0,"quality2_add":0,"quality3_add":0,"quality4_add":0,"quality5_add":0,"quality6_add":0,"is_unique":1},{"skill_id":1101,"skill_name":"俊足１：愛より早く","skill_desc":"スタッフスピードUP","career_limit":0,"skill_type":17,"skill_value":1,"skill_value_float":0,"skill_weight":1,"quality1_add":0,"quality2_add":0,"quality3_add":0,"quality4_add":0,"quality5_add":0,"quality6_add":0,"is_unique":1},{"skill_id":1102,"skill_name":"俊足２：愛より早く","skill_desc":"スタッフスピードUP","career_limit":0,"skill_type":17,"skill_value":2,"skill_value_float":0,"skill_weight":1,"quality1_add":0,"quality2_add":0,"quality3_add":0,"quality4_add":0,"quality5_add":0,"quality6_add":0,"is_unique":1},{"skill_id":1103,"skill_name":"俊足3：愛より早く","skill_desc":"スタッフスピードUP","career_limit":0,"skill_type":17,"skill_value":3,"skill_value_float":0,"skill_weight":1,"quality1_add":0,"quality2_add":0,"quality3_add":0,"quality4_add":0,"quality5_add":0,"quality6_add":0,"is_unique":1},{"skill_id":1104,"skill_name":"俊足4：愛より早く","skill_desc":"スタッフスピードUP","career_limit":0,"skill_type":17,"skill_value":4,"skill_value_float":0,"skill_weight":1,"quality1_add":0,"quality2_add":0,"quality3_add":0,"quality4_add":0,"quality5_add":0,"quality6_add":0,"is_unique":1},{"skill_id":1105,"skill_name":"俊足５：愛より早く","skill_desc":"スタッフスピードUP","career_limit":0,"skill_type":17,"skill_value":5,"skill_value_float":0,"skill_weight":1,"quality1_add":0,"quality2_add":0,"quality3_add":0,"quality4_add":0,"quality5_add":0,"quality6_add":0,"is_unique":1},{"skill_id":1114,"skill_name":"友愛：君がいるから","skill_desc":"全スタッフ希望給与-","career_limit":0,"skill_type":30,"skill_value":1,"skill_value_float":0,"skill_weight":1,"quality1_add":0,"quality2_add":0,"quality3_add":0,"quality4_add":0,"quality5_add":0,"quality6_add":0,"is_unique":1},{"skill_id":1124,"skill_name":"やる気：ほほえみ返し","skill_desc":"全スタッフ忠誠維持率+","career_limit":0,"skill_type":32,"skill_value":1,"skill_value_float":0,"skill_weight":1,"quality1_add":0,"quality2_add":0,"quality3_add":0,"quality4_add":0,"quality5_add":0,"quality6_add":0,"is_unique":1},{"skill_id":1134,"skill_name":"鞭策：強硬突破","skill_desc":"全スタッフスピードUP","career_limit":0,"skill_type":33,"skill_value":1,"skill_value_float":0,"skill_weight":1,"quality1_add":0,"quality2_add":0,"quality3_add":0,"quality4_add":0,"quality5_add":0,"quality6_add":0,"is_unique":1},{"skill_id":2001,"skill_name":"俺のために働くがいい","skill_desc":"全スタッフ希望給与軽減","career_limit":0,"skill_type":30,"skill_value":1,"skill_value_float":0,"skill_weight":1,"quality1_add":0,"quality2_add":0,"quality3_add":0,"quality4_add":0,"quality5_add":0,"quality6_add":0,"is_unique":1},{"skill_id":2002,"skill_name":"みんながんばろうね！","skill_desc":"全スタッフスピードUP","career_limit":0,"skill_type":33,"skill_value":1,"skill_value_float":0,"skill_weight":1,"quality1_add":0,"quality2_add":0,"quality3_add":0,"quality4_add":0,"quality5_add":0,"quality6_add":0,"is_unique":1},{"skill_id":2003,"skill_name":"最高の時間なのね。","skill_desc":"リーダーシップ+","career_limit":0,"skill_type":1,"skill_value":300,"skill_value_float":0,"skill_weight":1,"quality1_add":0,"quality2_add":0,"quality3_add":0,"quality4_add":0,"quality5_add":0,"quality6_add":0,"is_unique":1},{"skill_id":2004,"skill_name":"妄想ノンストップ！","skill_desc":"顧客回転UP","career_limit":0,"skill_type":16,"skill_value":5,"skill_value_float":0,"skill_weight":1,"quality1_add":0,"quality2_add":0,"quality3_add":0,"quality4_add":0,"quality5_add":0,"quality6_add":0,"is_unique":1},{"skill_id":2005,"skill_name":"販売戦略事始め","skill_desc":"売上+","career_limit":0,"skill_type":14,"skill_value":5,"skill_value_float":0,"skill_weight":1,"quality1_add":0,"quality2_add":0,"quality3_add":0,"quality4_add":0,"quality5_add":0,"quality6_add":0,"is_unique":1},{"skill_id":2006,"skill_name":"見惚れてよろしくてよ","skill_desc":"全スタッフ忠誠維持率+","career_limit":0,"skill_type":32,"skill_value":1,"skill_value_float":0,"skill_weight":1,"quality1_add":0,"quality2_add":0,"quality3_add":0,"quality4_add":0,"quality5_add":0,"quality6_add":0,"is_unique":1},{"skill_id":2007,"skill_name":"神の一皿","skill_desc":"料理[味]+","career_limit":0,"skill_type":7,"skill_value":100,"skill_value_float":0,"skill_weight":1,"quality1_add":0,"quality2_add":0,"quality3_add":0,"quality4_add":0,"quality5_add":0,"quality6_add":0,"is_unique":1},{"skill_id":2008,"skill_name":"完璧ハーモニー","skill_desc":"全スタッフ希望給与軽減","career_limit":0,"skill_type":30,"skill_value":1,"skill_value_float":0,"skill_weight":1,"quality1_add":0,"quality2_add":0,"quality3_add":0,"quality4_add":0,"quality5_add":0,"quality6_add":0,"is_unique":1},{"skill_id":2009,"skill_name":"そんなんで満足か？","skill_desc":"全スタッフ忠誠維持率+","career_limit":0,"skill_type":32,"skill_value":1,"skill_value_float":0,"skill_weight":1,"quality1_add":0,"quality2_add":0,"quality3_add":0,"quality4_add":0,"quality5_add":0,"quality6_add":0,"is_unique":1},{"skill_id":2010,"skill_name":"sweet lady","skill_desc":"料理[香]+","career_limit":0,"skill_type":5,"skill_value":100,"skill_value_float":0,"skill_weight":1,"quality1_add":0,"quality2_add":0,"quality3_add":0,"quality4_add":0,"quality5_add":0,"quality6_add":0,"is_unique":1},{"skill_id":2011,"skill_name":"は～いテキパキやる～","skill_desc":"全スタッフスピードUP","career_limit":0,"skill_type":33,"skill_value":1,"skill_value_float":0,"skill_weight":1,"quality1_add":0,"quality2_add":0,"quality3_add":0,"quality4_add":0,"quality5_add":0,"quality6_add":0,"is_unique":1},{"skill_id":2012,"skill_name":"九尾狐のあやかし絵巻","skill_desc":"顧客回転UP","career_limit":0,"skill_type":16,"skill_value":5,"skill_value_float":0,"skill_weight":1,"quality1_add":0,"quality2_add":0,"quality3_add":0,"quality4_add":0,"quality5_add":0,"quality6_add":0,"is_unique":1},{"skill_id":2013,"skill_name":"アリスちゃんランド","skill_desc":"料理[色]+","career_limit":0,"skill_type":3,"skill_value":100,"skill_value_float":0,"skill_weight":1,"quality1_add":0,"quality2_add":0,"quality3_add":0,"quality4_add":0,"quality5_add":0,"quality6_add":0,"is_unique":1},{"skill_id":2014,"skill_name":"俺様キングダム","skill_desc":"全スタッフ忠誠維持率+","career_limit":0,"skill_type":32,"skill_value":1,"skill_value_float":0,"skill_weight":1,"quality1_add":0,"quality2_add":0,"quality3_add":0,"quality4_add":0,"quality5_add":0,"quality6_add":0,"is_unique":1},{"skill_id":2015,"skill_name":"スピードスター","skill_desc":"全スタッフスピードUP","career_limit":0,"skill_type":33,"skill_value":1,"skill_value_float":0,"skill_weight":1,"quality1_add":0,"quality2_add":0,"quality3_add":0,"quality4_add":0,"quality5_add":0,"quality6_add":0,"is_unique":1},{"skill_id":2016,"skill_name":"勝負の一手","skill_desc":"リーダーシップ+","career_limit":0,"skill_type":1,"skill_value":300,"skill_value_float":0,"skill_weight":1,"quality1_add":0,"quality2_add":0,"quality3_add":0,"quality4_add":0,"quality5_add":0,"quality6_add":0,"is_unique":1},{"skill_id":2017,"skill_name":"二刀流ハンドミキサー","skill_desc":"売上+","career_limit":0,"skill_type":14,"skill_value":5,"skill_value_float":0,"skill_weight":1,"quality1_add":0,"quality2_add":0,"quality3_add":0,"quality4_add":0,"quality5_add":0,"quality6_add":0,"is_unique":1},{"skill_id":2018,"skill_name":"花言葉を君に捧ぐ","skill_desc":"料理[形]+","career_limit":0,"skill_type":21,"skill_value":100,"skill_value_float":0,"skill_weight":1,"quality1_add":0,"quality2_add":0,"quality3_add":0,"quality4_add":0,"quality5_add":0,"quality6_add":0,"is_unique":1},{"skill_id":2019,"skill_name":"百戦百勝盗みの真髄","skill_desc":"全スタッフ希望給与軽減","career_limit":0,"skill_type":30,"skill_value":2,"skill_value_float":0,"skill_weight":1,"quality1_add":0,"quality2_add":0,"quality3_add":0,"quality4_add":0,"quality5_add":0,"quality6_add":0,"is_unique":1}]