[{"theme_id":1,"theme_name":"和食·I","open_day1":1,"open_day2":14,"cuisine":1,"cuisine_add":50,"theme_menu1":20002,"theme_menu1_add":50,"theme_menu2":20007,"theme_menu3":20003,"theme_menu4":20005,"theme_menu5":20010,"sour_min":4,"sour_max":6,"sour_add":50,"sweet_min":0,"sweet_max":0,"sweet_add":0,"spicy_min":0,"spicy_max":0,"spicy_add":0,"sault_min":3,"sault_max":7,"sault_add":50,"fresh_min":0,"fresh_max":0,"fresh_add":0},{"theme_id":2,"theme_name":"和食·II","open_day1":1,"open_day2":14,"cuisine":1,"cuisine_add":50,"theme_menu1":20009,"theme_menu1_add":50,"theme_menu2":20004,"theme_menu3":20005,"theme_menu4":20006,"theme_menu5":20009,"sour_min":0,"sour_max":0,"sour_add":0,"sweet_min":4,"sweet_max":6,"sweet_add":50,"spicy_min":0,"spicy_max":0,"spicy_add":0,"sault_min":3,"sault_max":7,"sault_add":50,"fresh_min":0,"fresh_max":0,"fresh_add":0},{"theme_id":3,"theme_name":"和食·II","open_day1":1,"open_day2":14,"cuisine":1,"cuisine_add":50,"theme_menu1":20003,"theme_menu1_add":50,"theme_menu2":20005,"theme_menu3":20006,"theme_menu4":20010,"theme_menu5":20007,"sour_min":0,"sour_max":0,"sour_add":0,"sweet_min":0,"sweet_max":0,"sweet_add":0,"spicy_min":4,"spicy_max":6,"spicy_add":50,"sault_min":3,"sault_max":7,"sault_add":50,"fresh_min":0,"fresh_max":0,"fresh_add":0},{"theme_id":4,"theme_name":"和食·IV","open_day1":1,"open_day2":14,"cuisine":1,"cuisine_add":50,"theme_menu1":20006,"theme_menu1_add":50,"theme_menu2":20002,"theme_menu3":20004,"theme_menu4":20010,"theme_menu5":20009,"sour_min":4,"sour_max":6,"sour_add":50,"sweet_min":0,"sweet_max":0,"sweet_add":0,"spicy_min":0,"spicy_max":0,"spicy_add":0,"sault_min":3,"sault_max":7,"sault_add":50,"fresh_min":0,"fresh_max":0,"fresh_add":0},{"theme_id":5,"theme_name":"和食·V","open_day1":1,"open_day2":14,"cuisine":1,"cuisine_add":50,"theme_menu1":20003,"theme_menu1_add":50,"theme_menu2":20006,"theme_menu3":20009,"theme_menu4":20002,"theme_menu5":20005,"sour_min":0,"sour_max":0,"sour_add":0,"sweet_min":4,"sweet_max":6,"sweet_add":50,"spicy_min":0,"spicy_max":0,"spicy_add":0,"sault_min":3,"sault_max":7,"sault_add":50,"fresh_min":0,"fresh_max":0,"fresh_add":0},{"theme_id":6,"theme_name":"和食·VI","open_day1":1,"open_day2":14,"cuisine":1,"cuisine_add":50,"theme_menu1":20003,"theme_menu1_add":50,"theme_menu2":20010,"theme_menu3":20004,"theme_menu4":20005,"theme_menu5":20007,"sour_min":0,"sour_max":0,"sour_add":0,"sweet_min":0,"sweet_max":0,"sweet_add":0,"spicy_min":4,"spicy_max":6,"spicy_add":50,"sault_min":3,"sault_max":7,"sault_add":50,"fresh_min":0,"fresh_max":0,"fresh_add":0},{"theme_id":7,"theme_name":"和食·VII","open_day1":1,"open_day2":14,"cuisine":1,"cuisine_add":50,"theme_menu1":20007,"theme_menu1_add":50,"theme_menu2":20004,"theme_menu3":20002,"theme_menu4":20006,"theme_menu5":20010,"sour_min":4,"sour_max":6,"sour_add":50,"sweet_min":0,"sweet_max":0,"sweet_add":0,"spicy_min":0,"spicy_max":0,"spicy_add":0,"sault_min":3,"sault_max":7,"sault_add":50,"fresh_min":0,"fresh_max":0,"fresh_add":0},{"theme_id":8,"theme_name":"和食·VIII","open_day1":1,"open_day2":14,"cuisine":1,"cuisine_add":50,"theme_menu1":20004,"theme_menu1_add":50,"theme_menu2":20003,"theme_menu3":20009,"theme_menu4":20007,"theme_menu5":20002,"sour_min":0,"sour_max":0,"sour_add":0,"sweet_min":4,"sweet_max":6,"sweet_add":50,"spicy_min":0,"spicy_max":0,"spicy_add":0,"sault_min":3,"sault_max":7,"sault_add":50,"fresh_min":0,"fresh_max":0,"fresh_add":0},{"theme_id":9,"theme_name":"和食·IX","open_day1":8,"open_day2":9999,"cuisine":1,"cuisine_add":50,"theme_menu1":20001,"theme_menu1_add":50,"theme_menu2":20002,"theme_menu3":20003,"theme_menu4":20004,"theme_menu5":20005,"sour_min":0,"sour_max":0,"sour_add":0,"sweet_min":0,"sweet_max":0,"sweet_add":0,"spicy_min":4,"spicy_max":6,"spicy_add":50,"sault_min":4,"sault_max":6,"sault_add":50,"fresh_min":0,"fresh_max":0,"fresh_add":0},{"theme_id":10,"theme_name":"和食·X","open_day1":8,"open_day2":9999,"cuisine":1,"cuisine_add":50,"theme_menu1":20001,"theme_menu1_add":50,"theme_menu2":20006,"theme_menu3":20007,"theme_menu4":20009,"theme_menu5":20010,"sour_min":4,"sour_max":6,"sour_add":50,"sweet_min":0,"sweet_max":0,"sweet_add":0,"spicy_min":0,"spicy_max":0,"spicy_add":0,"sault_min":4,"sault_max":6,"sault_add":50,"fresh_min":0,"fresh_max":0,"fresh_add":0},{"theme_id":11,"theme_name":"和食·XI","open_day1":8,"open_day2":9999,"cuisine":1,"cuisine_add":50,"theme_menu1":20008,"theme_menu1_add":50,"theme_menu2":20002,"theme_menu3":20003,"theme_menu4":20004,"theme_menu5":20005,"sour_min":0,"sour_max":0,"sour_add":0,"sweet_min":4,"sweet_max":6,"sweet_add":50,"spicy_min":0,"spicy_max":0,"spicy_add":0,"sault_min":4,"sault_max":6,"sault_add":50,"fresh_min":0,"fresh_max":0,"fresh_add":0},{"theme_id":12,"theme_name":"和食·XII","open_day1":8,"open_day2":9999,"cuisine":1,"cuisine_add":50,"theme_menu1":20008,"theme_menu1_add":50,"theme_menu2":20006,"theme_menu3":20007,"theme_menu4":20009,"theme_menu5":20010,"sour_min":0,"sour_max":0,"sour_add":0,"sweet_min":0,"sweet_max":0,"sweet_add":0,"spicy_min":4,"spicy_max":6,"spicy_add":50,"sault_min":4,"sault_max":6,"sault_add":50,"fresh_min":0,"fresh_max":0,"fresh_add":0},{"theme_id":13,"theme_name":"洋食·I","open_day1":3,"open_day2":16,"cuisine":3,"cuisine_add":50,"theme_menu1":20012,"theme_menu1_add":50,"theme_menu2":20018,"theme_menu3":20014,"theme_menu4":20017,"theme_menu5":20013,"sour_min":4,"sour_max":6,"sour_add":50,"sweet_min":0,"sweet_max":0,"sweet_add":0,"spicy_min":4,"spicy_max":8,"spicy_add":50,"sault_min":0,"sault_max":0,"sault_add":0,"fresh_min":0,"fresh_max":0,"fresh_add":0},{"theme_id":14,"theme_name":"洋食·II","open_day1":3,"open_day2":16,"cuisine":3,"cuisine_add":50,"theme_menu1":20013,"theme_menu1_add":50,"theme_menu2":20012,"theme_menu3":20017,"theme_menu4":20016,"theme_menu5":20014,"sour_min":0,"sour_max":0,"sour_add":0,"sweet_min":4,"sweet_max":6,"sweet_add":50,"spicy_min":4,"spicy_max":8,"spicy_add":50,"sault_min":0,"sault_max":0,"sault_add":0,"fresh_min":0,"fresh_max":0,"fresh_add":0},{"theme_id":15,"theme_name":"洋食·II","open_day1":3,"open_day2":16,"cuisine":3,"cuisine_add":50,"theme_menu1":20016,"theme_menu1_add":50,"theme_menu2":20017,"theme_menu3":20012,"theme_menu4":20019,"theme_menu5":20020,"sour_min":0,"sour_max":0,"sour_add":0,"sweet_min":0,"sweet_max":0,"sweet_add":0,"spicy_min":4,"spicy_max":8,"spicy_add":50,"sault_min":0,"sault_max":0,"sault_add":0,"fresh_min":4,"fresh_max":6,"fresh_add":50},{"theme_id":16,"theme_name":"洋食·IV","open_day1":3,"open_day2":16,"cuisine":3,"cuisine_add":50,"theme_menu1":20018,"theme_menu1_add":50,"theme_menu2":20019,"theme_menu3":20014,"theme_menu4":20012,"theme_menu5":20016,"sour_min":4,"sour_max":6,"sour_add":50,"sweet_min":0,"sweet_max":0,"sweet_add":0,"spicy_min":4,"spicy_max":8,"spicy_add":50,"sault_min":0,"sault_max":0,"sault_add":0,"fresh_min":0,"fresh_max":0,"fresh_add":0},{"theme_id":17,"theme_name":"洋食·V","open_day1":3,"open_day2":16,"cuisine":3,"cuisine_add":50,"theme_menu1":20013,"theme_menu1_add":50,"theme_menu2":20020,"theme_menu3":20018,"theme_menu4":20019,"theme_menu5":20012,"sour_min":0,"sour_max":0,"sour_add":0,"sweet_min":4,"sweet_max":6,"sweet_add":50,"spicy_min":4,"spicy_max":8,"spicy_add":50,"sault_min":0,"sault_max":0,"sault_add":0,"fresh_min":0,"fresh_max":0,"fresh_add":0},{"theme_id":18,"theme_name":"洋食·VI","open_day1":3,"open_day2":16,"cuisine":3,"cuisine_add":50,"theme_menu1":20017,"theme_menu1_add":50,"theme_menu2":20014,"theme_menu3":20019,"theme_menu4":20016,"theme_menu5":20020,"sour_min":0,"sour_max":0,"sour_add":0,"sweet_min":0,"sweet_max":0,"sweet_add":0,"spicy_min":4,"spicy_max":8,"spicy_add":50,"sault_min":0,"sault_max":0,"sault_add":0,"fresh_min":4,"fresh_max":6,"fresh_add":50},{"theme_id":19,"theme_name":"洋食·VII","open_day1":3,"open_day2":16,"cuisine":3,"cuisine_add":50,"theme_menu1":20019,"theme_menu1_add":50,"theme_menu2":20016,"theme_menu3":20013,"theme_menu4":20018,"theme_menu5":20020,"sour_min":4,"sour_max":6,"sour_add":50,"sweet_min":0,"sweet_max":0,"sweet_add":0,"spicy_min":4,"spicy_max":8,"spicy_add":50,"sault_min":0,"sault_max":0,"sault_add":0,"fresh_min":0,"fresh_max":0,"fresh_add":0},{"theme_id":20,"theme_name":"洋食·VIII","open_day1":3,"open_day2":16,"cuisine":3,"cuisine_add":50,"theme_menu1":20017,"theme_menu1_add":50,"theme_menu2":20018,"theme_menu3":20020,"theme_menu4":20014,"theme_menu5":20013,"sour_min":0,"sour_max":0,"sour_add":0,"sweet_min":4,"sweet_max":6,"sweet_add":50,"spicy_min":4,"spicy_max":8,"spicy_add":50,"sault_min":0,"sault_max":0,"sault_add":0,"fresh_min":0,"fresh_max":0,"fresh_add":0},{"theme_id":21,"theme_name":"洋食·IX","open_day1":10,"open_day2":9999,"cuisine":3,"cuisine_add":50,"theme_menu1":20011,"theme_menu1_add":50,"theme_menu2":20012,"theme_menu3":20013,"theme_menu4":20014,"theme_menu5":20016,"sour_min":0,"sour_max":0,"sour_add":0,"sweet_min":0,"sweet_max":0,"sweet_add":0,"spicy_min":5,"spicy_max":7,"spicy_add":50,"sault_min":0,"sault_max":0,"sault_add":0,"fresh_min":4,"fresh_max":6,"fresh_add":50},{"theme_id":22,"theme_name":"洋食·X","open_day1":10,"open_day2":9999,"cuisine":3,"cuisine_add":50,"theme_menu1":20011,"theme_menu1_add":50,"theme_menu2":20017,"theme_menu3":20018,"theme_menu4":20019,"theme_menu5":20020,"sour_min":4,"sour_max":6,"sour_add":50,"sweet_min":0,"sweet_max":0,"sweet_add":0,"spicy_min":5,"spicy_max":7,"spicy_add":50,"sault_min":0,"sault_max":0,"sault_add":0,"fresh_min":0,"fresh_max":0,"fresh_add":0},{"theme_id":23,"theme_name":"洋食·XI","open_day1":10,"open_day2":9999,"cuisine":3,"cuisine_add":50,"theme_menu1":20015,"theme_menu1_add":50,"theme_menu2":20012,"theme_menu3":20013,"theme_menu4":20014,"theme_menu5":20016,"sour_min":0,"sour_max":0,"sour_add":0,"sweet_min":4,"sweet_max":6,"sweet_add":50,"spicy_min":5,"spicy_max":7,"spicy_add":50,"sault_min":0,"sault_max":0,"sault_add":0,"fresh_min":0,"fresh_max":0,"fresh_add":0},{"theme_id":24,"theme_name":"洋食·XII","open_day1":10,"open_day2":9999,"cuisine":3,"cuisine_add":50,"theme_menu1":20015,"theme_menu1_add":50,"theme_menu2":20017,"theme_menu3":20018,"theme_menu4":20019,"theme_menu5":20020,"sour_min":0,"sour_max":0,"sour_add":0,"sweet_min":0,"sweet_max":0,"sweet_add":0,"spicy_min":5,"spicy_max":7,"spicy_add":50,"sault_min":0,"sault_max":0,"sault_add":0,"fresh_min":4,"fresh_max":6,"fresh_add":50},{"theme_id":25,"theme_name":"エスニック·I","open_day1":5,"open_day2":18,"cuisine":2,"cuisine_add":50,"theme_menu1":20021,"theme_menu1_add":50,"theme_menu2":20026,"theme_menu3":20028,"theme_menu4":20022,"theme_menu5":20029,"sour_min":4,"sour_max":6,"sour_add":50,"sweet_min":0,"sweet_max":0,"sweet_add":0,"spicy_min":0,"spicy_max":0,"spicy_add":0,"sault_min":0,"sault_max":0,"sault_add":0,"fresh_min":5,"fresh_max":9,"fresh_add":50},{"theme_id":26,"theme_name":"エスニック·II","open_day1":5,"open_day2":18,"cuisine":2,"cuisine_add":50,"theme_menu1":20030,"theme_menu1_add":50,"theme_menu2":20021,"theme_menu3":20024,"theme_menu4":20023,"theme_menu5":20026,"sour_min":0,"sour_max":0,"sour_add":0,"sweet_min":4,"sweet_max":6,"sweet_add":50,"spicy_min":0,"spicy_max":0,"spicy_add":0,"sault_min":0,"sault_max":0,"sault_add":0,"fresh_min":5,"fresh_max":9,"fresh_add":50},{"theme_id":27,"theme_name":"エスニック·II","open_day1":5,"open_day2":18,"cuisine":2,"cuisine_add":50,"theme_menu1":20023,"theme_menu1_add":50,"theme_menu2":20028,"theme_menu3":20021,"theme_menu4":20024,"theme_menu5":20029,"sour_min":0,"sour_max":0,"sour_add":0,"sweet_min":0,"sweet_max":0,"sweet_add":0,"spicy_min":0,"spicy_max":0,"spicy_add":0,"sault_min":4,"sault_max":6,"sault_add":50,"fresh_min":5,"fresh_max":9,"fresh_add":50},{"theme_id":28,"theme_name":"エスニック·IV","open_day1":5,"open_day2":18,"cuisine":2,"cuisine_add":50,"theme_menu1":20022,"theme_menu1_add":50,"theme_menu2":20029,"theme_menu3":20026,"theme_menu4":20021,"theme_menu5":20030,"sour_min":4,"sour_max":6,"sour_add":50,"sweet_min":0,"sweet_max":0,"sweet_add":0,"spicy_min":0,"spicy_max":0,"spicy_add":0,"sault_min":0,"sault_max":0,"sault_add":0,"fresh_min":5,"fresh_max":9,"fresh_add":50},{"theme_id":29,"theme_name":"エスニック·V","open_day1":5,"open_day2":18,"cuisine":2,"cuisine_add":50,"theme_menu1":20028,"theme_menu1_add":50,"theme_menu2":20024,"theme_menu3":20023,"theme_menu4":20030,"theme_menu5":20021,"sour_min":0,"sour_max":0,"sour_add":0,"sweet_min":4,"sweet_max":6,"sweet_add":50,"spicy_min":0,"spicy_max":0,"spicy_add":0,"sault_min":0,"sault_max":0,"sault_add":0,"fresh_min":5,"fresh_max":9,"fresh_add":50},{"theme_id":30,"theme_name":"エスニック·VI","open_day1":5,"open_day2":18,"cuisine":2,"cuisine_add":50,"theme_menu1":20030,"theme_menu1_add":50,"theme_menu2":20023,"theme_menu3":20022,"theme_menu4":20026,"theme_menu5":20029,"sour_min":0,"sour_max":0,"sour_add":0,"sweet_min":0,"sweet_max":0,"sweet_add":0,"spicy_min":0,"spicy_max":0,"spicy_add":0,"sault_min":4,"sault_max":6,"sault_add":50,"fresh_min":5,"fresh_max":9,"fresh_add":50},{"theme_id":31,"theme_name":"エスニック·VII","open_day1":5,"open_day2":18,"cuisine":2,"cuisine_add":50,"theme_menu1":20023,"theme_menu1_add":50,"theme_menu2":20028,"theme_menu3":20026,"theme_menu4":20022,"theme_menu5":20024,"sour_min":4,"sour_max":6,"sour_add":50,"sweet_min":0,"sweet_max":0,"sweet_add":0,"spicy_min":0,"spicy_max":0,"spicy_add":0,"sault_min":0,"sault_max":0,"sault_add":0,"fresh_min":5,"fresh_max":9,"fresh_add":50},{"theme_id":32,"theme_name":"エスニック·VIII","open_day1":5,"open_day2":18,"cuisine":2,"cuisine_add":50,"theme_menu1":20024,"theme_menu1_add":50,"theme_menu2":20029,"theme_menu3":20022,"theme_menu4":20028,"theme_menu5":20030,"sour_min":0,"sour_max":0,"sour_add":0,"sweet_min":4,"sweet_max":6,"sweet_add":50,"spicy_min":0,"spicy_max":0,"spicy_add":0,"sault_min":0,"sault_max":0,"sault_add":0,"fresh_min":5,"fresh_max":9,"fresh_add":50},{"theme_id":33,"theme_name":"エスニック·IX","open_day1":12,"open_day2":9999,"cuisine":2,"cuisine_add":50,"theme_menu1":20027,"theme_menu1_add":50,"theme_menu2":20021,"theme_menu3":20022,"theme_menu4":20023,"theme_menu5":20024,"sour_min":0,"sour_max":0,"sour_add":0,"sweet_min":0,"sweet_max":0,"sweet_add":0,"spicy_min":0,"spicy_max":0,"spicy_add":0,"sault_min":4,"sault_max":6,"sault_add":50,"fresh_min":6,"fresh_max":8,"fresh_add":50},{"theme_id":34,"theme_name":"エスニック·X","open_day1":12,"open_day2":9999,"cuisine":2,"cuisine_add":50,"theme_menu1":20027,"theme_menu1_add":50,"theme_menu2":20026,"theme_menu3":20028,"theme_menu4":20029,"theme_menu5":20030,"sour_min":4,"sour_max":6,"sour_add":50,"sweet_min":0,"sweet_max":0,"sweet_add":0,"spicy_min":0,"spicy_max":0,"spicy_add":0,"sault_min":0,"sault_max":0,"sault_add":0,"fresh_min":6,"fresh_max":8,"fresh_add":50},{"theme_id":35,"theme_name":"エスニック·XI","open_day1":12,"open_day2":9999,"cuisine":2,"cuisine_add":50,"theme_menu1":20025,"theme_menu1_add":50,"theme_menu2":20021,"theme_menu3":20022,"theme_menu4":20023,"theme_menu5":20024,"sour_min":0,"sour_max":0,"sour_add":0,"sweet_min":4,"sweet_max":6,"sweet_add":50,"spicy_min":0,"spicy_max":0,"spicy_add":0,"sault_min":0,"sault_max":0,"sault_add":0,"fresh_min":6,"fresh_max":8,"fresh_add":50},{"theme_id":36,"theme_name":"エスニック·XII","open_day1":12,"open_day2":9999,"cuisine":2,"cuisine_add":50,"theme_menu1":20025,"theme_menu1_add":50,"theme_menu2":20026,"theme_menu3":20028,"theme_menu4":20029,"theme_menu5":20030,"sour_min":0,"sour_max":0,"sour_add":0,"sweet_min":0,"sweet_max":0,"sweet_add":0,"spicy_min":0,"spicy_max":0,"spicy_add":0,"sault_min":4,"sault_max":6,"sault_add":50,"fresh_min":6,"fresh_max":8,"fresh_add":50},{"theme_id":37,"theme_name":"デザート·I","open_day1":7,"open_day2":20,"cuisine":4,"cuisine_add":50,"theme_menu1":20031,"theme_menu1_add":50,"theme_menu2":20036,"theme_menu3":20033,"theme_menu4":20035,"theme_menu5":20040,"sour_min":1,"sour_max":3,"sour_add":50,"sweet_min":3,"sweet_max":7,"sweet_add":50,"spicy_min":0,"spicy_max":0,"spicy_add":0,"sault_min":0,"sault_max":0,"sault_add":0,"fresh_min":0,"fresh_max":0,"fresh_add":0},{"theme_id":38,"theme_name":"デザート·II","open_day1":7,"open_day2":20,"cuisine":4,"cuisine_add":50,"theme_menu1":20038,"theme_menu1_add":50,"theme_menu2":20031,"theme_menu3":20034,"theme_menu4":20035,"theme_menu5":20036,"sour_min":4,"sour_max":6,"sour_add":50,"sweet_min":3,"sweet_max":7,"sweet_add":50,"spicy_min":0,"spicy_max":0,"spicy_add":0,"sault_min":0,"sault_max":0,"sault_add":0,"fresh_min":0,"fresh_max":0,"fresh_add":0},{"theme_id":39,"theme_name":"デザート·II","open_day1":7,"open_day2":20,"cuisine":4,"cuisine_add":50,"theme_menu1":20032,"theme_menu1_add":50,"theme_menu2":20038,"theme_menu3":20031,"theme_menu4":20034,"theme_menu5":20038,"sour_min":7,"sour_max":9,"sour_add":50,"sweet_min":3,"sweet_max":7,"sweet_add":50,"spicy_min":0,"spicy_max":0,"spicy_add":0,"sault_min":0,"sault_max":0,"sault_add":0,"fresh_min":0,"fresh_max":0,"fresh_add":0},{"theme_id":40,"theme_name":"デザート·IV","open_day1":7,"open_day2":20,"cuisine":4,"cuisine_add":50,"theme_menu1":20040,"theme_menu1_add":50,"theme_menu2":20033,"theme_menu3":20034,"theme_menu4":20031,"theme_menu5":20032,"sour_min":1,"sour_max":3,"sour_add":50,"sweet_min":3,"sweet_max":7,"sweet_add":50,"spicy_min":0,"spicy_max":0,"spicy_add":0,"sault_min":0,"sault_max":0,"sault_add":0,"fresh_min":0,"fresh_max":0,"fresh_add":0},{"theme_id":41,"theme_name":"デザート·V","open_day1":7,"open_day2":20,"cuisine":4,"cuisine_add":50,"theme_menu1":20035,"theme_menu1_add":50,"theme_menu2":20034,"theme_menu3":20040,"theme_menu4":20036,"theme_menu5":20031,"sour_min":4,"sour_max":6,"sour_add":50,"sweet_min":3,"sweet_max":7,"sweet_add":50,"spicy_min":0,"spicy_max":0,"spicy_add":0,"sault_min":0,"sault_max":0,"sault_add":0,"fresh_min":0,"fresh_max":0,"fresh_add":0},{"theme_id":42,"theme_name":"デザート·VI","open_day1":7,"open_day2":20,"cuisine":4,"cuisine_add":50,"theme_menu1":20034,"theme_menu1_add":50,"theme_menu2":20033,"theme_menu3":20038,"theme_menu4":20032,"theme_menu5":20040,"sour_min":7,"sour_max":9,"sour_add":50,"sweet_min":3,"sweet_max":7,"sweet_add":50,"spicy_min":0,"spicy_max":0,"spicy_add":0,"sault_min":0,"sault_max":0,"sault_add":0,"fresh_min":0,"fresh_max":0,"fresh_add":0},{"theme_id":43,"theme_name":"デザート·VII","open_day1":7,"open_day2":20,"cuisine":4,"cuisine_add":50,"theme_menu1":20040,"theme_menu1_add":50,"theme_menu2":20036,"theme_menu3":20032,"theme_menu4":20033,"theme_menu5":20035,"sour_min":1,"sour_max":3,"sour_add":50,"sweet_min":3,"sweet_max":7,"sweet_add":50,"spicy_min":0,"spicy_max":0,"spicy_add":0,"sault_min":0,"sault_max":0,"sault_add":0,"fresh_min":0,"fresh_max":0,"fresh_add":0},{"theme_id":44,"theme_name":"デザート·VIII","open_day1":7,"open_day2":20,"cuisine":4,"cuisine_add":50,"theme_menu1":20033,"theme_menu1_add":50,"theme_menu2":20032,"theme_menu3":20035,"theme_menu4":20036,"theme_menu5":20038,"sour_min":4,"sour_max":6,"sour_add":50,"sweet_min":3,"sweet_max":7,"sweet_add":50,"spicy_min":0,"spicy_max":0,"spicy_add":0,"sault_min":0,"sault_max":0,"sault_add":0,"fresh_min":0,"fresh_max":0,"fresh_add":0},{"theme_id":45,"theme_name":"デザート·IX","open_day1":14,"open_day2":9999,"cuisine":4,"cuisine_add":50,"theme_menu1":20037,"theme_menu1_add":50,"theme_menu2":20031,"theme_menu3":20032,"theme_menu4":20033,"theme_menu5":20034,"sour_min":7,"sour_max":9,"sour_add":50,"sweet_min":4,"sweet_max":6,"sweet_add":50,"spicy_min":0,"spicy_max":0,"spicy_add":0,"sault_min":0,"sault_max":0,"sault_add":0,"fresh_min":0,"fresh_max":0,"fresh_add":0},{"theme_id":46,"theme_name":"デザート·X","open_day1":14,"open_day2":9999,"cuisine":4,"cuisine_add":50,"theme_menu1":20037,"theme_menu1_add":50,"theme_menu2":20035,"theme_menu3":20036,"theme_menu4":20038,"theme_menu5":20040,"sour_min":1,"sour_max":3,"sour_add":50,"sweet_min":4,"sweet_max":6,"sweet_add":50,"spicy_min":0,"spicy_max":0,"spicy_add":0,"sault_min":0,"sault_max":0,"sault_add":0,"fresh_min":0,"fresh_max":0,"fresh_add":0},{"theme_id":47,"theme_name":"デザート·XI","open_day1":14,"open_day2":9999,"cuisine":4,"cuisine_add":50,"theme_menu1":20039,"theme_menu1_add":50,"theme_menu2":20031,"theme_menu3":20032,"theme_menu4":20033,"theme_menu5":20034,"sour_min":4,"sour_max":6,"sour_add":50,"sweet_min":4,"sweet_max":6,"sweet_add":50,"spicy_min":0,"spicy_max":0,"spicy_add":0,"sault_min":0,"sault_max":0,"sault_add":0,"fresh_min":0,"fresh_max":0,"fresh_add":0},{"theme_id":48,"theme_name":"デザート·XII","open_day1":14,"open_day2":9999,"cuisine":4,"cuisine_add":50,"theme_menu1":20039,"theme_menu1_add":50,"theme_menu2":20035,"theme_menu3":20036,"theme_menu4":20038,"theme_menu5":20040,"sour_min":7,"sour_max":9,"sour_add":50,"sweet_min":4,"sweet_max":6,"sweet_add":50,"spicy_min":0,"spicy_max":0,"spicy_add":0,"sault_min":0,"sault_max":0,"sault_add":0,"fresh_min":0,"fresh_max":0,"fresh_add":0},{"theme_id":49,"theme_name":"ドリンク·I","open_day1":9,"open_day2":22,"cuisine":5,"cuisine_add":50,"theme_menu1":20041,"theme_menu1_add":50,"theme_menu2":20046,"theme_menu3":20045,"theme_menu4":20042,"theme_menu5":20047,"sour_min":1,"sour_max":3,"sour_add":50,"sweet_min":3,"sweet_max":7,"sweet_add":50,"spicy_min":0,"spicy_max":0,"spicy_add":0,"sault_min":0,"sault_max":0,"sault_add":0,"fresh_min":0,"fresh_max":0,"fresh_add":0},{"theme_id":50,"theme_name":"ドリンク·II","open_day1":9,"open_day2":22,"cuisine":5,"cuisine_add":50,"theme_menu1":20047,"theme_menu1_add":50,"theme_menu2":20041,"theme_menu3":20048,"theme_menu4":20044,"theme_menu5":20042,"sour_min":4,"sour_max":6,"sour_add":50,"sweet_min":3,"sweet_max":7,"sweet_add":50,"spicy_min":0,"spicy_max":0,"spicy_add":0,"sault_min":0,"sault_max":0,"sault_add":0,"fresh_min":0,"fresh_max":0,"fresh_add":0},{"theme_id":51,"theme_name":"ドリンク·II","open_day1":9,"open_day2":22,"cuisine":5,"cuisine_add":50,"theme_menu1":20042,"theme_menu1_add":50,"theme_menu2":20043,"theme_menu3":20041,"theme_menu4":20046,"theme_menu5":20048,"sour_min":7,"sour_max":9,"sour_add":50,"sweet_min":3,"sweet_max":7,"sweet_add":50,"spicy_min":0,"spicy_max":0,"spicy_add":0,"sault_min":0,"sault_max":0,"sault_add":0,"fresh_min":0,"fresh_max":0,"fresh_add":0},{"theme_id":52,"theme_name":"ドリンク·IV","open_day1":9,"open_day2":22,"cuisine":5,"cuisine_add":50,"theme_menu1":20048,"theme_menu1_add":50,"theme_menu2":20042,"theme_menu3":20045,"theme_menu4":20041,"theme_menu5":20046,"sour_min":1,"sour_max":3,"sour_add":50,"sweet_min":3,"sweet_max":7,"sweet_add":50,"spicy_min":0,"spicy_max":0,"spicy_add":0,"sault_min":0,"sault_max":0,"sault_add":0,"fresh_min":0,"fresh_max":0,"fresh_add":0},{"theme_id":53,"theme_name":"ドリンク·V","open_day1":9,"open_day2":22,"cuisine":5,"cuisine_add":50,"theme_menu1":20044,"theme_menu1_add":50,"theme_menu2":20047,"theme_menu3":20043,"theme_menu4":20048,"theme_menu5":20041,"sour_min":4,"sour_max":6,"sour_add":50,"sweet_min":3,"sweet_max":7,"sweet_add":50,"spicy_min":0,"spicy_max":0,"spicy_add":0,"sault_min":0,"sault_max":0,"sault_add":0,"fresh_min":0,"fresh_max":0,"fresh_add":0},{"theme_id":54,"theme_name":"ドリンク·VI","open_day1":9,"open_day2":22,"cuisine":5,"cuisine_add":50,"theme_menu1":20043,"theme_menu1_add":50,"theme_menu2":20046,"theme_menu3":20042,"theme_menu4":20044,"theme_menu5":20045,"sour_min":7,"sour_max":9,"sour_add":50,"sweet_min":3,"sweet_max":7,"sweet_add":50,"spicy_min":0,"spicy_max":0,"spicy_add":0,"sault_min":0,"sault_max":0,"sault_add":0,"fresh_min":0,"fresh_max":0,"fresh_add":0},{"theme_id":55,"theme_name":"ドリンク·VII","open_day1":9,"open_day2":22,"cuisine":5,"cuisine_add":50,"theme_menu1":20048,"theme_menu1_add":50,"theme_menu2":20044,"theme_menu3":20045,"theme_menu4":20047,"theme_menu5":20043,"sour_min":1,"sour_max":3,"sour_add":50,"sweet_min":3,"sweet_max":7,"sweet_add":50,"spicy_min":0,"spicy_max":0,"spicy_add":0,"sault_min":0,"sault_max":0,"sault_add":0,"fresh_min":0,"fresh_max":0,"fresh_add":0},{"theme_id":56,"theme_name":"ドリンク·VIII","open_day1":9,"open_day2":22,"cuisine":5,"cuisine_add":50,"theme_menu1":20045,"theme_menu1_add":50,"theme_menu2":20047,"theme_menu3":20043,"theme_menu4":20046,"theme_menu5":20044,"sour_min":4,"sour_max":6,"sour_add":50,"sweet_min":3,"sweet_max":7,"sweet_add":50,"spicy_min":0,"spicy_max":0,"spicy_add":0,"sault_min":0,"sault_max":0,"sault_add":0,"fresh_min":0,"fresh_max":0,"fresh_add":0},{"theme_id":57,"theme_name":"ドリンク·IX","open_day1":16,"open_day2":9999,"cuisine":5,"cuisine_add":50,"theme_menu1":20049,"theme_menu1_add":50,"theme_menu2":20041,"theme_menu3":20042,"theme_menu4":20043,"theme_menu5":20044,"sour_min":7,"sour_max":9,"sour_add":50,"sweet_min":4,"sweet_max":6,"sweet_add":50,"spicy_min":0,"spicy_max":0,"spicy_add":0,"sault_min":0,"sault_max":0,"sault_add":0,"fresh_min":0,"fresh_max":0,"fresh_add":0},{"theme_id":58,"theme_name":"ドリンク·X","open_day1":16,"open_day2":9999,"cuisine":5,"cuisine_add":50,"theme_menu1":20049,"theme_menu1_add":50,"theme_menu2":20045,"theme_menu3":20046,"theme_menu4":20047,"theme_menu5":20048,"sour_min":1,"sour_max":3,"sour_add":50,"sweet_min":4,"sweet_max":6,"sweet_add":50,"spicy_min":0,"spicy_max":0,"spicy_add":0,"sault_min":0,"sault_max":0,"sault_add":0,"fresh_min":0,"fresh_max":0,"fresh_add":0},{"theme_id":59,"theme_name":"ドリンク·XI","open_day1":16,"open_day2":9999,"cuisine":5,"cuisine_add":50,"theme_menu1":20050,"theme_menu1_add":50,"theme_menu2":20041,"theme_menu3":20042,"theme_menu4":20043,"theme_menu5":20044,"sour_min":4,"sour_max":6,"sour_add":50,"sweet_min":4,"sweet_max":6,"sweet_add":50,"spicy_min":0,"spicy_max":0,"spicy_add":0,"sault_min":0,"sault_max":0,"sault_add":0,"fresh_min":0,"fresh_max":0,"fresh_add":0},{"theme_id":60,"theme_name":"ドリンク·XII","open_day1":16,"open_day2":9999,"cuisine":5,"cuisine_add":50,"theme_menu1":20050,"theme_menu1_add":50,"theme_menu2":20045,"theme_menu3":20046,"theme_menu4":20047,"theme_menu5":20048,"sour_min":7,"sour_max":9,"sour_add":50,"sweet_min":4,"sweet_max":6,"sweet_add":50,"spicy_min":0,"spicy_max":0,"spicy_add":0,"sault_min":0,"sault_max":0,"sault_add":0,"fresh_min":0,"fresh_max":0,"fresh_add":0}]